create database websalud;

CREATE USER 'saludweb'@'localhost'  IDENTIFIED BY 'w@bs4lud';
CREATE USER 'saludweb'@'127.0.0.1'  IDENTIFIED BY 'w@bs4lud';
GRANT ALL PRIVILEGES  ON websalud.* TO 'saludweb'@'localhost'  
IDENTIFIED BY 'w@bs4lud';
GRANT ALL PRIVILEGES ON websalud.* TO 'saludweb'@'127.0.0.1'  
IDENTIFIED BY 'w@bs4lud';

use websalud;

-- phpMyAdmin SQL Dump
-- version 3.5.0
-- http://www.phpmyadmin.net
--
-- Servidor: localhost
-- Tiempo de generación: 25-06-2012 a las 02:36:24
-- Versión del servidor: 5.5.22
-- Versión de PHP: 5.3.11

SET SQL_MODE="NO_AUTO_VALUE_ON_ZERO";
SET time_zone = "+00:00";


/*!40101 SET @OLD_CHARACTER_SET_CLIENT=@@CHARACTER_SET_CLIENT */;
/*!40101 SET @OLD_CHARACTER_SET_RESULTS=@@CHARACTER_SET_RESULTS */;
/*!40101 SET @OLD_COLLATION_CONNECTION=@@COLLATION_CONNECTION */;
/*!40101 SET NAMES utf8 */;

--
-- Base de datos: `websalud`
--

DELIMITER $$
--
-- Funciones
--
CREATE DEFINER=`root`@`localhost` FUNCTION `asignar_cita`(pidcita int,pidpaciente int, boleta varchar(30)) RETURNS int(11)
    DETERMINISTIC
BEGIN
   DECLARE vcupo int DEFAULT 0;
   DECLARE vidcita int DEFAULT 0;
   
   select (c.cupo-
   (
    select count(*) from cita_paciente pc where pc.idcita=pidcita
    and (pc.estado=1 or pc.estado=3)
    )) as cupo_d into vcupo
    from cita c
    where c.idcita=pidcita;
    if vcupo>0 then
        
        select idcita into vidcita from cita_paciente where idcita=pidcita and idpaciente=pidpaciente;
        
        
        if vidcita<=0 then
                INSERT INTO cita_paciente
                      (idcita, 
                      idpaciente, 
                      estado,recibo_pago) 
                    VALUES 
                      (pidcita, 
                      pidpaciente, 
                      1, boleta);
        else
                UPDATE cita_paciente SET 
                  estado = 1 
                WHERE
                  idcita = pidcita AND idpaciente = pidpaciente;
        end if;
        
        return 1;    
    else
        return 0;
    
    end if;
   return 0;
END$$

CREATE DEFINER=`root`@`localhost` FUNCTION `EliminarActividad`(pidactividad int ) RETURNS int(11)
    DETERMINISTIC
BEGIN
    DECLARE done BOOLEAN DEFAULT FALSE;
    declare viddetalleact int;
    declare vidresponsable int;
    declare cant int;
    DECLARE c0 CURSOR FOR select iddetalleactividad from detalleactividad where actividadidactividad=pidactividad;
    DECLARE c1 CURSOR FOR select responsableidresponsable from responsable_actividad where actividadidactividad=pidactividad;
    DECLARE CONTINUE HANDLER FOR SQLSTATE '02000' SET done = TRUE;
    set cant=0;
            open c0;
            c0_loop: LOOP
            fetch c0 into viddetalleact;
                    IF `done` THEN LEAVE c0_loop; END IF;
                    DELETE FROM detalleactividad WHERE iddetalleactividad = viddetalleact; 
                    set cant=cant+1;
            END LOOP c0_loop;
            CLOSE c0;
            SET done = FALSE;
            open c1;
            c1_loop: LOOP
            fetch c1 into vidresponsable;
                    IF `done` THEN LEAVE c1_loop; END IF;
                    DELETE FROM responsable_actividad WHERE responsableidresponsable = vidresponsable; 
                    set cant=cant+1;
            END LOOP c1_loop;
            CLOSE c1;
            
            
             DELETE FROM actividad WHERE idactividad = pidactividad;    
    RETURN 1;
END$$

CREATE DEFINER=`root`@`localhost` FUNCTION `EliminarContenido`(pidcontenido int ) RETURNS int(11)
    DETERMINISTIC
BEGIN
        DELETE FROM contenido WHERE idcontenido=pidcontenido ;
    
    RETURN 1;
END$$

CREATE DEFINER=`root`@`localhost` FUNCTION `EliminarDetalleActividad`(pidactividad int ) RETURNS int(11)
    DETERMINISTIC
BEGIN
    DECLARE done BOOLEAN DEFAULT FALSE;
    declare viddetalleact int;
    declare cant int;
    DECLARE c0 CURSOR FOR select iddetalleactividad from detalleactividad where actividadidactividad=pidactividad;
    DECLARE CONTINUE HANDLER FOR SQLSTATE '02000' SET done = TRUE;
    set cant=0;
            open c0;
            c0_loop: LOOP
            fetch c0 into viddetalleact;
                    IF `done` THEN LEAVE c0_loop; END IF;
                    DELETE FROM detalleactividad WHERE iddetalleactividad = viddetalleact; 
                    set cant=cant+1;
            END LOOP c0_loop;
            CLOSE c0;
                
    RETURN cant;
END$$

CREATE DEFINER=`root`@`localhost` FUNCTION `EliminarEncabezado`(pidarea int,pidmultimedia int ) RETURNS int(11)
    DETERMINISTIC
BEGIN
        DELETE FROM encabezado WHERE areaidarea=pidarea and multimediaidmultimedia=pidmultimedia ;
    
    RETURN 1;
END$$

CREATE DEFINER=`root`@`localhost` FUNCTION `EliminarMenu`(pidmenu int ) RETURNS int(11)
    DETERMINISTIC
BEGIN
    DECLARE done BOOLEAN DEFAULT FALSE;
    declare eliminar int;
    declare vidcontenido int;
    declare cmenu int;
    DECLARE c0 CURSOR FOR select idcontenido from contenido where menuidmenu=pidmenu;
    DECLARE CONTINUE HANDLER FOR SQLSTATE '02000' SET done = TRUE;
   SELECT count(idmenu) INTO cmenu FROM menu where idmenu_rec is not null and idmenu=pidmenu;
    
    
    if(cmenu>0) then
            open c0;
            c0_loop: LOOP
            fetch c0 into vidcontenido;
                    IF `done` THEN LEAVE c0_loop; END IF;
                    DELETE FROM contenido WHERE idcontenido=vidcontenido ;
            END LOOP c0_loop;
            CLOSE c0;
                      
            DELETE FROM menu WHERE idmenu=pidmenu;
            set eliminar=1;
    else
            set eliminar=0;
    end if;
    
    RETURN eliminar;
END$$

CREATE DEFINER=`root`@`localhost` FUNCTION `EliminarNoticia`(pidnoticia int ) RETURNS int(11)
    DETERMINISTIC
BEGIN
    
        DELETE FROM noticia WHERE idnoticia=pidnoticia;
    
    RETURN 1;
END$$

CREATE DEFINER=`root`@`localhost` FUNCTION `estado_cita_paciente`(pidcita int,pidpaciente int) RETURNS int(11)
    DETERMINISTIC
BEGIN
   DECLARE vestado int DEFAULT -1;
   DECLARE vcupo int DEFAULT 0;
   select ifnull(estado,-1) into vestado from cita_paciente where idcita=pidcita and idpaciente = pidpaciente;
   
    if vestado = -1 then
        return 0;
    end if;
    if vestado = 0 then
        update cita_paciente set estado = 2 where idcita=pidcita and idpaciente=pidpaciente;
        return 1;
    end if;
    if vestado = 2 then
            
            
                        select (c.cupo-( select count(*) from cita_paciente pc where pc.idcita=pidcita
                        and (pc.estado=1 or pc.estado=3)
                        )) as cupo_d into vcupo
                        from cita c
                        where c.idcita=pidcita;    
                if vcupo>0 then
                        update cita_paciente set estado = 1 where idcita=pidcita and idpaciente=pidpaciente;
                        return 1;
                else
                        update cita_paciente set estado = 3 where idcita=pidcita and idpaciente=pidpaciente;
                        return 0;
                end if;
    end if;
    if vestado = 1 then
        update cita_paciente set estado = 3 where idcita=pidcita and idpaciente=pidpaciente;
        return 1;
    end if;
    if vestado = 3 then
        update cita_paciente set estado = 0 where idcita=pidcita and idpaciente=pidpaciente;
        return 1;
    end if;
END$$

CREATE DEFINER=`root`@`localhost` FUNCTION `InsertarActividadFecha`(pidactividad int,pfecha datetime,phorainicio datetime, phorafin datetime ) RETURNS int(11)
    DETERMINISTIC
BEGIN
   DECLARE idday int DEFAULT 0;
   select ifnull(max(iddetalleactividad),0) into idday from detalleactividad where fecha=pfecha and horainicio=phorainicio and horafin=phorafin and actividadidactividad=pidactividad;

if idday=0 then
    INSERT INTO detalleactividad
      (fecha, 
      horainicio, 
      horafin, 
      actividadidactividad) 
    VALUES 
      (pfecha, 
      phorainicio, 
      phorafin, 
      pidactividad);
end if;
    RETURN 1;
END$$

CREATE DEFINER=`root`@`localhost` FUNCTION `InsertarCita`(pfecha datetime,phorai datetime,phoraf datetime,pcupo INT,pestado INT, pexamen INT ) RETURNS int(11)
    DETERMINISTIC
BEGIN

    INSERT INTO cita
  (estado, 
  tipo_examen, 
  cupo, 
  fecha, 
  hora_inicio,
  hora_fin) 
VALUES 
  (pestado, 
  pexamen, 
  pcupo,
  pfecha,
  phorai,
  phoraf);

    RETURN 1;
END$$

CREATE DEFINER=`root`@`localhost` FUNCTION `Rango_cintas`(fecha_inicio DATETIME,fecha_fin DATETIME,hora_inicio DATETIME,hora_fin DATETIME, cupo INT, examen INT, estado INT, lunes INT,martes INT,miercoles INT,jueves INT, viernes INT, sabado INT,domingo INT) RETURNS int(11)
    DETERMINISTIC
BEGIN
    DECLARE mydate DATETIME;
    DECLARE mday int;
    SET mday=0;
    SET mydate = fecha_inicio;
    SET fecha_fin = date_add(fecha_fin, INTERVAL 1 DAY);
    IF fecha_inicio<=fecha_fin  then
        WHILE mydate < fecha_fin DO
            
            if (lunes=1 and DAYOFWEEK(mydate)=2) then
                
                SET mday=mday+InsertarCita(mydate,hora_inicio,hora_fin,cupo,estado , examen );
            end if;
            if (martes=1 and DAYOFWEEK(mydate)=3) then
                SET mday=mday+InsertarCita(mydate,hora_inicio,hora_fin,cupo,estado , examen );
            end if;
            if (miercoles=1 and DAYOFWEEK(mydate)=4) then
                SET mday=mday+InsertarCita(mydate,hora_inicio,hora_fin,cupo,estado , examen );
            end if;
            if (jueves=1 and DAYOFWEEK(mydate)=5) then
                SET mday=mday+InsertarCita(mydate,hora_inicio,hora_fin,cupo,estado , examen );
            end if;
            if (viernes=1 and DAYOFWEEK(mydate)=6) then
                SET mday=mday+InsertarCita(mydate,hora_inicio,hora_fin,cupo,estado , examen );
            end if;
            if (sabado=1 and DAYOFWEEK(mydate)=7) then
                SET mday=mday+InsertarCita(mydate,hora_inicio,hora_fin,cupo,estado , examen );
            end if;
            if (domingo=1 and DAYOFWEEK(mydate)=1) then
                SET mday=mday+InsertarCita(mydate,hora_inicio,hora_fin,cupo,estado , examen );
            end if;
            SET mydate = date_add(mydate, INTERVAL 1 DAY);
        END WHILE;
    end if;
       
    RETURN mday;
END$$

CREATE DEFINER=`root`@`localhost` FUNCTION `Rango_fechas`(idactividad int,fecha_inicio DATETIME,fecha_fin DATETIME,hora_inicio DATETIME,hora_fin DATETIME, lunes INT,martes INT,miercoles INT,jueves INT, viernes INT, sabado INT,domingo INT) RETURNS int(11)
    DETERMINISTIC
BEGIN
    DECLARE mydate DATETIME;
    DECLARE mday int;
    SET mday=0;
    SET mydate = fecha_inicio;
    SET fecha_fin = date_add(fecha_fin, INTERVAL 1 DAY);
    IF fecha_inicio<=fecha_fin and hora_inicio<hora_fin then
        WHILE mydate < fecha_fin DO
            
            if (lunes=1 and DAYOFWEEK(mydate)=2) then
                SET mday=mday+InsertarActividadFecha(idactividad,mydate,hora_inicio, hora_fin );
            end if;
            if (martes=1 and DAYOFWEEK(mydate)=3) then
                SET mday=mday+InsertarActividadFecha(idactividad,mydate,hora_inicio, hora_fin );
            end if;
            if (miercoles=1 and DAYOFWEEK(mydate)=4) then
                SET mday=mday+InsertarActividadFecha(idactividad,mydate,hora_inicio, hora_fin );
            end if;
            if (jueves=1 and DAYOFWEEK(mydate)=5) then
                SET mday=mday+InsertarActividadFecha(idactividad,mydate,hora_inicio, hora_fin );
            end if;
            if (viernes=1 and DAYOFWEEK(mydate)=6) then
                SET mday=mday+InsertarActividadFecha(idactividad,mydate,hora_inicio, hora_fin );
            end if;
            if (sabado=1 and DAYOFWEEK(mydate)=7) then
                SET mday=mday+InsertarActividadFecha(idactividad,mydate,hora_inicio, hora_fin );
            end if;
            if (domingo=1 and DAYOFWEEK(mydate)=1) then
                SET mday=mday+InsertarActividadFecha(idactividad,mydate,hora_inicio, hora_fin );
            end if;
            SET mydate = date_add(mydate, INTERVAL 1 DAY);
        END WHILE;
    end if;
       
    RETURN mday;
END$$

DELIMITER ;

-- --------------------------------------------------------

--
-- Estructura de tabla para la tabla `actividad`
--

CREATE TABLE IF NOT EXISTS `actividad` (
  `idactividad` int(11) NOT NULL AUTO_INCREMENT,
  `titulo` varchar(150) NOT NULL,
  `areaidarea` int(11) NOT NULL,
  `descripcion` text,
  `edificioidedificio` int(11) NOT NULL,
  `salon` varchar(100) DEFAULT NULL,
  `color` int(11) NOT NULL DEFAULT '1',
  PRIMARY KEY (`idactividad`),
  KEY `FKactividad858803` (`areaidarea`),
  KEY `FKactividad401066` (`edificioidedificio`)
) ENGINE=InnoDB  DEFAULT CHARSET=utf8 AUTO_INCREMENT=15 ;

--
-- Volcado de datos para la tabla `actividad`
--

INSERT INTO `actividad` (`idactividad`, `titulo`, `areaidarea`, `descripcion`, `edificioidedificio`, `salon`, `color`) VALUES
(1, 'Tenis de Mesa', 8, 'Inscribete y ven a aprender como jugar y los tipos de agarre.<div><br></div><div>TAMBIEN PUEDES UTILIZAR NUESTRA MESA EN TUS TIEMPOS LIBRES</div>', 1, '19', 1),
(2, 'Atletismo', 8, 'Atletismo. Diviertete corriendo.', 2, '', 1),
(3, 'Voleibol', 8, 'Entrenamiento fisico, t&eacute;cnico y t&aacute;ctico para las personas que estan inscritas en nuestro programa.<div><br></div><div>D&iacute;as martes y jueves de 11:00 a 13:00 horas</div><div>Requisitos: Pantaloneta y agua.</div>', 1, '', 1),
(4, 'Futbol', 8, '<font face=''Arial, Verdana'' size=''2''>El entrenamiento de&nbsp;F&uacute;tbol&nbsp;Sala se a implementado&nbsp;&uacute;nicamente&nbsp;el femenino y puedes inscribirte en la secci&oacute;n de deportes o enviar tus dudas a&nbsp;</font><div><font face=''Arial, Verdana'' size=''2''>us-deportes@hotmail.com</font></div>', 1, '', 1),
(5, 'Taller Deja de Fumar y Gana', 6, 'Inici&oacute; el jueves 26 de abril de 2012', 1, '302', 1),
(6, 'Cita de examen de salud y Consulta Externa', 1, '<b>Cita del Examen de Salud:</b><div style=''font-weight: normal; ''>Requisito obligatorio para el segundo a&ntilde;o de estudios, ven ped&iacute;r tu cita.</div><div style=''font-weight: normal; ''><br></div><div><b>Consulta Externa:</b></div><div style=''font-weight: normal; ''>Si necesitas consulta med&iacute;ca puedes acudir a la clinica de consulta externa.</div>', 1, 'Clinica de Consulta Externa', 1),
(7, 'TALLER: &#34;HABLAR EN P&Uacute;BLICO&#34;', 4, '<font size=''3''>Te ense&ntilde;amos una forma de estructurar una conferencia y a perder un poco esos temores con din&aacute;micas y ejercicios.</font>', 1, '302', 1),
(8, 'TALLER: &#34;DESARROLLO DE LA AUTOESTIMA&#34;', 4, 'La persona m&aacute;s valiosa eres t&uacute;, Aprende a valorarte, respetarte y amarte positivamente.', 1, '302', 1),
(9, 'TALLER: &#34;RELACIONES HUMANAS&#34;', 4, '<font size=''3''>Yo te comprendo y t&uacute; me comprendes, esa es la magia de las relaciones interpersonales saludables</font>', 1, '302', 1),
(10, 'TALLER. &#34;T&Eacute;CNICAS DE ESTUDIO&#34;', 4, '<font size=''3''>Superando fallas y obteniendo mejores resultados en tus estudios.</font>', 1, '302', 1),
(11, 'TALLER. &#34;T&Eacute;CNICAS DE ESTUDIO&#34;', 4, '<font size=''3''>Superando fallas y obteniendo mejores resultados en tus estudios.</font>', 1, '302', 1),
(12, 'Psicoterapia', 4, 'Es un proceso de conocimiento y crecimiento.<br>', 4, 'Clinicas 9, 11, 12, 13, 14 y 15', 1),
(13, 'AEROBICOS', 8, 'Modalidades: Aer&oacute;bicos coreogr&aacute;fico, tae-bo, step, pesas, colchonetas, baile latino y mucho m&aacute;s&#33;', 4, 'Frento a clinica 23', 4),
(14, 'Horario de atenci&oacute;n de odontolog&iacute;a', 2, 'Tus Dientes se ven m&aacute;s brillantes y se mantienen sanos si te cepillas despu&eacute;s de cada comida. <br><br>Sonr&iacute;e Feliz si te cepillas correctamente usa hilo dental todos los d&iacute;as y visita al dentista cada 6 meses.', 4, 'Clínica No 3', 1);

-- --------------------------------------------------------

--
-- Estructura de tabla para la tabla `ambiente_familiar`
--

CREATE TABLE IF NOT EXISTS `ambiente_familiar` (
  `idpaciente` int(20) NOT NULL,
  `descripcion` varchar(300) NOT NULL,
  PRIMARY KEY (`idpaciente`),
  KEY `FKambiente_f549692` (`idpaciente`)
) ENGINE=InnoDB DEFAULT CHARSET=utf8;

--
-- Volcado de datos para la tabla `ambiente_familiar`
--

INSERT INTO `ambiente_familiar` (`idpaciente`, `descripcion`) VALUES
(206, 'falta de comunicacion y confianza para hablar con ellos y la preocupacion de la diabetes y hiopertencion de mi mama'),
(209, 'el ambiente familiar es muy estable, con tipicas discusiones pequeñas no tan graves y la salud de todos es muy estable y normal con pequeños problemas entre veces. con un rendimiento de estudio de mis hermanos y de mi persona estables. la economia de la familia tambien es estable.'),
(225, 'Mi mama es muy buena persona se preocupa mucho por mi, siempre a estado alli cuando mas la necesito. Ademas me a sacado adelante solo ella ya que mi padre esta ausente de mi y de su responsabilidad de padre.  Vivimos en casa de mis abuelos maternos, junto con mis tias y mis primos.');

-- --------------------------------------------------------

--
-- Estructura de tabla para la tabla `anuncio`
--

CREATE TABLE IF NOT EXISTS `anuncio` (
  `idanuncio` int(11) NOT NULL AUTO_INCREMENT,
  `nombre` varchar(200) NOT NULL,
  `descripcion` varchar(300) NOT NULL,
  `contenido` text NOT NULL,
  PRIMARY KEY (`idanuncio`)
) ENGINE=InnoDB  DEFAULT CHARSET=utf8 AUTO_INCREMENT=15 ;

--
-- Volcado de datos para la tabla `anuncio`
--

INSERT INTO `anuncio` (`idanuncio`, `nombre`, `descripcion`, `contenido`) VALUES
(1, 'Instrucciones del Examen de salud', 'Al iniciar sessión los estudiantes veran esta información', '<div><font face=''Tahoma'' size=''3''><span style='''' arial,verdana;='''' font-size:='''' large;='''' text-align:='''' justify;\\=''''>Deber&aacute;s completar cada uno de los siguientes pasos, no podr&aacute;s pasar a otro segmento sin antes haber completado el anterior. </span><span style='''' arial,verdana;='''' font-size:='''' large;='''' text-align:='''' justify;\\=''''></span><br></font><ul><li style='''' justify;\\=''''><b><font verdana\\='''' #000099\\='''' arial,='''' 4\\='''' color=''\\'' face=''Tahoma'' size=''3''>Paso 1</font></b></li><ul><li style='''' justify;\\=''''><font verdana\\='''' arial,='''' 4\\='''' face=''Tahoma'' size=''3''>Datos generales <br></font></li></ul><li style='''' justify;\\=''''><font face=''Tahoma'' size=''3''><span style='''' arial,verdana;\\=''''><font #000099\\='''' 4\\='''' color=''\\''>Paso 2</font></span></font></li><ul><li style='''' justify;\\=''''><font face=''Tahoma'' size=''3''><span style='''' arial,verdana;\\=''''><font 4\\=''''><u>Se te asignar&aacute; al azar uno de dos tipo de examen que realizamos</u>, compl&eacute;talo. &nbsp; <br></font></span></font></li></ul><li style='''' justify;\\=''''><font face=''Tahoma'' size=''3''><span style='''' arial,verdana;\\=''''><font #000099\\='''' 4\\='''' color=''\\''>Paso 3</font></span></font></li><ul><li style='''' justify;\\=''''><font verdana\\='''' arial,='''' 4\\='''' face=''Tahoma'' size=''3''>&nbsp;<font #ff0000\\='''' color=''\\''>Imprime tus resultados. <br></font></font></li><li style='''' justify;\\=''''><font verdana\\='''' arial,='''' 4\\='''' face=''Tahoma'' size=''3''>En la parte inferior te aparecer&aacute;n varias fechas, selecciona la opci&oacute;n mas adecuada para asistir&nbsp; a la segunda parte del examen, imprime la cita.&nbsp;</font></li></ul></ul><font verdana\\='''' arial,='''' 4\\='''' face=''Tahoma'' size=''3''>Presiona <b><font color=''#ff0000''>SIGUIENTE</font></b> para continuar<br></font></div>'),
(2, 'Instrucciones Autoevaluacion', 'Al tocarle autoevaluación los estudiantes veran esta información', '<font size=''4''>Deber&aacute;s responder este cuestionario sobre aspectos medicos, psicol&oacute;gicos y odontol&oacute;gicos. Al finalizar descarga e imprime los resultados y la cita con la fecha para asistir a la segunda parte. </font><br>'),
(3, 'Instrucciones Multifásico', 'Al tocarle multifásico los estudiantes veran esta información', '<font size=''4''>Este es un examen de Salud integral, en este momento completar&aacute;s un cuestionario&nbsp; sobre aspectos medicos, psicol&oacute;gicos y odontol&oacute;gicos. <br>Selecciona con el mouse el aspecto <b>CABEZA </b>del segmento de medicina y contin&uacute;a de esa manera.<br></font><br>'),
(4, 'Instrucciones Resultados AutoEvaluacion', 'Al finalizar sus examen ellos veran esta información', '<font size=''4''>Descarga e imprime tus resultados con sus respectivas interpretaciones y recomendaciones.<br><br>Ll&eacute;valo junto con tu cita y recibo de pago a la segunda parte de tu examen.<br><br></font>'),
(5, 'Instrucciones Dash de Multifásico', 'Al finalizar su examen podran visualizar esta información', '<b><font size=''4''>Imprime&nbsp; el cuestinario de salud.&nbsp; Si tienes problemas para completar el proceso ven a la Unidad de Salud te ayudaremos a resolverlo. Presiona <font color=''#ff0000''>siguiente</font> para asignarte fecha de examen<br></font></b><div style=''font-size: 10pt;''>&nbsp;</div>'),
(6, 'Instrucciones de Citas AutoEvaluacion', 'Impresión e instrucciones de sus citas', 'Esta Unidad te asigna la fecha para realizar tu examen de salud el cual consiste en una charla multidisiplinaria relacionada con aspectosde salud del cuestionario que has completado. Deber&aacute;s asitir al Edificio de Bienestar Estudiantil, tercer nivel.<br><br>Este examen es OBLIGATORIO, raz&oacute;n por la cual es importante que te presente el d&iacute;a establecido. Cumple con los requis&iacute;tos de la cita.<br> <br>De no poder asistir, acude a la Unidad de Salud para solicitar cambio de fecha.<br><br>'),
(7, 'Instrucciones no hay Citas', 'De no haber citas, informar pasos a seguir', '<div><font face=''Arial, Verdana'' size=''4''><br></font></div><font face=''Arial, Verdana'' size=''4''><div><font face=''Arial, Verdana'' size=''4''>PR&Oacute;XIMAMENTE PODR&Aacute;S COMPLETAR LA PRIMERA PARTE DEL EXAMEN DE SALUD Y ASIGNARTE LA CITA DESDE ESTE PORTAL.<br><br></font></div>&nbsp;</font>'),
(8, 'Instrucciones de Citas Multifasico', 'Impresión e instrucciones de citas multifasico', '<div style=''text-align: justify;''>Esta Unidad te asigna la fecha para realizar el examen de salud, deber&aacute;s presentanrte en el Edificio de Bienestar Estudiantil, tercer nivel.</div><div style=''text-align: justify;''><br></div><div style=''text-align: justify;''>Este examen es OBLIGATORIO, raz&oacute;n por la cual es importante que te presente sel d&iacute;a de establecido. Favor asistir en las condiciones indicadas en la&nbsp; cita que deber&aacute;s imprimir.</div><div style=''font-size: 10pt;''>&nbsp;</div><div>De no poder asistir a tu cita, presentate a la Unidad de Salud para pedir otra fecha.</div>'),
(9, 'Instruccion de examen de salud extraordinario', 'Instrucciones para el efectuar el pago extraordinario', '<font 4\\='''' \\='''' size=''\\''><b>PASOS PARA GENERAR BOLETA DE PAGO DE EXAMEN DE SALUD 2012</b></font><br><br><ul><li>Ingresa a la PAGINA <a href=''http://estudiante.usac.edu.gt/pagousac/faces/menu/sgi_inicio.jsp''>GESTOR DE PAGOS</a></li><li>Ingresa tu USUARIO (No. de Carn&eacute;) Y PASSWORD (No sabes tu pin recup&eacute;ralo en <a href=''http://rye.usac.edu.gt/index.php''>click aqu&iacute;</a>)</li><li>Selecciona examen de salud 2012</li><li>Agregar pago</li><li>Generar orden de pago</li><li>PAGAR EN BANRURAL O G&amp;T&nbsp;</li></ul>'),
(10, 'Instruccion cita asignada', 'El estudiante ha creado su cita, o ya tenia asignada una', '<div style=''font-size: 10pt;''><span style=''font-size: large;''>IMPRIME TU CITA. DEBES PRESENTARLA EL DIA ASIGNADO.<br>S&Iacute; TU EXAMEN ES EXTEMPOR&Aacute;NEO, LLEVA LA BOLETA DE PAGO.<br>Si tienes problemas para generar tu cita, consulta personalmente con la secretarias de recepci&oacute;n de Unidad de Salud<br></span></div><div style=''font-size: 10pt;''><span style=''font-size: large;''><br></span></div><div><font size=''4''>SI NO TE PRESENTAS AL EXAMEN, DEBER&Aacute;S ACUDIR A LA UNIDAD DE SALUD PARA ASIGNARTE NUEVA FECHA.</font></div>'),
(11, 'Imprimir en la unidad de salud ', 'Mensaje que se activida, al configurar que solo se imprimen las secretarias', 'VE A LA UNIDAD DE SALUD PARA IMPRIMIR TUS RESULTADOS'),
(12, 'Anuncio por correo de citas', 'Mensaje de Cita de Salud', '<b>Examen de Salud<br></b><br>Fecha para tu examen de salud, por favor informar a sus compa&ntilde;eros universitarios de primer a&ntilde;o sobre esta evaluaci&oacute;n en salud, para que se efect&uacute;en el examen.<br><div><br></div><div>* En caso de no tener asignada esta cita omite este mensaje, asiste a la Unidad de Salud para pedir tu CITA y as&iacute; obtener tu tarjeta de salud.</div><div><br></div><div>PARA CONOCER LAS ACTIVIDADES QUE REALIZA LA UNIDAD DE SALUD TE INVITAMOS A VISITAR NUESTRA PAGINA.</div><div><br></div><div><a href=''http://usalud.usac.edu.gt/''>http://usalud.usac.edu.gt/</a></div>'),
(13, 'Grupo Familiar', 'Instrucciones de Grupo Familiar', '<font size=''3''>Puedes anotar uno &oacute; m&aacute;s familiares con los que tu vivas, los campos de parentesco, edad, g&eacute;nero y salud SON OBLIGATORIOS.<br></font><br>'),
(14, 'Ambiente Familiar', 'Instruciones del Ambiente Familiar', '(Escriba los datos más importantes de su familia o de otras personas que vivan con usted, así como los problemas en su hogar: económicos, familiares, de salud o de otra índole, especialmente aquellos que incidan en su salud o su rendimiento estudiantil).');

-- --------------------------------------------------------

--
-- Estructura de tabla para la tabla `area`
--

CREATE TABLE IF NOT EXISTS `area` (
  `idarea` int(11) NOT NULL AUTO_INCREMENT,
  `nombre` varchar(60) NOT NULL,
  `areaidarea` int(11) DEFAULT NULL,
  `descripcion` text,
  `size` int(11) NOT NULL DEFAULT '3' COMMENT '0-> sin texto, 1 -> pequeño , 2 -> mediano, 3 -> Grande',
  `multimediaidmultimedia` int(11) DEFAULT NULL,
  `html_adicional` text,
  `descripcion_imagen` varchar(100) DEFAULT NULL,
  `palabras_buscador` varchar(300) DEFAULT NULL,
  `descripcion_buscador` varchar(400) DEFAULT NULL,
  PRIMARY KEY (`idarea`),
  KEY `FKarea245370` (`areaidarea`),
  KEY `FKarea432514` (`multimediaidmultimedia`)
) ENGINE=InnoDB  DEFAULT CHARSET=utf8 AUTO_INCREMENT=10 ;

--
-- Volcado de datos para la tabla `area`
--

INSERT INTO `area` (`idarea`, `nombre`, `areaidarea`, `descripcion`, `size`, `multimediaidmultimedia`, `html_adicional`, `descripcion_imagen`, `palabras_buscador`, `descripcion_buscador`) VALUES
(1, 'Unidad de Salud', NULL, '<div style=''font-size: 10pt; text-align: right; '' align=''center''><font size=''2''>Universidad de San Carlos de Guatemala</font></div><div align=''center''><font size=''5''><br></font></div><div align=''center'' style=''font-size: 10pt; ''><font><font><font size=''5''><b>Unidad de Salud</b></font><br><font size=''2''>Bienestar Estudiantil<br>Direcci&oacute;n General de&nbsp;</font><font face=''Arial, Verdana'' size=''2''>Docencia</font></font><br></font></div>', 1, 57, NULL, 'Directores y Jefes de Unidad de Salud del a&ntilde;o 1972 al a&ntilde;o 2007', 'USAC, Salud, Unidad, unidad de salud, medicina, deportes, Voluntariado, examen, examen salud', 'Division de Bienestar EstudiantiL, USAC. Dentro de las actividades de servicio, se encuentra la realizacion del examen obligatorio de salud a todos los estudiantes de primer ingreso.'),
(2, 'Odontología', NULL, '<div style=''text-align: justify;''><span style=''font-size: large; ''>Forma parte de la Unidad de Salud prestando servicios a la comunidad universitaria a precios econ&oacute;micos.</span></div><font size=''4''><br><b>SERVICIOS:</b><br></font><div><ul><li style=''text-align: justify;''><span style=''font-size: large; ''>Atenci&oacute;n de urgencias</span></li><li style=''text-align: justify;''><span style=''font-size: large; ''>Limpieza dental</span></li><li style=''text-align: justify;''><span style=''font-size: large; ''>Aplicaci&oacute;n de fl&uacute;or</span></li><li style=''text-align: justify;''><span style=''font-size: large; ''>Obturaciones de amalgama (rellenos met&aacute;licos en molares)</span></li><li style=''text-align: justify;''><span style=''font-size: large; ''>Obturaciones de resina (rellenos blancos solo en dientes anteriores)</span></li><li style=''text-align: justify;''><span style=''font-size: large; ''>Tratamiento pulpares (dientes anteriores &uacute;nicamente)</span></li><li style=''text-align: justify;''><span style=''font-size: large; ''>Extracci&oacute;n dentales (no cordales)</span></li></ul><font size=''4''><br><b>ACTIVIDADES:<br></b><br></font><div><ul><li style=''text-align: justify;''><span style=''font-size: large; ''>Dar consulta externa.</span></li><li style=''text-align: justify;''><span style=''font-size: large; ''>Llevar registro y control de pacientes y casos.</span></li><li style=''text-align: justify;''><span style=''font-size: large; ''>Impartir talleres informativos de su especialidad a estudiantes universitarios</span></li></ul></div></div>', 4, NULL, NULL, '', 'odontologia, USAC, Salud, Unidad, unidad de salud, medicina, deportes, Voluntariado, examen, examen salud', 'Forma parte de la Unidad de Salud prestando servicios a la comunidad universitaria a precios econ&oacute;micos, dentro de la unidad de salud prestando: Atenci&oacute;n de urgencias, Limpieza dental, Aplicaci&oacute;n de fl&uacute;or, Obturaciones de amalgama, Obturaciones de resina, Tratamiento pulpares, Extracci&oacute;n dentales'),
(3, 'Laboratorio Clínico', NULL, '<div align=''justify''><font size=''4''>Desde su fundaci&oacute;n la Unidad de salud cuenta entre sus ''&Aacute;reas'' de trabajo con el Laboratorio cl&iacute;nico, el que actualmente est&aacute; atendiendo por dos Qu&iacute;micas Bi&oacute;logas, una en calidad de Jefe y la otra como Profesora Auxiliar. Ambas profesionales forman parte del personal docente de dicha Unidad.<br><br>Se desempe&ntilde;a tambi&eacute;n en este laboratorio, estudiantes de Qu&iacute;mica Biol&oacute;gica de la Facultad de Ciencias Qu&iacute;micas y Farmacias, quienes durante un per&iacute;odo de doce semanas desarrollan actividades catalogadas como experiencias docentes la comunidad EDC.<br><br>El programa de estudios y pr&aacute;cticas de dichos estudiantes fue aprobado en 1981, por una comisi&oacute;n bipartita adoc, integrada por representantes de la Facultad de Ciencias Qu&iacute;micas y Farmacia y de la Unidad de Salud, y cada a&ntilde;o se adecua a las necesidades del momento.<br><br>Este laboratorio coadyuva al diagn&oacute;stico cl&iacute;nico de las personas que se atienden en la Unidad de Salud, mediante el examen mutif&aacute;sico, as&iacute; como tambi&eacute;n de quienes son referidas de la consulta externa por el m&eacute;dico de guardia.<br><br>Los datos obtenidos de los ex&aacute;menes de laboratorio realizados, se registran ordenadamente y un an&aacute;lisis retrospectivo de los mismos permite efectuar una caracterizaci&oacute;n de la poblaci&oacute;n atendida cada a&ntilde;o, as&iacute; como establecer cada uno de los ''Parametros'' que son de utilidad para proponer nuevos objetivos en el futuro.<br><br>CONTENIDO:</font><br><font size=''4''><br>1.&nbsp; Examen multif&aacute;sico</font><blockquote><ul><li><font size=''4''>Rutina de comproparasitolog&iacute;a</font></li></ul></blockquote><blockquote><blockquote><blockquote><font size=''4''>- Examen macrosc&oacute;pico de heces fecales</font><br></blockquote></blockquote></blockquote><blockquote><blockquote><blockquote><font size=''4''>- Examen microsc&oacute;pico de heces fecales</font><br></blockquote></blockquote></blockquote><blockquote><ul><li><font size=''4''>Rutina de Urian&aacute;lisis</font></li></ul></blockquote><blockquote><blockquote><blockquote><font size=''4''>- Examen macrosc&oacute;pico de orina</font><br></blockquote></blockquote></blockquote><blockquote><blockquote><blockquote><font size=''4''>- Examen microsc&oacute;pico de sedimento urinario</font><font size=''4''><br></font></blockquote></blockquote><ul><li><font size=''4''>Examen rutinario de hematolog&iacute;a</font></li></ul></blockquote><blockquote><blockquote><blockquote><font size=''4''>- Recuento leucocitario</font><br></blockquote></blockquote></blockquote><blockquote><blockquote><blockquote><font size=''4''>- F&oacute;rmula leucocitaria</font><br></blockquote></blockquote></blockquote><blockquote><blockquote><blockquote><font size=''4''>- Velocidad de eritrosedimentaci&oacute;n</font><br></blockquote></blockquote></blockquote><blockquote><ul><li><font size=''4''>VDRL</font></li></ul></blockquote><font size=''4''>2.&nbsp; Consulta Externa</font><br><ul><li><font size=''4''>Rutina de Coproparasitolog&iacute;a</font></li></ul><ul><li><font size=''4''>Rutina de Urian&aacute;lisis</font></li></ul><ul><li><font size=''4''>Examen rutinario de hematolog&iacute;a</font></li></ul><ul><li><font size=''4''>VDRL</font></li></ul><ul><li><font size=''4''>Hematocrito y Hemoglobina</font></li></ul><ul><li><font size=''4''>Tiempo de Coagulaci&oacute;n y Sangr&iacute;a</font></li></ul><ul><li><font size=''4''>Gota gruesa</font></li></ul><ul><li><font size=''4''>Frotis perif&eacute;rico</font></li></ul><ul><li><font size=''4''>Campo oscuro</font></li></ul><ul><li><font size=''4''>Prueba de Gram</font></li></ul><ul><li><font size=''4''>Prueba de Graham</font></li></ul><ul><li><font size=''4''>Investigaci&oacute;n directa de hongos</font></li></ul><ul><li><font size=''4''>Investigaci&oacute;n en fresco de tricomonas</font></li></ul><ul><li><font size=''4''>Pruebas bioqu&iacute;micas (colesterol, &aacute;cido &uacute;rico, glucosa, creatinina, otras)</font></li></ul></div>', 4, NULL, NULL, '', 'USAC, Salud, Unidad, unidad de salud, medicina, deportes, Voluntariado, examen, examen salud, usalud', 'Este laboratorio coadyuva al diagn&oacute;stico cl&iacute;nico de las personas que se atienden en la Unidad de Salud, mediante el examen mutif&aacute;sico, as&iacute; como tambi&eacute;n de quienes son referidas de la consulta externa por el m&eacute;dico de guardia.'),
(4, 'Psicología', NULL, '<div align=''justify''><font size=''4''><br>El &aacute;rea de psicolog&iacute;a de la Unidad de Salud, es una de las cuatro &aacute;reas que conforman la Unidad de Salud de la Divisi&oacute;n de Bienestar Estudiantil Universitario.</font><br><font size=''4''><br><b>La Filosof&iacute;a de trabajo bajo la cual funciona es la siguiente:</b></font><b><br></b><font size=''4''><br>''Cumplir con los prop&oacute;sitos de creaci&oacute;n de la Divisi&oacute;n de Bienestar Estudiantil Universitario y espec&iacute;ficamente de la Unidad de Salud, basados en los siguientes valores: Calidad, Eficiencia, Lealtad y Respeto''</font><br><font size=''4''><br><b>Habi&eacute;ndose establecido como Visi&oacute;n:</b></font><b><br></b><font size=''4''><br>''Ser el &Aacute;rea que busca promover la salud mental del estudiante universitario, a trav&eacute;s de la educaci&oacute;n, promoci&oacute;n y prevenci&oacute;n, en alianza con otras disciplinas afines y d&aacute;ndole cumplimiento a los objetivos y prop&oacute;sitos, misi&oacute;n y visi&oacute;n de la Unidad de Salud con flexibilidad a cambios positivos''</font><br><font size=''4''><br><b>Misi&oacute;n:</b></font><b><br></b><font size=''4''><br>''Participar en la promoci&oacute;n de la salud integral del estudiante universitario y formaci&oacute;n de estudiantes practicantes por medio de la docencia, investigaci&oacute;n, extensi&oacute;n y administraci&oacute;n con programas cient&iacute;ficos, &eacute;ticos, pragm&aacute;ticos y human&iacute;sticos''</font><br><br></div><br>', 4, NULL, NULL, ' ', 'USAC, Salud, Unidad, unidad de salud, medicina, deportes, Voluntariado, examen, examen salud', 'Divisi&oacute;n de Bienestar EstudiantiL, USAC. Dentro de las actividades de servicio, se encuentra la realizaci&oacute;n del examen obligatorio de salud a todos los estudiantes de primer ingreso.'),
(5, 'Medicina', NULL, '<div align=\\''justify\\''><font size=\\''4\\''>El &aacute;rea de medicina forma parte del equipo multiprofesional de la salud que tiene como objetivos preservar la salud de los estudiantes y promover estilos de vida saludable, especialmente en j&oacute;venes con mayores probabilidad de desarrollar enfermedades cr&oacute;nico degenerativas, especialmente diabetes tipo 2, hipertensi&oacute;n arterial y secundariamente problemas micro o macro circulatorios.</font><br><br><font size=\\''4\\''>El primer contacto con los estudiantes es a trav&eacute;s del examen de salud, el cual por mandato del Consejo Superior Universitario,&nbsp; se realiza a todos los estudiantes que ingresan a nuestra Universidad&nbsp; y es un requisito para reinscribirse el siguiente a&ntilde;o.</font><br><font size=\\''4\\''>Al 20% de todos los estudiantes se les efect&uacute;a un examen cl&iacute;nico, realizando nuestra &aacute;rea, las siguientes evaluaciones:</font><br><br><font size=\\''4\\''>Signos vitales.</font><br><br><font size=\\''4\\''>Agudeza Visual lejana y cercana por medio de un visor electr&oacute;nico.</font><br><br><font size=\\''4\\''>Evaluaciones antropom&eacute;tricas: Peso, Talla, IMC, cintura abdominal, pliegues cut&aacute;neos.<br>Evaluaci&oacute;n de riesgo para Diabetes tipo 2 y eventos cardiovarculares seg&uacute;n criterios establecidos por OMS y la Federaci&oacute;n Internacional de Diabetes.</font><br><font size=\\''4\\''>Determinaci&oacute;n de la condici&oacute;n f&iacute;sica utilizando la Grada de Harvard&nbsp; 35-40, en donde se utilizan dos escalones, uno de 35 cent&iacute;metros para las mujeres y el otro de 40 cent&iacute;metros para los hombres. </font><br><font size=\\''4\\''></font><font size=\\''4\\''>Evaluaci&oacute;n de conductos auditivos.<br>Todo estudiante con presencia de problemas de salud&nbsp; se le da seguimiento en la consulta externa. <br></font></div>', 4, NULL, NULL, ' ', 'USAC, Salud, Unidad, unidad de salud, medicina, deportes, Voluntariado, examen, examen salud', 'Divisi&oacute;n de Bienestar EstudiantiL, USAC. Dentro de las actividades de servicio, se encuentra la realizaci&oacute;n del examen obligatorio de salud a todos los estudiantes de primer ingreso.'),
(6, 'PPIVS', 5, '<div style=''text-align: center; ''><font size=''5'' color=''#000099''>Programa Preventivo y de</font></div><div style=''text-align: center; ''><font size=''5'' color=''#000099''>Intervenci&oacute;n en Vida Saludable</font></div><div style=''text-align: justify;''><font face=''Arial, Verdana''><br></font></div><font face=''Arial, Verdana''><div style=''text-align: justify;''>Es el programa de la Unidad de Salud, que se dedica a promover en los estudiantes universitarios y en la comunidad san carlista un estilo de vida saludable, facilitando el acceso a la informaci&oacute;n y fomentando su pr&aacute;ctica de manera integral.</div></font><div style=''text-align: justify;''><br></div><font face=''Arial, Verdana''><div style=''text-align: justify;''><font color=''#000099'' size=''5''>Misi&oacute;n:</font></div></font><div style=''text-align: justify;''><br></div><font face=''Arial, Verdana''><div style=''text-align: justify;''>Contribuir a la promoci&oacute;n de la salud del estudiante de la Universidad de San Carlos de Guatemala, como un programa integral productivo, confiable, efectivo y motivador.</div></font><div style=''text-align: justify;''><br></div><div style=''text-align: justify;''><br></div><font face=''Arial, Verdana''><div style=''text-align: justify;''><font size=''5'' color=''#000099''>Visi&oacute;n:</font></div></font><div style=''text-align: justify;''><br></div><font face=''Arial, Verdana''><div style=''text-align: justify;''>Ser un programa de excelencia a nivel universitario internacional por su experiencia profesional y confiable que genere educaci&oacute;n y promoci&oacute;n de la salud integral en los estudiantes de la Universidad de San Carlos de Guatemala, principalmente a trav&eacute;s de acciones de prevenci&oacute;n.</div></font>', 4, NULL, '<div class="prezi-player"><style type="text/css" media="screen">.prezi-player { width: 550px; } .prezi-player-links { text-align: center; }</style><object id="prezi_uwyqlwiivg7v" name="prezi_uwyqlwiivg7v" classid="clsid:D27CDB6E-AE6D-11cf-96B8-444553540000" width="550" height="400"><param name="movie" value="http://prezi.com/bin/preziloader.swf"/><param name="allowfullscreen" value="true"/><param name="allowscriptaccess" value="always"/><param name="bgcolor" value="#ffffff"/><param name="flashvars" value="prezi_id=uwyqlwiivg7v&amp;lock_to_path=0&amp;color=ffffff&amp;autoplay=no&amp;autohide_ctrls=0"/><embed id="preziEmbed_uwyqlwiivg7v" name="preziEmbed_uwyqlwiivg7v" src="http://prezi.com/bin/preziloader.swf" type="application/x-shockwave-flash" allowfullscreen="true" allowscriptaccess="always" width="550" height="400" bgcolor="#ffffff" flashvars="prezi_id=uwyqlwiivg7v&amp;lock_to_path=0&amp;color=ffffff&amp;autoplay=no&amp;autohide_ctrls=0"></embed></object><div class="prezi-player-links"><p><a title="Presentación del PIVS" href="http://prezi.com/uwyqlwiivg7v/presentacion-del-pivs/">Presentación del PIVS</a> on <a href="http://prezi.com">Prezi</a></p></div></div>', '', 'PPIVS, USAC, Salud, Unidad, unidad de salud, medicina, deportes, Voluntariado, examen, examen salud', 'PPIVS programa que promueve estilos de vida saludable con la comunidad sancarlista.  Entre sus ejes tem&aacute;ticos est&aacute;n: Nutrici&oacute;n, Actividad F&iacute;sica, Sexualidad y Adicciones.  Brinda pre y post consejer&iacute;a en VIH, realiza actividades l&uacute;dicas, deportivas y culturales.'),
(7, 'Nutrición', 5, '<div align=\\''center\\''><div style=\\''text-align: justify;\\''><div align=\\''center\\''><font><font size=\\''5\\''>CONSULTA EXTERNA NUTRICI&Oacute;NAL</font></font><br></div><div align=\\''center\\''><font><font size=\\''5\\''>&nbsp;&Aacute;REA  M&Eacute;DICA</font></font><br></div>   <div align=\\''center\\''><font style=\\''font-size: 10pt;\\'' size=\\''4\\''><font size=\\''5\\''>(ESTUDIANTES Y  TRABAJADORES DE USAC)</font></font><br></div>  <font style=\\''font-size: 10pt;\\'' size=\\''4\\''><br> </font></div><div style=\\''text-align: justify;\\''>Atenci&oacute;n Nutricional  en el &aacute;rea de diet&eacute;tica a estudiantes, personal administrativo y de servicio de la USAC y en algunos casos  cortes&iacute;as, aprobados &uacute;nicamente por el jefe de &aacute;rea medica, Dr. Roderico Guerra. Consulta externa a estudiantes y  personal de la USAC de Lunes a Viernes de 10:00 a las 15:30 hrs. Apoyo en el examen multif&aacute;sico que se lleva a cabo los d&iacute;as lunes, martes y jueves de 8:00 a 10:30 hrs.</div><div style=\\''text-align: justify;\\''><br></div><div style=\\''text-align: justify;\\''>Apoyo multidiciplinario al area de medicina preventiva.</div></div><div align=\\''center\\''><font><font size=\\''5\\''>&nbsp;</font></font><br></div><font style=\\''font-size: 10pt;\\'' size=\\''4\\''>Horario de atenci&oacute;n<br>Lunes a viernes: 10:00 a 15:00 hrs.<br><br>Servicios<br>&#183;        Talleres de Nutrici&oacute;n adecuada y recuperaci&oacute;n del bajo peso.<br><br>Para Consulta externa realizar los siguientes pasos:<br>1)     Asistir a la cl&iacute;nica No. 25 de la Unidad de Salud a solicitar su cita.<br>2)     Asistir el d&iacute;a y hora programada.<br><br><br>Requisitos<br>&#183;        Estudiantes: carn&eacute; vigente<br>&#183;        Trabajadores: n&uacute;mero de registro <br></font>', 4, NULL, NULL, ' ', 'USAC, Salud, Unidad, unidad de salud, medicina, deportes, Voluntariado, examen, examen salud', 'Divisi&oacute;n de Bienestar EstudiantiL, USAC. Dentro de las actividades de servicio, se encuentra la realizaci&oacute;n del examen obligatorio de salud a todos los estudiantes de primer ingreso.'),
(8, 'Actividad Fisica', 5, '<div align=''justify''><font size=''4''>Nuestro compromiso con &eacute;l estudiante es brindarle un programa especializado dependiendo de sus cualidades f&iacute;sicas actuales proponiendol&eacute; llevarl&eacute; a un estado de vida saludable.<br><br>Nuestro programa cuenta con actividades deportivas (Voleibol, Atletismo, F&uacute;tbol y Tenis de mesa), actividades de tipo f&iacute;sica (A&eacute;robicos y Caminatas) y tenemos asesoria t&eacute;cnica y m&eacute;todologica para la orientaci&oacute;n de los estudiantes que deseen hacer una rutina de ejercicio propia.</font></div>', 2, NULL, NULL, ' ', 'USAC, Salud, Unidad, unidad de salud, medicina, deportes, Voluntariado, examen, examen salud', 'Divisi&oacute;n de Bienestar EstudiantiL, USAC. Dentro de las actividades de servicio, se encuentra la realizaci&oacute;n del examen obligatorio de salud a todos los estudiantes de primer ingreso.'),
(9, 'Consulta Externa', 5, '<div style=''text-align: center;''><font size=''4''><b>HORARIO ATENCI&Oacute;N</b></font></div><div style=''text-align: justify; ''><font size=''4''><br></font></div><div style=''text-align: justify; ''><font size=''4''>El &aacute;rea m&eacute;dica de Unidad de Salud proporciona a la comunidad universitaria: Estudiantes y Trabajadores atenci&oacute;n m&eacute;dica atrav&eacute;z de la consulta externa, la cual funciona de lunes a viernes en horario de 7:30 a 19:00 horas y d&iacute;as s&aacute;bados de 8:00 a 13:00 horas.</font></div><div style=''text-align: justify; ''><font face=''Arial, Verdana'' size=''4''><br></font></div><font face=''Arial, Verdana'' size=''4''><div style=''text-align: justify;''>Los pacientes ser&aacute;n evaluados previamente por el personal de enfermer&iacute;a, quienes le asignar&aacute;n una cita, en un&nbsp;periodo&nbsp;no mayor de 24 horas, s&iacute; el caso lo amerita, ser&aacute; evaluado por el personal m&eacute;dico como emergencia.</div></font><div style=''text-align: justify; ''><font size=''4''><br></font></div><font face=''Arial, Verdana'' size=''4''><div style=''text-align: justify;''>Se dispone de atenci&oacute;n m&eacute;dica general, medicina interna, cirug&iacute;a menor, ginecolog&iacute;a y control prenatal.</div></font><div style=''text-align: justify; ''><font size=''4''><br></font></div><font face=''Arial, Verdana'' size=''4''><div style=''text-align: justify;''>Se han asignado&nbsp;d&iacute;as&nbsp;espec&iacute;ficos para los siguientes procedimientos:</div></font><div style=''text-align: justify; ''><font size=''4''><br></font></div><font face=''Arial, Verdana'' size=''4''><div style=''text-align: justify;''>Viernes de 7:30 a 8:00 Electrocardiogramas (previa evaluaci&oacute;n del medico(a) )</div></font><div style=''text-align: justify; ''><font size=''4''><br></font></div><font face=''Arial, Verdana'' size=''4''><div style=''text-align: justify;''>Viernes de 8:00 a 9:00 Lavado de o&iacute;dos.</div></font>', 4, 43, NULL, 'Enfermera toma la presi&oacute;n en la Unidad de Salud', 'USAC, Salud, Unidad, unidad de salud, medicina, deportes, Voluntariado, examen, examen salud, consulta, externa', 'Los pacientes ser&aacute;n evaluados previamente por el personal de enfermer&iacute;a, quienes le asignar&aacute;n una cita, en un periodo no mayor de 24 horas, s&iacute; el caso lo amerita, ser&aacute; evaluado por el personal m&eacute;dico como emergencia.');

-- --------------------------------------------------------

--
-- Estructura de tabla para la tabla `area_examen`
--

CREATE TABLE IF NOT EXISTS `area_examen` (
  `idarea_examen` int(10) NOT NULL AUTO_INCREMENT,
  `descripcion` varchar(100) NOT NULL,
  PRIMARY KEY (`idarea_examen`)
) ENGINE=InnoDB  DEFAULT CHARSET=utf8 AUTO_INCREMENT=5 ;

--
-- Volcado de datos para la tabla `area_examen`
--

INSERT INTO `area_examen` (`idarea_examen`, `descripcion`) VALUES
(1, 'Medicina'),
(2, 'Psicología'),
(3, 'Odontología'),
(4, 'Laboratorio');

-- --------------------------------------------------------

--
-- Estructura de tabla para la tabla `area_usuario`
--

CREATE TABLE IF NOT EXISTS `area_usuario` (
  `areaidarea` int(11) NOT NULL,
  `usuarioidusuario` int(10) NOT NULL,
  PRIMARY KEY (`areaidarea`,`usuarioidusuario`),
  KEY `FKarea_usuar302492` (`areaidarea`),
  KEY `FKarea_usuar665501` (`usuarioidusuario`)
) ENGINE=InnoDB DEFAULT CHARSET=utf8;

--
-- Volcado de datos para la tabla `area_usuario`
--

INSERT INTO `area_usuario` (`areaidarea`, `usuarioidusuario`) VALUES
(1, 7),
(1, 14),
(2, 2),
(3, 12),
(3, 13),
(4, 4),
(5, 6),
(5, 8),
(5, 10),
(5, 15),
(6, 3),
(6, 10),
(7, 6),
(7, 8),
(7, 10),
(8, 5),
(8, 6),
(8, 8),
(8, 10),
(9, 6),
(9, 8),
(9, 9),
(9, 10),
(9, 12);

-- --------------------------------------------------------

--
-- Estructura de tabla para la tabla `categoria`
--

CREATE TABLE IF NOT EXISTS `categoria` (
  `idcategoria` int(10) NOT NULL AUTO_INCREMENT,
  `descripcion` varchar(100) NOT NULL,
  `orden` int(11) NOT NULL,
  `autoevaluacion` int(10) NOT NULL,
  `multifasico` int(10) NOT NULL,
  `estado` int(11) NOT NULL DEFAULT '1',
  `idmenu_categoria` int(11) NOT NULL,
  PRIMARY KEY (`idcategoria`),
  KEY `FKcategoria500537` (`idmenu_categoria`)
) ENGINE=InnoDB  DEFAULT CHARSET=utf8 AUTO_INCREMENT=48 ;

--
-- Volcado de datos para la tabla `categoria`
--

INSERT INTO `categoria` (`idcategoria`, `descripcion`, `orden`, `autoevaluacion`, `multifasico`, `estado`, `idmenu_categoria`) VALUES
(23, 'TRABAJO', 2, 0, 1, 1, 17),
(24, 'ALERGIAS', 3, 1, 1, 1, 18),
(25, 'HOSPITALIZACIÓN', 10, 0, 1, 1, 19),
(26, 'ANTECENTES PERSONALES', 9, 1, 1, 1, 20),
(27, 'ANTECEDENTES FAMILIARES', 10, 1, 1, 1, 20),
(29, 'MEDICAMENTOS', 7, 0, 1, 1, 22),
(30, 'NUTRICION', 8, 1, 1, 1, 24),
(31, 'HÁBITOS DE VIDA', 7, 1, 1, 1, 25),
(32, 'OCIO', 3, 0, 1, 1, 32),
(33, 'TRAUMAS, ACCIDENTES Y SITUACIONES PELIGROSAS', 3, 0, 1, 1, 26),
(34, 'CABEZA', 1, 1, 1, 1, 27),
(35, 'OJO', 2, 1, 1, 1, 27),
(36, 'OÍDOS, NARIZ y GARGANTA', 3, 1, 1, 1, 27),
(37, 'GENITOURINARIO', 4, 1, 1, 1, 28),
(38, 'GASTROINSTESTINAL', 5, 1, 1, 1, 29),
(39, 'MÚSCULOS Y HUESOS', 6, 1, 1, 1, 30),
(40, 'SENTIMIENTOS', 18, 0, 1, 1, 31),
(41, 'OTROS PROBLEMAS', 19, 0, 1, 1, 31),
(43, 'BOCA', 11, 0, 1, 1, 33),
(44, 'SALUD ORAL', 1, 1, 0, 1, 34),
(45, 'SALUD MENTAL', 1, 1, 0, 1, 35),
(46, 'HÁBITOS HIGIÉNICOS', 1, 1, 0, 1, 36),
(47, 'AMBIENTE FAMILIAR', 0, 0, 1, 1, 1);

-- --------------------------------------------------------

--
-- Estructura de tabla para la tabla `categoria_interpretacion`
--

CREATE TABLE IF NOT EXISTS `categoria_interpretacion` (
  `idcategoria_interpretacion` int(10) NOT NULL AUTO_INCREMENT,
  `ponderacion_max` int(10) NOT NULL,
  `ponderacion_min` int(10) NOT NULL,
  `interpretacion` text,
  `idcategoria` int(10) NOT NULL,
  `titulo` varchar(100) NOT NULL,
  `size` int(10) DEFAULT '1' COMMENT '1-> pequeño, 2 -> mediano, 3-> grande',
  PRIMARY KEY (`idcategoria_interpretacion`),
  KEY `FKcategoria_569059` (`idcategoria`)
) ENGINE=InnoDB  DEFAULT CHARSET=utf8 AUTO_INCREMENT=13 ;

--
-- Volcado de datos para la tabla `categoria_interpretacion`
--

INSERT INTO `categoria_interpretacion` (`idcategoria_interpretacion`, `ponderacion_max`, `ponderacion_min`, `interpretacion`, `idcategoria`, `titulo`, `size`) VALUES
(1, 7, 5, 'FELICITACIONES!!! Tus respuestas demuestran que tienes una excelente salud oral. Recuerda que mientras mantengas tus adecuados hábitos de higiene bucal y de alimentos, estarás evitando problemas como gingivitis, periodontitis y caries dental.\n\nDETERIORO DE MI SALUD ORAL\n\nLa gingivitis es la inflamación de las encías. Es causada principalmente por una mala higiene, o sea, cepillarse los dientes menos de 3 veces por día, mala técnica de cepillado, falta en la utilización del hilo dental como parte rutinaria del cuidado de los dientes, consumo frecuente de dulces, pasteles, hábitos de fumar, etc. Este problema de continuar, daña y ocasiona pérdida gradual de huesos que sostiene los dientes, llamándose entonces periodontitis; hasta aquí si modificas tus hábitos alimenticios e higiénicos y decides consultar con tu odontólogo tienes grandes probabilidades de recuperar tu salud. La fase final se presenta cuando, debido a la falta de una base que sostenga los dientes, estos se caen.\n\nLa caries dental es una lesión ocasionada por bacterias que se alimentan del azúcar de tu dieta y se desarrolla paralelamente a los que mencionamos anteriormente, osea que toda persona que tiene malos hábitos alimenticios e higiénicos invariablemente va a presentar, caries las cuales tarde o temprano te darán dolor en las piezas dentales dañadas.\n\nFinalmente te mencionaremos un problema frecuentemente observado, el cual se denomina Alteraciones de articulación témporo-mandibular, el cual se caracteriza por el tronido de la mandíbula en el momento de comer o al abrir la boca (por ejemplo con el bostezo), es causado por varios factores, uno de los más importantes es el estrés que se manifiesta por el rechinido de los dientes durante el sueño. Si te truena la mandíbula al comer o abrir la boca es importante que sepas que existen métodos odontológicos para mejorar este tipo de problema.', 44, 'SALUD ORAL', 3),
(2, 12, 8, 'Tu salud oral esta DETERIORÁNDOSE!!, probablemente tengas que mejorar o reforzar algunas de tus practicas ya que podrías presentar algún problema en tus encías o dientes, consulta a tu odontólogo.\n\nDETERIORO DE MI SALUD ORAL\n\nLa gingivitis es la inflamación de las encías. Es causada principalmente por una mala higiene, o sea, cepillarse los dientes menos de 3 veces por día, mala técnica de cepillado, falta en la utilización del hilo dental como parte rutinaria del cuidado de los dientes, consumo frecuente de dulces, pasteles, hábitos de fumar, etc. Este problema de continuar, daña y ocasiona pérdida gradual de huesos que sostiene los dientes, llamándose entonces periodontitis; hasta aquí si modificas tus hábitos alimenticios e higiénicos y decides consultar con tu odontólogo tienes grandes probabilidades de recuperar tu salud. La fase final se presenta cuando, debido a la falta de una base que sostenga los dientes, estos se caen.\n\nLa caries dental es una lesión ocasionada por bacterias que se alimentan del azúcar de tu dieta y se desarrolla paralelamente a los que mencionamos anteriormente, osea que toda persona que tiene malos hábitos alimenticios e higiénicos invariablemente va a presentar, caries las cuales tarde o temprano te darán dolor en las piezas dentales dañadas.\n\nFinalmente te mencionaremos un problema frecuentemente observado, el cual se denomina Alteraciones de articulación témporo-mandibular, el cual se caracteriza por el tronido de la mandíbula en el momento de comer o al abrir la boca (por ejemplo con el bostezo), es causado por varios factores, uno de los más importantes es el estrés que se manifiesta por el rechinido de los dientes durante el sueño. Si te truena la mandíbula al comer o abrir la boca es importante que sepas que existen métodos odontológicos para mejorar este tipo de problema.', 44, 'SALUD ORAL', 3),
(3, 16, 13, 'Estas en RIESGO!!!... Tus respuestas indican que no le estás dando la importancia debida a tu higiene bucal y alimenticia, probablemente tengas lesiones que podrían en futuro cercano ocasionar pérdidas de tus piezas dentales. Si deseas mayor información consulta al área odontológica.\n\nDETERIORO DE MI SALUD ORAL\n\nLa gingivitis es la inflamación de las encías. Es causada principalmente por una mala higiene, o sea, cepillarse los dientes menos de 3 veces por día, mala técnica de cepillado, falta en la utilización del hilo dental como parte rutinaria del cuidado de los dientes, consumo frecuente de dulces, pasteles, hábitos de fumar, etc. Este problema de continuar, daña y ocasiona pérdida gradual de huesos que sostiene los dientes, llamándose entonces periodontitis; hasta aquí si modificas tus hábitos alimenticios e higiénicos y decides consultar con tu odontólogo tienes grandes probabilidades de recuperar tu salud. La fase final se presenta cuando, debido a la falta de una base que sostenga los dientes, estos se caen.\n\nLa caries dental es una lesión ocasionada por bacterias que se alimentan del azúcar de tu dieta y se desarrolla paralelamente a los que mencionamos anteriormente, osea que toda persona que tiene malos hábitos alimenticios e higiénicos invariablemente va a presentar, caries las cuales tarde o temprano te darán dolor en las piezas dentales dañadas.\n\nFinalmente te mencionaremos un problema frecuentemente observado, el cual se denomina Alteraciones de articulación témporo-mandibular, el cual se caracteriza por el tronido de la mandíbula en el momento de comer o al abrir la boca (por ejemplo con el bostezo), es causado por varios factores, uno de los más importantes es el estrés que se manifiesta por el rechinido de los dientes durante el sueño. Si te truena la mandíbula al comer o abrir la boca es importante que sepas que existen métodos odontológicos para mejorar este tipo de problema.', 44, 'SALUD ORAL', 3),
(4, 20, 17, 'CUIDADO!! Presentas deterioro oral marcado... Es importante que consultes a un odontólogo para realizarte un diagnostico e iniciar tratamiento inmediato para evitar problemas más serios.\n\nDETERIORO DE MI SALUD ORAL\n\nLa gingivitis es la inflamación de las encías. Es causada principalmente por una mala higiene, o sea, cepillarse los dientes menos de 3 veces por día, mala técnica de cepillado, falta en la utilización del hilo dental como parte rutinaria del cuidado de los dientes, consumo frecuente de dulces, pasteles, hábitos de fumar, etc. Este problema de continuar, daña y ocasiona pérdida gradual de huesos que sostiene los dientes, llamándose entonces periodontitis; hasta aquí si modificas tus hábitos alimenticios e higiénicos y decides consultar con tu odontólogo tienes grandes probabilidades de recuperar tu salud. La fase final se presenta cuando, debido a la falta de una base que sostenga los dientes, estos se caen.\n\nLa caries dental es una lesión ocasionada por bacterias que se alimentan del azúcar de tu dieta y se desarrolla paralelamente a los que mencionamos anteriormente, osea que toda persona que tiene malos hábitos alimenticios e higiénicos invariablemente va a presentar, caries las cuales tarde o temprano te darán dolor en las piezas dentales dañadas.\n\nFinalmente te mencionaremos un problema frecuentemente observado, el cual se denomina Alteraciones de articulación témporo-mandibular, el cual se caracteriza por el tronido de la mandíbula en el momento de comer o al abrir la boca (por ejemplo con el bostezo), es causado por varios factores, uno de los más importantes es el estrés que se manifiesta por el rechinido de los dientes durante el sueño. Si te truena la mandíbula al comer o abrir la boca es importante que sepas que existen métodos odontológicos para mejorar este tipo de problema.', 44, 'SALUD ORAL', 3),
(5, 6, 4, 'SIN RIESGO... Muy bien, sabes donde consumir tus alimentos y practicas hábitos higiénicos con los que evitas contaminarte con parásitos o padecer de intoxicación alimenticia.\\n\\nAlgunas vez has padecido de nauseas, vómitos y diarrea puede que te hayas intoxicado al ingerir un alimento mal preparado ... si tus resultados mostraron algún grado de riesgo, Urge!! Que cambies de hábitos por el bien de tu SALUD.', 46, 'HÁBITOS HIGIÉNICOS', 1),
(6, 10, 7, 'BAJO RIESGO... Tienes que cuidar donde comes, debes ser más observador y exigente en los lugares donde consumes tus alimentos ya que puedes enfermarte.', 46, 'HÁBITOS HIGIÉNICOS', 1),
(7, 13, 11, 'RIESGO MODERADO.   Cuidado!!! Estás siendo descuidado en algunas cosas sencillas, como lavarte las manos en forma correcta antes de comer tus alimentos, no te acostumbres a comer alimentos de cualquier lugar, no te dejes llevar por los olores, piensa en el riesgo que corres al ingerirlo.\\n\\nAlgunas vez has padecido de nauseas, vómitos y diarrea puede que te hayas intoxicado al ingerir un alimento mal preparado ... si tus resultados mostraron algún grado de riesgo, Urge!! Que cambies de hábitos por el bien de tu SALUD.', 46, 'HÁBITOS HIGIÉNICOS', 2),
(8, 16, 14, 'ALTO RIESGO.  Es importante que pienses en tu salud, todo lo que estas haciendo te pone en peligro de adquirir parásitos como amebas y lombrices, que solo pueden ser detectados por un examen de heces; te recomendamos que te lo hagas lo antes posible y dependiendo de los resultados recibas el tratamiento adecuado por tu médico o silo prefieres por los médicos de Unidad de Salud.\\n\\nAlgunas vez has padecido de nauseas, vómitos y diarrea puede que te hayas intoxicado al ingerir un alimento mal preparado ... si tus resultados mostraron algún grado de riesgo, Urge!! Que cambies de hábitos por el bien de tu SALUD.', 46, 'HÁBITOS HIGIÉNICOS', 2),
(9, 15, 10, 'Posees un excelente nivel de Salud Mental. NO lo descuides, posees recursos internos y externos en los que puede apoyarte para mantenerlo y por qué no? mejorarlo. Dentro de tus posibilidades busca mantener el equilibrio en todas tus áreas de vida, prestandoles atención y cuidado a cada una de ellas. A partir de ahora cuentas con el apoyo del Área de Psicología.', 45, 'SALUD MENTAL', 1),
(10, 22, 16, 'Tu nivel de Salud Mental, está Muy Bien. Puedes Mejorarlo así estarás previniendo la aparición de otras situaciones que podrían llegar a afectar tu desempeño general. Busca apoyo de personas de tu confianza, busca ayuda profesional para poder trabajar los aspectos que pueden estar afectándote, participa en actividades de crecimiento y desarrollo personal como las que se llevan a cabo en el Área de Psicología.', 45, 'SALUD MENTAL', 2),
(11, 30, 23, 'Tu nivel de Salud Mental está Regular, no lo descuides, necesitas apoyo profesional psicológico ya que tus respuestas indican que carias áreas en tu vida están siendo afectadas y que a mediano plazo puede dar como resultado situaciones muy serias de crisis emocional e inclusive física. Muy probablemente necesitas realizar algunos cambios en tu vida. Busca ayuda profesional, cunetas con el Área de Psicología y sus actividades de apoyo como lo son Psicoterapia (individual, de pareja, familiar) y los Talleres de Crecimiento y Desarrollo Personal, que orientan a reforzar áreas como lo social, académica, emocional, autoestima, hablar en público y otras.', 45, 'SALUD MENTAL', 1),
(12, 40, 31, 'ESTE NIVEL INDICA UN MARCADO SUFRIMIENTO EMOCIONAL que limita tu desempeño general. Definitivamente necesitas apoyo profesional Psicológico. Muy probablemente estás disfuncionando en la mayoría de áreas de tu vida y como consecuencia estás muy afectado(a) desempeñandote por debajo de tu capacidad personal, algunos de los malestares físicos que quizás experimentes (dolor de cabeza, de nuca, gastritis, caspas, etc.) tienen relación estrecha con la tensión que ejercen tus problemas sobre ti. Urge que busques ayuda, la cual puedes encontrar en el Área de Psicología de la Unidad de Salud, que puede apoyarte por medio de Psicoterapia individual, de Pareja y Familiar, también puedes participar de los Talleres de Crecimiento y Desarrollo Personal.', 45, 'SALUD MENTAL', 2);

-- --------------------------------------------------------

--
-- Estructura de tabla para la tabla `categoria_permiso`
--

CREATE TABLE IF NOT EXISTS `categoria_permiso` (
  `idcategoria_permiso` int(10) NOT NULL AUTO_INCREMENT,
  `nombre` varchar(150) NOT NULL,
  PRIMARY KEY (`idcategoria_permiso`)
) ENGINE=InnoDB  DEFAULT CHARSET=utf8 AUTO_INCREMENT=5 ;

--
-- Volcado de datos para la tabla `categoria_permiso`
--

INSERT INTO `categoria_permiso` (`idcategoria_permiso`, `nombre`) VALUES
(1, 'Administrar Contenido'),
(2, 'Administrar'),
(3, 'Configurar Examen'),
(4, 'Estudiantes');

-- --------------------------------------------------------

--
-- Estructura de tabla para la tabla `cita`
--

CREATE TABLE IF NOT EXISTS `cita` (
  `idcita` int(20) NOT NULL AUTO_INCREMENT,
  `estado` int(10) NOT NULL,
  `tipo_examen` int(10) NOT NULL,
  `cupo` int(10) NOT NULL,
  `fecha` datetime NOT NULL,
  `hora_inicio` datetime NOT NULL,
  `hora_fin` datetime NOT NULL,
  PRIMARY KEY (`idcita`)
) ENGINE=InnoDB  DEFAULT CHARSET=utf8 AUTO_INCREMENT=213 ;

--
-- Volcado de datos para la tabla `cita`
--

INSERT INTO `cita` (`idcita`, `estado`, `tipo_examen`, `cupo`, `fecha`, `hora_inicio`, `hora_fin`) VALUES
(188, 2, 2, 7, '2012-07-16 00:00:00', '1970-01-01 07:30:00', '1970-01-01 12:30:00'),
(189, 1, 1, 50, '2012-06-20 00:00:00', '1970-01-01 16:00:00', '1970-01-01 18:00:00'),
(190, 1, 1, 50, '2012-06-22 00:00:00', '1970-01-01 16:00:00', '1970-01-01 18:00:00'),
(194, 1, 1, 50, '2012-07-02 00:00:00', '1970-01-01 16:00:00', '1970-01-01 18:00:00'),
(195, 1, 1, 50, '2012-07-04 00:00:00', '1970-01-01 16:00:00', '1970-01-01 18:00:00'),
(196, 1, 1, 50, '2012-07-06 00:00:00', '1970-01-01 16:00:00', '1970-01-01 18:00:00'),
(197, 1, 1, 50, '2012-07-09 00:00:00', '1970-01-01 16:00:00', '1970-01-01 18:00:00'),
(198, 1, 1, 50, '2012-07-11 00:00:00', '1970-01-01 16:00:00', '1970-01-01 18:00:00'),
(200, 1, 1, 50, '2012-07-16 00:00:00', '1970-01-01 16:00:00', '1970-01-01 18:00:00'),
(203, 1, 1, 50, '2012-07-23 00:00:00', '1970-01-01 16:00:00', '1970-01-01 18:00:00'),
(204, 1, 1, 50, '2012-07-25 00:00:00', '1970-01-01 16:00:00', '1970-01-01 18:00:00'),
(205, 1, 1, 50, '2012-07-27 00:00:00', '1970-01-01 16:00:00', '1970-01-01 18:00:00'),
(206, 1, 1, 50, '2012-07-30 00:00:00', '1970-01-01 16:00:00', '1970-01-01 18:00:00'),
(207, 2, 1, 4, '2012-07-18 00:00:00', '1970-01-01 16:00:00', '1970-01-01 18:00:00'),
(208, 2, 2, 2, '2012-07-17 00:00:00', '1970-01-01 07:30:00', '1970-01-01 12:30:00'),
(209, 1, 1, 50, '2012-06-23 00:00:00', '1970-01-01 07:30:00', '1970-01-01 10:00:00'),
(210, 1, 1, 40, '2012-06-27 00:00:00', '1970-01-01 16:00:00', '1970-01-01 18:00:00'),
(211, 1, 1, 50, '2012-07-07 00:00:00', '1970-01-01 07:45:00', '1970-01-01 10:00:00'),
(212, 1, 1, 50, '2012-07-14 00:00:00', '1970-01-01 07:45:00', '1970-01-01 10:00:00');

-- --------------------------------------------------------

--
-- Estructura de tabla para la tabla `cita_paciente`
--

CREATE TABLE IF NOT EXISTS `cita_paciente` (
  `idcita` int(20) NOT NULL,
  `idpaciente` int(20) NOT NULL,
  `recibo_pago` varchar(30) DEFAULT NULL,
  `estado` int(11) DEFAULT NULL,
  PRIMARY KEY (`idcita`,`idpaciente`),
  KEY `FKcita_pacie474199` (`idcita`),
  KEY `FKcita_pacie93322` (`idpaciente`)
) ENGINE=InnoDB DEFAULT CHARSET=utf8;

--
-- Volcado de datos para la tabla `cita_paciente`
--

INSERT INTO `cita_paciente` (`idcita`, `idpaciente`, `recibo_pago`, `estado`) VALUES
(188, 206, '2569030', 1),
(188, 208, '', 1),
(188, 209, '48859078', 1),
(188, 210, '48859077', 1),
(188, 211, '2569145', 1),
(188, 212, '2569154', 1),
(188, 225, '2569720', 1),
(189, 207, '', 1),
(190, 213, '', 1),
(190, 214, '', 1),
(190, 215, '', 1),
(190, 216, '', 1),
(190, 217, '', 1),
(190, 218, '', 1),
(190, 219, '', 1),
(190, 220, '', 1),
(190, 221, '', 1),
(190, 222, '', 1),
(190, 223, '', 1),
(190, 235, '', 1),
(190, 236, '', 1),
(190, 237, '', 1),
(190, 238, '', 1),
(190, 239, '', 1),
(190, 240, '', 1),
(190, 241, '', 1),
(190, 242, '', 1),
(190, 243, '', 1),
(190, 244, '', 1),
(190, 245, '', 1),
(190, 246, '', 1),
(190, 247, '', 1),
(190, 249, '', 1),
(190, 250, '', 1),
(190, 251, '', 1),
(190, 252, '', 1),
(190, 253, '', 1),
(190, 254, '', 1),
(190, 255, '', 1),
(190, 256, '', 1),
(190, 257, '', 1),
(190, 258, '', 1),
(190, 259, '', 1),
(190, 260, '', 1),
(190, 261, '', 1),
(190, 262, '', 1),
(190, 264, '', 1),
(194, 343, '', 1),
(194, 344, '', 1),
(194, 346, '', 1),
(194, 348, '', 1),
(194, 349, '', 1),
(194, 350, '', 1),
(194, 351, '', 1),
(194, 352, '', 1),
(194, 353, '', 1),
(194, 354, '', 1),
(194, 355, '', 1),
(194, 356, '', 1),
(194, 357, '', 1),
(194, 359, '', 1),
(194, 360, '', 1),
(194, 361, '', 1),
(194, 362, '', 1),
(194, 363, '', 1),
(194, 364, '', 1),
(194, 365, '', 1),
(194, 366, '', 1),
(194, 367, '', 1),
(194, 368, '', 1),
(194, 369, '', 1),
(194, 370, '', 1),
(194, 371, '', 1),
(194, 372, '', 1),
(194, 373, '', 1),
(194, 374, '', 1),
(194, 375, '', 1),
(194, 376, '', 1),
(194, 377, '', 1),
(194, 378, '', 1),
(194, 380, '', 1),
(194, 381, '', 1),
(195, 383, '', 1),
(195, 384, '', 1),
(195, 385, '', 1),
(195, 387, '', 1),
(195, 388, '', 1),
(195, 390, '', 1),
(195, 391, '', 1),
(195, 392, '', 1),
(195, 393, '', 1),
(195, 394, '', 2),
(195, 395, '', 1),
(195, 397, '', 1),
(195, 398, '', 1),
(195, 399, '', 1),
(195, 400, '', 1),
(195, 401, '', 1),
(195, 402, '', 1),
(195, 403, '', 1),
(195, 404, '', 1),
(195, 405, '', 1),
(195, 406, '', 1),
(195, 407, '', 1),
(195, 408, '', 1),
(195, 409, '', 1),
(195, 410, '', 1),
(195, 411, '', 1),
(195, 413, '', 1),
(195, 414, '', 1),
(195, 415, '', 1),
(195, 416, '', 1),
(195, 417, '', 1),
(196, 341, '', 2),
(196, 455, '', 1),
(196, 456, '', 1),
(196, 457, '', 1),
(196, 458, '', 1),
(196, 459, '', 1),
(196, 460, '', 1),
(196, 461, '', 1),
(196, 462, '', 1),
(196, 463, '', 1),
(196, 464, '', 1),
(196, 465, '', 1),
(196, 466, '', 1),
(196, 467, '', 1),
(196, 468, '', 1),
(196, 469, '', 1),
(196, 470, '', 1),
(196, 471, '', 1),
(196, 472, '', 1),
(196, 474, '', 1),
(196, 476, '', 1),
(196, 477, '', 1),
(196, 478, '', 1),
(196, 479, '', 1),
(196, 480, '', 1),
(196, 481, '', 1),
(196, 482, '', 1),
(196, 483, '', 1),
(196, 484, '', 1),
(196, 485, '', 1),
(196, 486, '', 1),
(196, 487, '', 1),
(196, 488, '', 1),
(196, 489, '', 1),
(196, 490, '', 2),
(196, 491, '', 2),
(197, 341, '', 1),
(197, 392, '', 1),
(197, 490, '', 1),
(197, 491, '', 1),
(197, 492, '', 1),
(197, 493, '', 1),
(197, 494, '', 1),
(197, 495, '', 1),
(197, 496, '', 1),
(197, 497, '', 1),
(197, 498, '', 1),
(197, 499, '', 1),
(197, 500, '', 1),
(197, 501, '', 1),
(197, 502, '', 1),
(197, 503, '', 1),
(197, 504, '', 1),
(197, 505, '', 1),
(197, 506, '', 1),
(197, 507, '', 1),
(197, 508, '', 1),
(197, 509, '', 1),
(197, 510, '', 1),
(197, 511, '', 1),
(197, 512, '', 1),
(197, 513, '', 1),
(197, 514, '', 1),
(197, 515, '', 1),
(197, 516, '', 1),
(197, 517, '', 1),
(197, 518, '', 1),
(197, 519, '', 1),
(197, 520, '', 1),
(197, 522, '', 1),
(197, 523, '', 1),
(197, 524, '', 1),
(198, 207, '', 2),
(198, 525, '', 1),
(198, 526, '', 1),
(198, 527, '', 1),
(198, 528, '', 1),
(198, 529, '', 1),
(198, 530, '', 1),
(198, 531, '', 1),
(198, 532, '', 1),
(198, 533, '', 1),
(198, 534, '', 1),
(198, 535, '', 1),
(198, 536, '', 1),
(198, 537, '', 1),
(198, 538, '', 1),
(198, 539, '', 1),
(198, 540, '', 1),
(198, 542, '', 1),
(198, 543, '', 1),
(198, 544, '', 1),
(198, 546, '', 1),
(198, 547, '', 1),
(198, 548, '', 1),
(198, 549, '', 1),
(198, 550, '', 1),
(198, 551, '', 1),
(198, 552, '', 1),
(198, 553, '', 1),
(198, 554, '', 1),
(198, 557, '', 1),
(198, 559, '', 1),
(198, 560, '', 1),
(198, 561, '', 1),
(198, 562, '', 2),
(198, 565, '', 1),
(198, 566, '', 1),
(200, 296, '', 1),
(200, 297, '', 1),
(200, 605, '', 1),
(200, 606, '', 1),
(200, 607, '', 1),
(200, 608, '', 1),
(200, 609, '', 1),
(200, 611, '', 1),
(200, 612, '', 1),
(200, 613, '', 1),
(200, 614, '', 1),
(200, 615, '', 1),
(200, 616, '', 1),
(200, 617, '', 1),
(200, 618, '', 1),
(200, 619, '', 1),
(200, 620, '', 1),
(200, 621, '', 1),
(200, 622, '', 1),
(207, 229, '123', 1),
(207, 230, '48859088', 1),
(207, 231, '48859339', 1),
(207, 232, '2570169', 1),
(208, 226, '2415098', 1),
(208, 227, '48848368', 1),
(209, 226, '', 1),
(209, 265, '', 1),
(209, 266, '', 1),
(209, 267, '', 1),
(209, 268, '', 1),
(209, 269, '', 1),
(209, 270, '', 1),
(209, 271, '', 1),
(209, 272, '', 1),
(209, 273, '', 1),
(209, 274, '', 1),
(209, 276, '', 1),
(209, 277, '', 1),
(209, 278, '', 1),
(209, 279, '', 1),
(209, 281, '', 1),
(209, 282, '', 1),
(209, 284, '', 1),
(209, 285, '', 1),
(209, 286, '', 1),
(209, 288, '', 1),
(209, 289, '', 1),
(209, 290, '', 1),
(209, 291, '', 1),
(209, 292, '', 1),
(209, 293, '', 1),
(209, 294, '', 1),
(209, 295, '', 1),
(209, 296, '', 1),
(209, 297, '', 1),
(209, 298, '', 1),
(209, 299, '', 1),
(209, 300, '', 1),
(209, 301, '', 1),
(209, 302, '', 1),
(209, 303, '', 1),
(209, 304, '', 1),
(209, 305, '', 1),
(210, 306, '', 1),
(210, 307, '', 1),
(210, 308, '', 1),
(210, 309, '', 1),
(210, 310, '', 1),
(210, 311, '', 1),
(210, 312, '', 1),
(210, 313, '', 1),
(210, 314, '', 1),
(210, 315, '', 1),
(210, 317, '', 1),
(210, 318, '', 1),
(210, 319, '', 1),
(210, 320, '', 1),
(210, 321, '', 1),
(210, 322, '', 1),
(210, 323, '', 1),
(210, 324, '', 1),
(210, 325, '', 1),
(210, 326, '', 1),
(210, 327, '', 1),
(210, 328, '', 1),
(210, 330, '', 1),
(210, 331, '', 1),
(210, 332, '', 1),
(210, 333, '', 1),
(210, 334, '', 1),
(210, 335, '', 1),
(210, 336, '', 1),
(210, 337, '', 1),
(210, 338, '', 1),
(210, 339, '', 1),
(210, 340, '', 1),
(210, 341, '', 1),
(210, 342, '', 1),
(211, 378, '', 1),
(211, 387, '', 1),
(211, 413, '', 1),
(211, 418, '', 1),
(211, 419, '', 1),
(211, 420, '', 1),
(211, 421, '', 1),
(211, 422, '', 1),
(211, 423, '', 1),
(211, 424, '', 1),
(211, 425, '', 1),
(211, 426, '', 1),
(211, 427, '', 1),
(211, 428, '', 1),
(211, 429, '', 1),
(211, 431, '', 1),
(211, 432, '', 1),
(211, 433, '', 1),
(211, 434, '', 1),
(211, 435, '', 1),
(211, 436, '', 1),
(211, 437, '', 1),
(211, 438, '', 1),
(211, 439, '', 1),
(211, 440, '', 1),
(211, 441, '', 1),
(211, 442, '', 1),
(211, 443, '', 1),
(211, 444, '', 1),
(211, 445, '', 1),
(211, 446, '', 1),
(211, 447, '', 1),
(211, 448, '', 1),
(211, 449, '', 1),
(211, 450, '', 1),
(211, 451, '', 1),
(211, 453, '', 1),
(211, 553, '', 2),
(211, 567, '', 2),
(211, 568, '', 2),
(212, 489, '', 1),
(212, 553, '', 1),
(212, 567, '', 1),
(212, 568, '', 1),
(212, 569, '', 1),
(212, 570, '', 1),
(212, 571, '', 1),
(212, 572, '', 1),
(212, 573, '', 1),
(212, 574, '', 1),
(212, 575, '', 1),
(212, 576, '', 1),
(212, 577, '', 1),
(212, 578, '', 1),
(212, 579, '', 1),
(212, 580, '', 1),
(212, 581, '', 1),
(212, 582, '', 1),
(212, 583, '', 1),
(212, 584, '', 1),
(212, 585, '', 1),
(212, 586, '', 1),
(212, 587, '', 1),
(212, 588, '', 1),
(212, 589, '', 1),
(212, 590, '', 1),
(212, 591, '', 1),
(212, 592, '', 1),
(212, 594, '', 1),
(212, 595, '', 1),
(212, 596, '', 1),
(212, 597, '', 1),
(212, 599, '', 1),
(212, 600, '', 1),
(212, 601, '', 1),
(212, 602, '', 1),
(212, 603, '', 1),
(212, 604, '', 1);

-- --------------------------------------------------------

--
-- Estructura de tabla para la tabla `condicion`
--

CREATE TABLE IF NOT EXISTS `condicion` (
  `idpregunta1` int(10) DEFAULT NULL,
  `signo` int(10) DEFAULT NULL COMMENT '1 : >, 2 : <, 3 >=, 4 <=, 5 ==, 6 !=',
  `valor` int(10) DEFAULT NULL,
  `tipo` int(10) DEFAULT NULL COMMENT '0 -> condicion, 1-> and, 2 -> or, 3-> parentesis, 4 -> not',
  `idcondicion` int(10) NOT NULL AUTO_INCREMENT,
  `condicion1` int(10) DEFAULT NULL,
  `condicion2` int(10) DEFAULT NULL,
  `idencabezado_condicion` int(10) NOT NULL,
  `inicio` int(10) DEFAULT NULL,
  `descripcion` varchar(300) NOT NULL,
  PRIMARY KEY (`idcondicion`),
  KEY `FKcondicion827801` (`idpregunta1`),
  KEY `FKcondicion335334` (`idencabezado_condicion`),
  KEY `FKcondicion860851` (`condicion1`),
  KEY `FKcondicion860850` (`condicion2`)
) ENGINE=InnoDB  DEFAULT CHARSET=utf8 AUTO_INCREMENT=1387 ;

--
-- Volcado de datos para la tabla `condicion`
--

INSERT INTO `condicion` (`idpregunta1`, `signo`, `valor`, `tipo`, `idcondicion`, `condicion1`, `condicion2`, `idencabezado_condicion`, `inicio`, `descripcion`) VALUES
(211, 5, 1, 0, 112, NULL, NULL, 30, NULL, 'P2 = 1'),
(211, 5, 2, 0, 113, NULL, NULL, 30, NULL, 'P2 = 2'),
(282, 5, 2, 0, 114, NULL, NULL, 30, NULL, 'P55 = 2'),
(NULL, NULL, NULL, 2, 115, 112, 113, 30, NULL, 'P2 = 1 OR P2 = 2'),
(NULL, NULL, NULL, 3, 116, 115, NULL, 30, NULL, '(P2 = 1 OR P2 = 2)'),
(NULL, NULL, NULL, 3, 118, 114, NULL, 30, NULL, '(P55 = 2)'),
(NULL, NULL, NULL, 1, 119, 116, 118, 30, 1, '(P2 = 1 OR P2 = 2) AND (P55 = 2)'),
(282, 5, 1, 0, 120, NULL, NULL, 31, 1, 'P55 = 1'),
(212, 5, 1, 0, 121, NULL, NULL, 32, NULL, 'P3 = 1'),
(212, 5, 2, 0, 122, NULL, NULL, 32, NULL, 'P3 = 2'),
(282, 5, 2, 0, 123, NULL, NULL, 32, NULL, 'P55 = 2'),
(NULL, NULL, NULL, 2, 124, 121, 122, 32, NULL, 'P3 = 1 OR P3 = 2'),
(NULL, NULL, NULL, 3, 125, 124, NULL, 32, NULL, '(P3 = 1 OR P3 = 2)'),
(NULL, NULL, NULL, 3, 126, 123, NULL, 32, NULL, '(P55 = 2)'),
(NULL, NULL, NULL, 1, 127, 125, 126, 32, 1, '(P3 = 1 OR P3 = 2) AND (P55 = 2)'),
(213, 5, 4, 0, 217, NULL, NULL, 40, NULL, 'P4 = 4'),
(NULL, NULL, NULL, 3, 218, 217, NULL, 40, NULL, '(P4 = 4)'),
(214, 5, 4, 0, 219, NULL, NULL, 40, NULL, 'P5 = 4'),
(215, 5, 4, 0, 220, NULL, NULL, 40, NULL, 'P6 = 4'),
(NULL, NULL, NULL, 1, 221, 218, 219, 40, NULL, '(P4 = 4) AND P5 = 4'),
(NULL, NULL, NULL, 1, 222, 221, 220, 40, 1, '(P4 = 4) AND P5 = 4 AND P6 = 4'),
(213, 5, 1, 0, 242, NULL, NULL, 42, NULL, 'P4 = 1'),
(213, 5, 2, 0, 243, NULL, NULL, 42, NULL, 'P4 = 2'),
(213, 5, 3, 0, 244, NULL, NULL, 42, NULL, 'P4 = 3'),
(NULL, NULL, NULL, 2, 245, 242, 243, 42, NULL, 'P4 = 1 OR P4 = 2'),
(NULL, NULL, NULL, 2, 246, 245, 244, 42, NULL, 'P4 = 1 OR P4 = 2 OR P4 = 3'),
(NULL, NULL, NULL, 3, 247, 246, NULL, 42, NULL, '(P4 = 1 OR P4 = 2 OR P4 = 3)'),
(214, 5, 3, 0, 248, NULL, NULL, 42, NULL, 'P5 = 3'),
(304, 5, 1, 0, 253, NULL, NULL, 43, NULL, 'P76 = 1'),
(305, 5, 1, 0, 254, NULL, NULL, 43, NULL, 'P77 = 1'),
(NULL, NULL, NULL, 1, 255, 253, 254, 43, 1, 'P76 = 1 AND P77 = 1'),
(304, 5, 1, 0, 256, NULL, NULL, 44, NULL, 'P76 = 1'),
(305, 5, 2, 0, 257, NULL, NULL, 44, NULL, 'P77 = 2'),
(NULL, NULL, NULL, 1, 258, 256, 257, 44, 1, 'P76 = 1 AND P77 = 2'),
(304, 5, 2, 0, 259, NULL, NULL, 45, NULL, 'P76 = 2'),
(305, 5, 1, 0, 260, NULL, NULL, 45, NULL, 'P77 = 1'),
(NULL, NULL, NULL, 1, 261, 259, 260, 45, 1, 'P76 = 2 AND P77 = 1'),
(273, 5, 1, 0, 313, NULL, NULL, 54, NULL, 'P11 = 1'),
(273, 5, 2, 0, 314, NULL, NULL, 54, NULL, 'P11 = 2'),
(NULL, NULL, NULL, 2, 315, 313, 314, 54, 1, 'P11 = 1 OR P11 = 2'),
(274, 5, 1, 0, 320, NULL, NULL, 56, NULL, 'P12 = 1'),
(274, 5, 2, 0, 321, NULL, NULL, 56, NULL, 'P12 = 2'),
(NULL, NULL, NULL, 2, 322, 320, 321, 56, 1, 'P12 = 1 OR P12 = 2'),
(276, 5, 1, 0, 329, NULL, NULL, 59, NULL, 'P14 = 1'),
(276, 5, 2, 0, 330, NULL, NULL, 59, NULL, 'P14 = 2'),
(NULL, NULL, NULL, 2, 331, 329, 330, 59, 1, 'P14 = 1 OR P14 = 2'),
(275, 5, 1, 0, 336, NULL, NULL, 61, NULL, 'P13 = 1'),
(275, 5, 2, 0, 337, NULL, NULL, 61, NULL, 'P13 = 2'),
(NULL, NULL, NULL, 2, 338, 336, 337, 61, 1, 'P13 = 1 OR P13 = 2'),
(277, 5, 1, 0, 343, NULL, NULL, 63, NULL, 'P15 = 1'),
(277, 5, 2, 0, 344, NULL, NULL, 63, NULL, 'P15 = 2'),
(NULL, NULL, NULL, 2, 345, 343, 344, 63, 1, 'P15 = 1 OR P15 = 2'),
(278, 5, 1, 0, 350, NULL, NULL, 65, NULL, 'P16 = 1'),
(278, 5, 2, 0, 351, NULL, NULL, 65, NULL, 'P16 = 2'),
(NULL, NULL, NULL, 2, 352, 350, 351, 65, 1, 'P16 = 1 OR P16 = 2'),
(220, 5, 1, 0, 404, NULL, NULL, 69, NULL, 'P17 = 1'),
(220, 5, 2, 0, 405, NULL, NULL, 69, NULL, 'P17 = 2'),
(221, 5, 1, 0, 406, NULL, NULL, 69, NULL, 'P18 = 1'),
(221, 5, 2, 0, 407, NULL, NULL, 69, NULL, 'P18 = 2'),
(NULL, NULL, NULL, 2, 408, 404, 405, 69, NULL, 'P17 = 1 OR P17 = 2'),
(NULL, NULL, NULL, 2, 409, 406, 407, 69, NULL, 'P18 = 1 OR P18 = 2'),
(NULL, NULL, NULL, 3, 410, 408, NULL, 69, NULL, '(P17 = 1 OR P17 = 2)'),
(NULL, NULL, NULL, 3, 411, 409, NULL, 69, NULL, '(P18 = 1 OR P18 = 2)'),
(NULL, NULL, NULL, 2, 412, 410, 411, 69, 1, '(P17 = 1 OR P17 = 2) OR (P18 = 1 OR P18 = 2)'),
(222, 5, 1, 0, 422, NULL, NULL, 71, NULL, 'P19 = 1'),
(222, 5, 2, 0, 423, NULL, NULL, 71, NULL, 'P19 = 2'),
(222, 5, 3, 0, 424, NULL, NULL, 71, NULL, 'P19 = 3'),
(NULL, NULL, NULL, 2, 425, 422, 423, 71, NULL, 'P19 = 1 OR P19 = 2'),
(NULL, NULL, NULL, 2, 426, 425, 424, 71, 1, 'P19 = 1 OR P19 = 2 OR P19 = 3'),
(223, 5, 1, 0, 427, NULL, NULL, 72, NULL, 'P20 = 1'),
(223, 5, 2, 0, 428, NULL, NULL, 72, NULL, 'P20 = 2'),
(223, 5, 3, 0, 429, NULL, NULL, 72, NULL, 'P20 = 3'),
(NULL, NULL, NULL, 2, 430, 427, 428, 72, NULL, 'P20 = 1 OR P20 = 2'),
(NULL, NULL, NULL, 2, 431, 430, 429, 72, 1, 'P20 = 1 OR P20 = 2 OR P20 = 3'),
(225, 5, 1, 0, 435, NULL, NULL, 74, NULL, 'P22 = 1'),
(225, 5, 2, 0, 436, NULL, NULL, 74, NULL, 'P22 = 2'),
(NULL, NULL, NULL, 2, 437, 435, 436, 74, 1, 'P22 = 1 OR P22 = 2'),
(224, 5, 3, 0, 438, NULL, NULL, 75, NULL, 'P21 = 3'),
(225, 5, 4, 0, 439, NULL, NULL, 75, NULL, 'P22 = 4'),
(NULL, NULL, NULL, 2, 440, 438, 439, 75, 1, 'P21 = 3 OR P22 = 4'),
(225, 5, 1, 0, 441, NULL, NULL, 76, NULL, 'P22 = 1'),
(225, 5, 2, 0, 442, NULL, NULL, 76, NULL, 'P22 = 2'),
(NULL, NULL, NULL, 2, 443, 441, 442, 76, NULL, 'P22 = 1 OR P22 = 2'),
(NULL, NULL, NULL, 3, 444, 443, NULL, 76, NULL, '(P22 = 1 OR P22 = 2)'),
(224, 5, 3, 0, 445, NULL, NULL, 76, NULL, 'P21 = 3'),
(224, 5, 4, 0, 446, NULL, NULL, 76, NULL, 'P21 = 4'),
(NULL, NULL, NULL, 2, 447, 445, 446, 76, NULL, 'P21 = 3 OR P21 = 4'),
(NULL, NULL, NULL, 3, 448, 447, NULL, 76, NULL, '(P21 = 3 OR P21 = 4)'),
(NULL, NULL, NULL, 1, 449, 444, 448, 76, 1, '(P22 = 1 OR P22 = 2) AND (P21 = 3 OR P21 = 4)'),
(226, 5, 1, 0, 450, NULL, NULL, 77, NULL, 'P23 = 1'),
(226, 5, 2, 0, 451, NULL, NULL, 77, NULL, 'P23 = 2'),
(NULL, NULL, NULL, 1, 452, 450, 451, 77, 1, 'P23 = 1 AND P23 = 2'),
(302, 5, 1, 0, 453, NULL, NULL, 78, 1, 'P73 = 1'),
(225, 5, 1, 0, 454, NULL, NULL, 79, NULL, 'P22 = 1'),
(225, 5, 2, 0, 455, NULL, NULL, 79, NULL, 'P22 = 2'),
(NULL, NULL, NULL, 2, 456, 454, 455, 79, NULL, 'P22 = 1 OR P22 = 2'),
(NULL, NULL, NULL, 3, 457, 456, NULL, 79, NULL, '(P22 = 1 OR P22 = 2)'),
(302, 5, 1, 0, 458, NULL, NULL, 79, NULL, 'P73 = 1'),
(NULL, NULL, NULL, 3, 459, 458, NULL, 79, NULL, '(P73 = 1)'),
(NULL, NULL, NULL, 1, 460, 457, 459, 79, 1, '(P22 = 1 OR P22 = 2) AND (P73 = 1)'),
(225, 5, 1, 0, 461, NULL, NULL, 80, NULL, 'P22 = 1'),
(225, 5, 2, 0, 462, NULL, NULL, 80, NULL, 'P22 = 2'),
(NULL, NULL, NULL, 2, 463, 461, 462, 80, NULL, 'P22 = 1 OR P22 = 2'),
(NULL, NULL, NULL, 3, 464, 463, NULL, 80, NULL, '(P22 = 1 OR P22 = 2)'),
(226, 5, 1, 0, 465, NULL, NULL, 80, NULL, 'P23 = 1'),
(226, 5, 2, 0, 466, NULL, NULL, 80, NULL, 'P23 = 2'),
(NULL, NULL, NULL, 2, 467, 465, 466, 80, NULL, 'P23 = 1 OR P23 = 2'),
(NULL, NULL, NULL, 3, 468, 467, NULL, 80, NULL, '(P23 = 1 OR P23 = 2)'),
(NULL, NULL, NULL, 1, 469, 464, 468, 80, 1, '(P22 = 1 OR P22 = 2) AND (P23 = 1 OR P23 = 2)'),
(225, 5, 1, 0, 470, NULL, NULL, 81, NULL, 'P22 = 1'),
(225, 5, 2, 0, 471, NULL, NULL, 81, NULL, 'P22 = 2'),
(NULL, NULL, NULL, 2, 472, 470, 471, 81, NULL, 'P22 = 1 OR P22 = 2'),
(NULL, NULL, NULL, 3, 473, 472, NULL, 81, NULL, '(P22 = 1 OR P22 = 2)'),
(226, 5, 1, 0, 474, NULL, NULL, 81, NULL, 'P23 = 1'),
(226, 5, 2, 0, 475, NULL, NULL, 81, NULL, 'P23 = 2'),
(NULL, NULL, NULL, 2, 476, 474, 475, 81, NULL, 'P23 = 1 OR P23 = 2'),
(NULL, NULL, NULL, 3, 477, 476, NULL, 81, NULL, '(P23 = 1 OR P23 = 2)'),
(302, 5, 1, 0, 478, NULL, NULL, 81, NULL, 'P73 = 1'),
(NULL, NULL, NULL, 1, 479, 473, 477, 81, NULL, '(P22 = 1 OR P22 = 2) AND (P23 = 1 OR P23 = 2)'),
(NULL, NULL, NULL, 1, 480, 479, 478, 81, 1, '(P22 = 1 OR P22 = 2) AND (P23 = 1 OR P23 = 2) AND P73 = 1'),
(229, 5, 1, 0, 510, NULL, NULL, 85, NULL, 'P24 = 1'),
(230, 5, 1, 0, 511, NULL, NULL, 85, NULL, 'P25 = 1'),
(231, 5, 1, 0, 512, NULL, NULL, 85, NULL, 'P26 = 1'),
(NULL, NULL, NULL, 2, 513, 510, 511, 85, NULL, 'P24 = 1 OR P25 = 1'),
(NULL, NULL, NULL, 2, 514, 513, 512, 85, NULL, 'P24 = 1 OR P25 = 1 OR P26 = 1'),
(NULL, NULL, NULL, 3, 515, 514, NULL, 85, NULL, '(P24 = 1 OR P25 = 1 OR P26 = 1)'),
(289, 5, 2, 0, 516, NULL, NULL, 85, NULL, 'P62 = 2'),
(290, 5, 2, 0, 517, NULL, NULL, 85, NULL, 'P63 = 2'),
(NULL, NULL, NULL, 2, 518, 516, 517, 85, NULL, 'P62 = 2 OR P63 = 2'),
(NULL, NULL, NULL, 3, 519, 518, NULL, 85, NULL, '(P62 = 2 OR P63 = 2)'),
(NULL, NULL, NULL, 1, 520, 515, 519, 85, 1, '(P24 = 1 OR P25 = 1 OR P26 = 1) AND (P62 = 2 OR P63 = 2)'),
(229, 5, 1, 0, 521, NULL, NULL, 86, NULL, 'P24 = 1'),
(230, 5, 1, 0, 522, NULL, NULL, 86, NULL, 'P25 = 1'),
(231, 5, 1, 0, 523, NULL, NULL, 86, NULL, 'P26 = 1'),
(NULL, NULL, NULL, 2, 524, 521, 522, 86, NULL, 'P24 = 1 OR P25 = 1'),
(NULL, NULL, NULL, 2, 525, 524, 523, 86, NULL, 'P24 = 1 OR P25 = 1 OR P26 = 1'),
(NULL, NULL, NULL, 3, 526, 525, NULL, 86, NULL, '(P24 = 1 OR P25 = 1 OR P26 = 1)'),
(289, 5, 1, 0, 527, NULL, NULL, 86, NULL, 'P62 = 1'),
(290, 5, 1, 0, 528, NULL, NULL, 86, NULL, 'P63 = 1'),
(NULL, NULL, NULL, 2, 529, 527, 528, 86, NULL, 'P62 = 1 OR P63 = 1'),
(NULL, NULL, NULL, 3, 530, 529, NULL, 86, NULL, '(P62 = 1 OR P63 = 1)'),
(NULL, NULL, NULL, 1, 531, 526, 530, 86, 1, '(P24 = 1 OR P25 = 1 OR P26 = 1) AND (P62 = 1 OR P63 = 1)'),
(229, 5, 1, 0, 532, NULL, NULL, 87, NULL, 'P24 = 1'),
(230, 5, 1, 0, 533, NULL, NULL, 87, NULL, 'P25 = 1'),
(231, 5, 1, 0, 534, NULL, NULL, 87, NULL, 'P26 = 1'),
(NULL, NULL, NULL, 2, 536, 532, 533, 87, NULL, 'P24 = 1 OR P25 = 1'),
(NULL, NULL, NULL, 2, 537, 536, 534, 87, NULL, 'P24 = 1 OR P25 = 1 OR P26 = 1'),
(NULL, NULL, NULL, 3, 538, 537, NULL, 87, NULL, '(P24 = 1 OR P25 = 1 OR P26 = 1)'),
(289, 5, 1, 0, 539, NULL, NULL, 87, NULL, 'P62 = 1'),
(290, 5, 1, 0, 540, NULL, NULL, 87, NULL, 'P63 = 1'),
(NULL, NULL, NULL, 1, 541, 539, 540, 87, NULL, 'P62 = 1 AND P63 = 1'),
(NULL, NULL, NULL, 3, 542, 541, NULL, 87, NULL, '(P62 = 1 AND P63 = 1)'),
(NULL, NULL, NULL, 1, 543, 538, 542, 87, 1, '(P24 = 1 OR P25 = 1 OR P26 = 1) AND (P62 = 1 AND P63 = 1)'),
(229, 5, 2, 0, 544, NULL, NULL, 88, NULL, 'P24 = 2'),
(230, 5, 2, 0, 545, NULL, NULL, 88, NULL, 'P25 = 2'),
(231, 5, 2, 0, 546, NULL, NULL, 88, NULL, 'P26 = 2'),
(NULL, NULL, NULL, 2, 547, 544, 545, 88, NULL, 'P24 = 2 OR P25 = 2'),
(NULL, NULL, NULL, 2, 548, 547, 546, 88, NULL, 'P24 = 2 OR P25 = 2 OR P26 = 2'),
(NULL, NULL, NULL, 3, 549, 548, NULL, 88, NULL, '(P24 = 2 OR P25 = 2 OR P26 = 2)'),
(289, 5, 1, 0, 550, NULL, NULL, 88, NULL, 'P62 = 1'),
(290, 5, 1, 0, 551, NULL, NULL, 88, NULL, 'P63 = 1'),
(NULL, NULL, NULL, 2, 552, 550, 551, 88, NULL, 'P62 = 1 OR P63 = 1'),
(NULL, NULL, NULL, 3, 553, 552, NULL, 88, NULL, '(P62 = 1 OR P63 = 1)'),
(NULL, NULL, NULL, 1, 554, 549, 553, 88, NULL, '(P24 = 2 OR P25 = 2 OR P26 = 2) AND (P62 = 1 OR P63 = 1)'),
(NULL, NULL, NULL, 3, 555, 554, NULL, 88, 1, '((P24 = 2 OR P25 = 2 OR P26 = 2) AND (P62 = 1 OR P63 = 1))'),
(229, 5, 2, 0, 556, NULL, NULL, 89, NULL, 'P24 = 2'),
(230, 5, 2, 0, 557, NULL, NULL, 89, NULL, 'P25 = 2'),
(231, 5, 2, 0, 558, NULL, NULL, 89, NULL, 'P26 = 2'),
(NULL, NULL, NULL, 2, 559, 556, 557, 89, NULL, 'P24 = 2 OR P25 = 2'),
(NULL, NULL, NULL, 2, 560, 559, 558, 89, NULL, 'P24 = 2 OR P25 = 2 OR P26 = 2'),
(NULL, NULL, NULL, 3, 561, 560, NULL, 89, NULL, '(P24 = 2 OR P25 = 2 OR P26 = 2)'),
(289, 5, 2, 0, 562, NULL, NULL, 89, NULL, 'P62 = 2'),
(290, 5, 3, 0, 563, NULL, NULL, 89, NULL, 'P63 = 3'),
(NULL, NULL, NULL, 1, 564, 562, 563, 89, NULL, 'P62 = 2 AND P63 = 3'),
(NULL, NULL, NULL, 3, 565, 564, NULL, 89, NULL, '(P62 = 2 AND P63 = 3)'),
(NULL, NULL, NULL, 1, 566, 561, 565, 89, NULL, '(P24 = 2 OR P25 = 2 OR P26 = 2) AND (P62 = 2 AND P63 = 3)'),
(NULL, NULL, NULL, 3, 567, 566, NULL, 89, 1, '((P24 = 2 OR P25 = 2 OR P26 = 2) AND (P62 = 2 AND P63 = 3))'),
(229, 5, 4, 0, 583, NULL, NULL, 91, NULL, 'P24 = 4'),
(229, 5, 3, 0, 584, NULL, NULL, 91, NULL, 'P24 = 3'),
(NULL, NULL, NULL, 2, 585, 583, 584, 91, NULL, 'P24 = 4 OR P24 = 3'),
(NULL, NULL, NULL, 3, 586, 585, NULL, 91, NULL, '(P24 = 4 OR P24 = 3)'),
(230, 5, 4, 0, 587, NULL, NULL, 91, NULL, 'P25 = 4'),
(230, 5, 3, 0, 588, NULL, NULL, 91, NULL, 'P25 = 3'),
(NULL, NULL, NULL, 2, 589, 587, 588, 91, NULL, 'P25 = 4 OR P25 = 3'),
(NULL, NULL, NULL, 3, 590, 589, NULL, 91, NULL, '(P25 = 4 OR P25 = 3)'),
(231, 5, 4, 0, 591, NULL, NULL, 91, NULL, 'P26 = 4'),
(231, 5, 3, 0, 592, NULL, NULL, 91, NULL, 'P26 = 3'),
(NULL, NULL, NULL, 2, 593, 591, 592, 91, NULL, 'P26 = 4 OR P26 = 3'),
(NULL, NULL, NULL, 3, 594, 593, NULL, 91, NULL, '(P26 = 4 OR P26 = 3)'),
(289, 5, 1, 0, 595, NULL, NULL, 91, NULL, 'P62 = 1'),
(290, 5, 1, 0, 596, NULL, NULL, 91, NULL, 'P63 = 1'),
(NULL, NULL, NULL, 2, 597, 595, 596, 91, NULL, 'P62 = 1 OR P63 = 1'),
(NULL, NULL, NULL, 3, 598, 597, NULL, 91, NULL, '(P62 = 1 OR P63 = 1)'),
(NULL, NULL, NULL, 1, 599, 586, 590, 91, NULL, '(P24 = 4 OR P24 = 3) AND (P25 = 4 OR P25 = 3)'),
(NULL, NULL, NULL, 1, 600, 599, 594, 91, NULL, '(P24 = 4 OR P24 = 3) AND (P25 = 4 OR P25 = 3) AND (P26 = 4 OR P26 = 3)'),
(NULL, NULL, NULL, 1, 601, 600, 598, 91, 1, '(P24 = 4 OR P24 = 3) AND (P25 = 4 OR P25 = 3) AND (P26 = 4 OR P26 = 3) AND (P62 = 1 OR P63 = 1)'),
(231, 5, 1, 0, 602, NULL, NULL, 92, NULL, 'P26 = 1'),
(231, 5, 2, 0, 603, NULL, NULL, 92, NULL, 'P26 = 2'),
(NULL, NULL, NULL, 2, 604, 602, 603, 92, NULL, 'P26 = 1 OR P26 = 2'),
(NULL, NULL, NULL, 3, 605, 604, NULL, 92, 1, '(P26 = 1 OR P26 = 2)'),
(232, 5, 1, 0, 606, NULL, NULL, 93, NULL, 'P27 = 1'),
(232, 5, 2, 0, 607, NULL, NULL, 93, NULL, 'P27 = 2'),
(NULL, NULL, NULL, 2, 608, 606, 607, 93, 1, 'P27 = 1 OR P27 = 2'),
(289, 5, 1, 0, 609, NULL, NULL, 94, 1, 'P62 = 1'),
(290, 5, 1, 0, 610, NULL, NULL, 95, 1, 'P63 = 1'),
(227, 5, 1, 0, 611, NULL, NULL, 96, NULL, 'P29 = 1'),
(228, 5, 1, 0, 612, NULL, NULL, 96, NULL, 'P30 = 1'),
(NULL, NULL, NULL, 2, 613, 611, 612, 96, NULL, 'P29 = 1 OR P30 = 1'),
(NULL, NULL, NULL, 3, 614, 613, NULL, 96, NULL, '(P29 = 1 OR P30 = 1)'),
(227, 5, 2, 0, 615, NULL, NULL, 96, NULL, 'P29 = 2'),
(228, 5, 2, 0, 616, NULL, NULL, 96, NULL, 'P30 = 2'),
(NULL, NULL, NULL, 2, 617, 615, 616, 96, NULL, 'P29 = 2 OR P30 = 2'),
(NULL, NULL, NULL, 3, 618, 617, NULL, 96, NULL, '(P29 = 2 OR P30 = 2)'),
(NULL, NULL, NULL, 2, 619, 614, 618, 96, 1, '(P29 = 1 OR P30 = 1) OR (P29 = 2 OR P30 = 2)'),
(227, 5, 3, 0, 620, NULL, NULL, 97, NULL, 'P29 = 3'),
(228, 5, 3, 0, 621, NULL, NULL, 97, NULL, 'P30 = 3'),
(NULL, NULL, NULL, 1, 622, 620, 621, 97, NULL, 'P29 = 3 AND P30 = 3'),
(183, 1, 0, 0, 627, NULL, NULL, 99, NULL, 'P31 > 0'),
(183, 2, 4, 0, 628, NULL, NULL, 99, NULL, 'P31 < 4'),
(NULL, NULL, NULL, 1, 629, 627, 628, 99, NULL, 'P31 > 0 AND P31 < 4'),
(NULL, NULL, NULL, 3, 630, 629, NULL, 99, 1, '(P31 > 0 AND P31 < 4)'),
(183, 5, 1, 0, 631, NULL, NULL, 100, NULL, 'P31 = 1'),
(183, 5, 2, 0, 632, NULL, NULL, 100, NULL, 'P31 = 2'),
(183, 5, 3, 0, 633, NULL, NULL, 100, NULL, 'P31 = 3'),
(NULL, NULL, NULL, 2, 634, 631, 632, 100, NULL, 'P31 = 1 OR P31 = 2'),
(NULL, NULL, NULL, 2, 635, 634, 633, 100, NULL, 'P31 = 1 OR P31 = 2 OR P31 = 3'),
(NULL, NULL, NULL, 3, 636, 635, NULL, 100, NULL, '(P31 = 1 OR P31 = 2 OR P31 = 3)'),
(185, 5, 4, 0, 637, NULL, NULL, 100, NULL, 'P32 = 4'),
(NULL, NULL, NULL, 1, 638, 636, 637, 100, 1, '(P31 = 1 OR P31 = 2 OR P31 = 3) AND P32 = 4'),
(183, 5, 4, 0, 641, NULL, NULL, 101, NULL, 'P31 = 4'),
(185, 5, 4, 0, 642, NULL, NULL, 101, NULL, 'P32 = 4'),
(189, 5, 1, 0, 644, NULL, NULL, 103, NULL, 'P36 = 1'),
(189, 5, 2, 0, 645, NULL, NULL, 103, NULL, 'P36 = 2'),
(189, 5, 3, 0, 646, NULL, NULL, 103, NULL, 'P36 = 3'),
(NULL, NULL, NULL, 2, 647, 644, 645, 103, NULL, 'P36 = 1 OR P36 = 2'),
(NULL, NULL, NULL, 2, 648, 647, 646, 103, NULL, 'P36 = 1 OR P36 = 2 OR P36 = 3'),
(NULL, NULL, NULL, 3, 649, 648, NULL, 103, NULL, '(P36 = 1 OR P36 = 2 OR P36 = 3)'),
(190, 5, 1, 0, 650, NULL, NULL, 103, NULL, 'P37 = 1'),
(190, 5, 2, 0, 653, NULL, NULL, 103, NULL, 'P37 = 2'),
(NULL, NULL, NULL, 2, 654, 650, 653, 103, NULL, 'P37 = 1 OR P37 = 2'),
(NULL, NULL, NULL, 3, 655, 654, NULL, 103, NULL, '(P37 = 1 OR P37 = 2)'),
(NULL, NULL, NULL, 1, 656, 649, 655, 103, 1, '(P36 = 1 OR P36 = 2 OR P36 = 3) AND (P37 = 1 OR P37 = 2)'),
(189, 5, 1, 0, 657, NULL, NULL, 104, NULL, 'P36 = 1'),
(189, 5, 2, 0, 658, NULL, NULL, 104, NULL, 'P36 = 2'),
(NULL, NULL, NULL, 2, 659, 657, 658, 104, NULL, 'P36 = 1 OR P36 = 2'),
(NULL, NULL, NULL, 3, 660, 659, NULL, 104, NULL, '(P36 = 1 OR P36 = 2)'),
(190, 5, 3, 0, 661, NULL, NULL, 104, NULL, 'P37 = 3'),
(190, 5, 4, 0, 662, NULL, NULL, 104, NULL, 'P37 = 4'),
(NULL, NULL, NULL, 2, 663, 661, 662, 104, NULL, 'P37 = 3 OR P37 = 4'),
(NULL, NULL, NULL, 3, 664, 663, NULL, 104, NULL, '(P37 = 3 OR P37 = 4)'),
(NULL, NULL, NULL, 1, 665, 660, 664, 104, 1, '(P36 = 1 OR P36 = 2) AND (P37 = 3 OR P37 = 4)'),
(189, 5, 3, 0, 666, NULL, NULL, 105, NULL, 'P36 = 3'),
(190, 5, 3, 0, 667, NULL, NULL, 105, NULL, 'P37 = 3'),
(190, 5, 4, 0, 668, NULL, NULL, 105, NULL, 'P37 = 4'),
(NULL, NULL, NULL, 2, 669, 667, 668, 105, NULL, 'P37 = 3 OR P37 = 4'),
(NULL, NULL, NULL, 3, 670, 669, NULL, 105, NULL, '(P37 = 3 OR P37 = 4)'),
(NULL, NULL, NULL, 1, 671, 666, 670, 105, 1, 'P36 = 3 AND (P37 = 3 OR P37 = 4)'),
(189, 5, 4, 0, 672, NULL, NULL, 106, 1, 'P36 = 4'),
(193, 5, 1, 0, 673, NULL, NULL, 107, NULL, 'P39 = 1'),
(193, 5, 2, 0, 674, NULL, NULL, 107, NULL, 'P39 = 2'),
(NULL, NULL, NULL, 2, 675, 673, 674, 107, 1, 'P39 = 1 OR P39 = 2'),
(193, 5, 3, 0, 677, NULL, NULL, 108, 1, 'P39 = 3'),
(193, 5, 4, 0, 678, NULL, NULL, 109, 1, 'P39 = 4'),
(194, 5, 1, 0, 679, NULL, NULL, 111, NULL, 'P40 = 1'),
(194, 5, 2, 0, 680, NULL, NULL, 111, NULL, 'P40 = 2'),
(194, 5, 3, 0, 681, NULL, NULL, 111, NULL, 'P40 = 3'),
(NULL, NULL, NULL, 2, 682, 679, 680, 111, NULL, 'P40 = 1 OR P40 = 2'),
(NULL, NULL, NULL, 2, 683, 682, 681, 111, 1, 'P40 = 1 OR P40 = 2 OR P40 = 3'),
(195, 5, 1, 0, 690, NULL, NULL, 113, NULL, 'P41 = 1'),
(195, 5, 2, 0, 691, NULL, NULL, 113, NULL, 'P41 = 2'),
(195, 5, 3, 0, 692, NULL, NULL, 113, NULL, 'P41 = 3'),
(NULL, NULL, NULL, 2, 693, 690, 691, 113, NULL, 'P41 = 1 OR P41 = 2'),
(NULL, NULL, NULL, 2, 695, 693, 692, 113, NULL, 'P41 = 1 OR P41 = 2 OR P41 = 3'),
(196, 5, 1, 0, 697, NULL, NULL, 113, NULL, 'P42 = 1'),
(279, 5, 4, 0, 699, NULL, NULL, 113, NULL, 'P43 = 4'),
(NULL, NULL, NULL, 3, 701, 695, NULL, 113, NULL, '(P41 = 1 OR P41 = 2 OR P41 = 3)'),
(NULL, NULL, NULL, 3, 702, 697, NULL, 113, NULL, '(P42 = 1)'),
(NULL, NULL, NULL, 3, 703, 699, NULL, 113, NULL, '(P43 = 4)'),
(NULL, NULL, NULL, 1, 704, 701, 702, 113, NULL, '(P41 = 1 OR P41 = 2 OR P41 = 3) AND (P42 = 1)'),
(NULL, NULL, NULL, 1, 705, 704, 703, 113, 1, '(P41 = 1 OR P41 = 2 OR P41 = 3) AND (P42 = 1) AND (P43 = 4)'),
(195, 5, 1, 0, 706, NULL, NULL, 114, NULL, 'P41 = 1'),
(195, 5, 2, 0, 707, NULL, NULL, 114, NULL, 'P41 = 2'),
(195, 5, 3, 0, 708, NULL, NULL, 114, NULL, 'P41 = 3'),
(NULL, NULL, NULL, 2, 709, 706, 707, 114, NULL, 'P41 = 1 OR P41 = 2'),
(NULL, NULL, NULL, 2, 710, 709, 708, 114, NULL, 'P41 = 1 OR P41 = 2 OR P41 = 3'),
(NULL, NULL, NULL, 3, 711, 710, NULL, 114, NULL, '(P41 = 1 OR P41 = 2 OR P41 = 3)'),
(196, 5, 2, 0, 712, NULL, NULL, 114, NULL, 'P42 = 2'),
(196, 5, 3, 0, 713, NULL, NULL, 114, NULL, 'P42 = 3'),
(NULL, NULL, NULL, 2, 714, 712, 713, 114, NULL, 'P42 = 2 OR P42 = 3'),
(NULL, NULL, NULL, 3, 715, 714, NULL, 114, NULL, '(P42 = 2 OR P42 = 3)'),
(279, 5, 3, 0, 716, NULL, NULL, 114, NULL, 'P43 = 3'),
(279, 5, 4, 0, 717, NULL, NULL, 114, NULL, 'P43 = 4'),
(NULL, NULL, NULL, 2, 718, 716, 717, 114, NULL, 'P43 = 3 OR P43 = 4'),
(NULL, NULL, NULL, 3, 719, 718, NULL, 114, NULL, '(P43 = 3 OR P43 = 4)'),
(NULL, NULL, NULL, 1, 720, 711, 715, 114, NULL, '(P41 = 1 OR P41 = 2 OR P41 = 3) AND (P42 = 2 OR P42 = 3)'),
(NULL, NULL, NULL, 1, 721, 720, 719, 114, 1, '(P41 = 1 OR P41 = 2 OR P41 = 3) AND (P42 = 2 OR P42 = 3) AND (P43 = 3 OR P43 = 4)'),
(195, 5, 1, 0, 722, NULL, NULL, 115, NULL, 'P41 = 1'),
(195, 5, 2, 0, 723, NULL, NULL, 115, NULL, 'P41 = 2'),
(195, 5, 3, 0, 724, NULL, NULL, 115, NULL, 'P41 = 3'),
(NULL, NULL, NULL, 2, 725, 722, 723, 115, NULL, 'P41 = 1 OR P41 = 2'),
(NULL, NULL, NULL, 2, 726, 725, 724, 115, NULL, 'P41 = 1 OR P41 = 2 OR P41 = 3'),
(NULL, NULL, NULL, 3, 727, 726, NULL, 115, NULL, '(P41 = 1 OR P41 = 2 OR P41 = 3)'),
(196, 5, 4, 0, 728, NULL, NULL, 115, NULL, 'P42 = 4'),
(279, 5, 4, 0, 729, NULL, NULL, 115, NULL, 'P43 = 4'),
(NULL, NULL, NULL, 2, 730, 727, 728, 115, NULL, '(P41 = 1 OR P41 = 2 OR P41 = 3) OR P42 = 4'),
(195, 5, 1, 0, 732, NULL, NULL, 116, NULL, 'P41 = 1'),
(195, 5, 2, 0, 733, NULL, NULL, 116, NULL, 'P41 = 2'),
(195, 5, 3, 0, 734, NULL, NULL, 116, NULL, 'P41 = 3'),
(NULL, NULL, NULL, 2, 735, 732, 733, 116, NULL, 'P41 = 1 OR P41 = 2'),
(NULL, NULL, NULL, 2, 736, 735, 734, 116, NULL, 'P41 = 1 OR P41 = 2 OR P41 = 3'),
(NULL, NULL, NULL, 3, 737, 736, NULL, 116, NULL, '(P41 = 1 OR P41 = 2 OR P41 = 3)'),
(196, 5, 1, 0, 738, NULL, NULL, 116, NULL, 'P42 = 1'),
(279, 5, 1, 0, 739, NULL, NULL, 116, NULL, 'P43 = 1'),
(NULL, NULL, NULL, 1, 740, 737, 738, 116, NULL, '(P41 = 1 OR P41 = 2 OR P41 = 3) AND P42 = 1'),
(NULL, NULL, NULL, 1, 741, 740, 739, 116, 1, '(P41 = 1 OR P41 = 2 OR P41 = 3) AND P42 = 1 AND P43 = 1'),
(195, 5, 1, 0, 742, NULL, NULL, 117, NULL, 'P41 = 1'),
(195, 5, 2, 0, 743, NULL, NULL, 117, NULL, 'P41 = 2'),
(195, 5, 3, 0, 744, NULL, NULL, 117, NULL, 'P41 = 3'),
(196, 5, 1, 0, 745, NULL, NULL, 117, NULL, 'P42 = 1'),
(279, 5, 3, 0, 746, NULL, NULL, 117, NULL, 'P43 = 3'),
(NULL, NULL, NULL, 2, 747, 742, 743, 117, NULL, 'P41 = 1 OR P41 = 2'),
(NULL, NULL, NULL, 2, 748, 747, 744, 117, NULL, 'P41 = 1 OR P41 = 2 OR P41 = 3'),
(NULL, NULL, NULL, 3, 749, 748, NULL, 117, NULL, '(P41 = 1 OR P41 = 2 OR P41 = 3)'),
(NULL, NULL, NULL, 1, 750, 749, 745, 117, NULL, '(P41 = 1 OR P41 = 2 OR P41 = 3) AND P42 = 1'),
(NULL, NULL, NULL, 1, 751, 750, 746, 117, 1, '(P41 = 1 OR P41 = 2 OR P41 = 3) AND P42 = 1 AND P43 = 3'),
(195, 5, 1, 0, 752, NULL, NULL, 118, NULL, 'P41 = 1'),
(195, 5, 2, 0, 753, NULL, NULL, 118, NULL, 'P41 = 2'),
(195, 5, 3, 0, 754, NULL, NULL, 118, NULL, 'P41 = 3'),
(NULL, NULL, NULL, 2, 755, 752, 753, 118, NULL, 'P41 = 1 OR P41 = 2'),
(NULL, NULL, NULL, 2, 756, 755, 754, 118, NULL, 'P41 = 1 OR P41 = 2 OR P41 = 3'),
(NULL, NULL, NULL, 3, 757, 756, NULL, 118, NULL, '(P41 = 1 OR P41 = 2 OR P41 = 3)'),
(196, 5, 4, 0, 758, NULL, NULL, 118, NULL, 'P42 = 4'),
(NULL, NULL, NULL, 3, 760, 758, NULL, 118, NULL, '(P42 = 4)'),
(279, 5, 1, 0, 761, NULL, NULL, 118, NULL, 'P43 = 1'),
(279, 5, 2, 0, 762, NULL, NULL, 118, NULL, 'P43 = 2'),
(279, 5, 3, 0, 763, NULL, NULL, 118, NULL, 'P43 = 3'),
(NULL, NULL, NULL, 2, 764, 761, 762, 118, NULL, 'P43 = 1 OR P43 = 2'),
(NULL, NULL, NULL, 2, 765, 764, 763, 118, NULL, 'P43 = 1 OR P43 = 2 OR P43 = 3'),
(NULL, NULL, NULL, 3, 766, 765, NULL, 118, NULL, '(P43 = 1 OR P43 = 2 OR P43 = 3)'),
(NULL, NULL, NULL, 1, 767, 757, 760, 118, NULL, '(P41 = 1 OR P41 = 2 OR P41 = 3) AND (P42 = 4)'),
(NULL, NULL, NULL, 1, 768, 767, 766, 118, 1, '(P41 = 1 OR P41 = 2 OR P41 = 3) AND (P42 = 4) AND (P43 = 1 OR P43 = 2 OR P43 = 3)'),
(292, 5, 1, 0, 770, NULL, NULL, 120, 1, 'P65 = 1'),
(293, 5, 1, 0, 771, NULL, NULL, 121, 1, 'P66 = 1'),
(294, 5, 1, 0, 772, NULL, NULL, 122, 1, 'P67 = 1'),
(295, 5, 1, 0, 773, NULL, NULL, 123, 1, 'P68 = 1'),
(299, 5, 1, 0, 774, NULL, NULL, 124, 1, 'P72 = 1'),
(280, 5, 1, 0, 775, NULL, NULL, 127, 1, 'P53 = 1'),
(281, 5, 1, 0, 776, NULL, NULL, 128, 1, 'P54 = 1'),
(284, 5, 1, 0, 779, NULL, NULL, 131, 1, 'P57 = 1'),
(286, 5, 1, 0, 780, NULL, NULL, 133, 1, 'P59 = 1'),
(287, 5, 1, 0, 781, NULL, NULL, 134, NULL, 'P60 = 1'),
(288, 5, 1, 0, 782, NULL, NULL, 135, 1, 'P61 = 1'),
(289, 5, 1, 0, 783, NULL, NULL, 136, 1, 'P62 = 1'),
(290, 5, 1, 0, 784, NULL, NULL, 137, 1, 'P63 = 1'),
(291, 5, 1, 0, 785, NULL, NULL, 138, 1, 'P64 = 1'),
(296, 5, 1, 0, 957, NULL, NULL, 168, 1, 'P69 = 1'),
(302, 5, 1, 0, 960, NULL, NULL, 169, 1, 'P73 = 1'),
(301, 5, 1, 0, 961, NULL, NULL, 170, 1, 'P74 = 1'),
(297, 5, 1, 0, 962, NULL, NULL, 171, 1, 'P70 = 1'),
(298, 5, 1, 0, 964, NULL, NULL, 172, 1, 'P71 = 1'),
(303, 5, 1, 0, 965, NULL, NULL, 173, 1, 'P75 = 1'),
(306, 5, 1, 0, 966, NULL, NULL, 174, 1, 'P78 = 1'),
(151, 5, 1, 0, 967, NULL, NULL, 175, 1, 'P81 = 1'),
(151, 5, 2, 0, 968, NULL, NULL, 176, 1, 'P81 = 2'),
(151, 5, 3, 0, 969, NULL, NULL, 177, 1, 'P81 = 3'),
(151, 5, 4, 0, 970, NULL, NULL, 178, 1, 'P81 = 4'),
(151, 5, 5, 0, 971, NULL, NULL, 179, 1, 'P81 = 5'),
(152, 5, 1, 0, 972, NULL, NULL, 180, 1, 'P82 = 1'),
(152, 5, 2, 0, 973, NULL, NULL, 181, 1, 'P82 = 2'),
(152, 5, 3, 0, 974, NULL, NULL, 182, 1, 'P82 = 3'),
(152, 5, 4, 0, 975, NULL, NULL, 183, 1, 'P82 = 4'),
(152, 5, 5, 0, 976, NULL, NULL, 184, 1, 'P82 = 5'),
(153, 5, 1, 0, 977, NULL, NULL, 185, 1, 'P83 = 1'),
(153, 5, 2, 0, 978, NULL, NULL, 186, 1, 'P83 = 2'),
(153, 5, 3, 0, 979, NULL, NULL, 187, 1, 'P83 = 3'),
(153, 5, 4, 0, 980, NULL, NULL, 188, 1, 'P83 = 4'),
(153, 5, 5, 0, 981, NULL, NULL, 189, 1, 'P83 = 5'),
(154, 5, 1, 0, 983, NULL, NULL, 191, 1, 'P84 = 1'),
(154, 5, 2, 0, 984, NULL, NULL, 192, 1, 'P84 = 2'),
(154, 5, 3, 0, 985, NULL, NULL, 193, 1, 'P84 = 3'),
(154, 5, 4, 0, 986, NULL, NULL, 194, 1, 'P84 = 4'),
(154, 5, 5, 0, 987, NULL, NULL, 195, 1, 'P84 = 5'),
(154, 5, 1, 0, 989, NULL, NULL, 196, 1, 'P84 = 1'),
(155, 5, 2, 0, 990, NULL, NULL, 197, 1, 'P85 = 2'),
(155, 5, 3, 0, 991, NULL, NULL, 198, 1, 'P85 = 3'),
(155, 5, 4, 0, 992, NULL, NULL, 199, 1, 'P85 = 4'),
(155, 5, 5, 0, 993, NULL, NULL, 200, 1, 'P85 = 5'),
(157, 5, 1, 0, 994, NULL, NULL, 201, 1, 'P86 = 1'),
(157, 5, 2, 0, 995, NULL, NULL, 202, 1, 'P86 = 2'),
(157, 5, 3, 0, 996, NULL, NULL, 203, 1, 'P86 = 3'),
(157, 5, 4, 0, 997, NULL, NULL, 204, 1, 'P86 = 4'),
(157, 5, 5, 0, 998, NULL, NULL, 205, 1, 'P86 = 5'),
(195, 5, 4, 0, 1000, NULL, NULL, 207, NULL, 'P41 = 4'),
(196, 5, -101, 0, 1001, NULL, NULL, 207, NULL, 'P42 = -101'),
(196, 5, 4, 0, 1002, NULL, NULL, 207, NULL, 'P42 = 4'),
(NULL, NULL, NULL, 2, 1003, 1001, 1002, 207, NULL, 'P42 = -101 OR P42 = 4'),
(NULL, NULL, NULL, 3, 1004, 1003, NULL, 207, NULL, '(P42 = -101 OR P42 = 4)'),
(279, 5, -101, 0, 1005, NULL, NULL, 207, NULL, 'P43 = -101'),
(279, 5, 4, 0, 1006, NULL, NULL, 207, NULL, 'P43 = 4'),
(NULL, NULL, NULL, 2, 1007, 1005, 1006, 207, NULL, 'P43 = -101 OR P43 = 4'),
(NULL, NULL, NULL, 3, 1008, 1007, NULL, 207, NULL, '(P43 = -101 OR P43 = 4)'),
(NULL, NULL, NULL, 1, 1009, 1004, 1008, 207, NULL, '(P42 = -101 OR P42 = 4) AND (P43 = -101 OR P43 = 4)'),
(NULL, NULL, NULL, 3, 1010, 1000, NULL, 207, NULL, '(P41 = 4)'),
(NULL, NULL, NULL, 1, 1011, 1010, 1009, 207, 1, '(P41 = 4) AND (P42 = -101 OR P42 = 4) AND (P43 = -101 OR P43 = 4)'),
(164, 5, 1, 0, 1012, NULL, NULL, 208, NULL, 'P43 = 1'),
(165, 5, 1, 0, 1013, NULL, NULL, 208, NULL, 'P44 = 1'),
(NULL, NULL, NULL, 1, 1014, 1012, 1013, 208, NULL, 'P43 = 1 AND P44 = 1'),
(NULL, NULL, NULL, 3, 1015, 1014, NULL, 208, 1, '(P43 = 1 AND P44 = 1)'),
(165, 5, 2, 0, 1017, NULL, NULL, 210, NULL, 'P44 = 2'),
(164, 5, 1, 0, 1018, NULL, NULL, 210, NULL, 'P43 = 1'),
(NULL, NULL, NULL, 1, 1019, 1018, 1017, 210, 1, 'P43 = 1 AND P44 = 2'),
(164, 5, 2, 0, 1020, NULL, NULL, 211, NULL, 'P43 = 2'),
(165, 5, 1, 0, 1021, NULL, NULL, 211, NULL, 'P44 = 1'),
(NULL, NULL, NULL, 1, 1022, 1020, 1021, 211, 1, 'P43 = 2 AND P44 = 1'),
(164, 5, 2, 0, 1023, NULL, NULL, 212, NULL, 'P43 = 2'),
(165, 5, 3, 0, 1024, NULL, NULL, 212, NULL, 'P44 = 3'),
(164, 5, 3, 0, 1025, NULL, NULL, 212, NULL, 'P43 = 3'),
(163, 5, 2, 0, 1026, NULL, NULL, 212, NULL, 'P44 = 2'),
(NULL, NULL, NULL, 1, 1027, 1023, 1024, 212, NULL, 'P43 = 2 AND P44 = 3'),
(NULL, NULL, NULL, 1, 1028, 1025, 1026, 212, NULL, 'P43 = 3 AND P44 = 2'),
(NULL, NULL, NULL, 3, 1029, 1027, NULL, 212, NULL, '(P43 = 2 AND P44 = 3)'),
(NULL, NULL, NULL, 3, 1030, 1028, NULL, 212, NULL, '(P43 = 3 AND P44 = 2)'),
(NULL, NULL, NULL, 1, 1031, 1029, 1030, 212, 1, '(P43 = 2 AND P44 = 3) AND (P43 = 3 AND P44 = 2)'),
(164, 5, 1, 0, 1032, NULL, NULL, 213, NULL, 'P43 = 1'),
(165, 5, 3, 0, 1033, NULL, NULL, 213, NULL, 'P44 = 3'),
(164, 5, 3, 0, 1034, NULL, NULL, 213, NULL, 'P43 = 3'),
(163, 5, 1, 0, 1035, NULL, NULL, 213, NULL, 'P44 = 1'),
(NULL, NULL, NULL, 1, 1036, 1032, 1033, 213, NULL, 'P43 = 1 AND P44 = 3'),
(NULL, NULL, NULL, 1, 1037, 1034, 1035, 213, NULL, 'P43 = 3 AND P44 = 1'),
(NULL, NULL, NULL, 3, 1038, 1036, NULL, 213, NULL, '(P43 = 1 AND P44 = 3)'),
(NULL, NULL, NULL, 3, 1039, 1037, NULL, 213, NULL, '(P43 = 3 AND P44 = 1)'),
(NULL, NULL, NULL, 2, 1041, 1038, 1039, 213, 1, '(P43 = 1 AND P44 = 3) OR (P43 = 3 AND P44 = 1)'),
(164, 5, 4, 0, 1042, NULL, NULL, 214, NULL, 'P43 = 4'),
(165, 5, 2, 0, 1043, NULL, NULL, 214, NULL, 'P44 = 2'),
(164, 5, 2, 0, 1046, NULL, NULL, 214, NULL, 'P43 = 2'),
(165, 5, 4, 0, 1047, NULL, NULL, 214, NULL, 'P44 = 4'),
(NULL, NULL, NULL, 1, 1048, 1046, 1047, 214, NULL, 'P43 = 2 AND P44 = 4'),
(NULL, NULL, NULL, 1, 1049, 1042, 1043, 214, NULL, 'P43 = 4 AND P44 = 2'),
(NULL, NULL, NULL, 3, 1050, 1048, NULL, 214, NULL, '(P43 = 2 AND P44 = 4)'),
(NULL, NULL, NULL, 3, 1051, 1049, NULL, 214, NULL, '(P43 = 4 AND P44 = 2)'),
(NULL, NULL, NULL, 2, 1052, 1050, 1051, 214, 1, '(P43 = 2 AND P44 = 4) OR (P43 = 4 AND P44 = 2)'),
(164, 5, 3, 0, 1053, NULL, NULL, 215, NULL, 'P43 = 3'),
(165, 5, 4, 0, 1054, NULL, NULL, 215, NULL, 'P44 = 4'),
(NULL, NULL, NULL, 1, 1055, 1053, 1054, 215, NULL, 'P43 = 3 AND P44 = 4'),
(164, 5, 4, 0, 1056, NULL, NULL, 215, NULL, 'P43 = 4'),
(165, 5, 3, 0, 1057, NULL, NULL, 215, NULL, 'P44 = 3'),
(NULL, NULL, NULL, 1, 1058, 1056, 1057, 215, NULL, 'P43 = 4 AND P44 = 3'),
(NULL, NULL, NULL, 3, 1059, 1055, NULL, 215, NULL, '(P43 = 3 AND P44 = 4)'),
(NULL, NULL, NULL, 3, 1060, 1058, NULL, 215, NULL, '(P43 = 4 AND P44 = 3)'),
(NULL, NULL, NULL, 2, 1061, 1059, 1060, 215, 1, '(P43 = 3 AND P44 = 4) OR (P43 = 4 AND P44 = 3)'),
(164, 5, 3, 0, 1062, NULL, NULL, 216, NULL, 'P43 = 3'),
(165, 5, 3, 0, 1063, NULL, NULL, 216, NULL, 'P44 = 3'),
(NULL, NULL, NULL, 1, 1064, 1062, 1063, 216, 1, 'P43 = 3 AND P44 = 3'),
(164, 5, 2, 0, 1065, NULL, NULL, 217, NULL, 'P43 = 2'),
(165, 5, 2, 0, 1066, NULL, NULL, 217, NULL, 'P44 = 2'),
(NULL, NULL, NULL, 1, 1067, 1065, 1066, 217, 1, 'P43 = 2 AND P44 = 2'),
(164, 5, 1, 0, 1068, NULL, NULL, 218, 1, 'P43 = 1'),
(164, 5, 2, 0, 1069, NULL, NULL, 219, 1, 'P43 = 2'),
(164, 5, 3, 0, 1070, NULL, NULL, 220, NULL, 'P43 = 3'),
(164, 5, 4, 0, 1071, NULL, NULL, 220, NULL, 'P43 = 4'),
(NULL, NULL, NULL, 2, 1072, 1070, 1071, 220, 1, 'P43 = 3 OR P43 = 4'),
(165, 5, 1, 0, 1073, NULL, NULL, 221, NULL, 'P44 = 1'),
(165, 5, 2, 0, 1074, NULL, NULL, 221, NULL, 'P44 = 2'),
(NULL, NULL, NULL, 2, 1075, 1073, 1074, 221, NULL, 'P44 = 1 OR P44 = 2'),
(NULL, NULL, NULL, 3, 1076, 1075, NULL, 221, NULL, '(P44 = 1 OR P44 = 2)'),
(348, 5, 1, 0, 1077, NULL, NULL, 221, NULL, 'P47 = 1'),
(348, 5, 2, 0, 1078, NULL, NULL, 221, NULL, 'P47 = 2'),
(NULL, NULL, NULL, 2, 1079, 1077, 1078, 221, NULL, 'P47 = 1 OR P47 = 2'),
(NULL, NULL, NULL, 3, 1080, 1079, NULL, 221, NULL, '(P47 = 1 OR P47 = 2)'),
(NULL, NULL, NULL, 1, 1081, 1076, 1080, 221, 1, '(P44 = 1 OR P44 = 2) AND (P47 = 1 OR P47 = 2)'),
(170, 5, 1, 0, 1085, NULL, NULL, 223, 1, 'P49 = 1'),
(170, 5, 2, 0, 1086, NULL, NULL, 224, 1, 'P49 = 2'),
(170, 5, 3, 0, 1087, NULL, NULL, 225, NULL, 'P49 = 3'),
(170, 5, 4, 0, 1088, NULL, NULL, 225, NULL, 'P49 = 4'),
(NULL, NULL, NULL, 2, 1089, 1087, 1088, 225, 1, 'P49 = 3 OR P49 = 4'),
(171, 5, 1, 0, 1090, NULL, NULL, 226, 1, 'P50 = 1'),
(176, 5, 1, 0, 1091, NULL, NULL, 227, 1, 'P52 = 1'),
(176, 5, 2, 0, 1092, NULL, NULL, 228, 1, 'P52 = 2'),
(176, 5, 3, 0, 1093, NULL, NULL, 229, 1, 'P52 = 3'),
(176, 5, 4, 0, 1094, NULL, NULL, 230, 1, 'P52 = 4'),
(215, 5, 3, 0, 1125, NULL, NULL, 42, NULL, 'P6 = 3'),
(215, 5, 4, 0, 1126, NULL, NULL, 42, NULL, 'P6 = 4'),
(NULL, NULL, NULL, 2, 1127, 1125, 1126, 42, NULL, 'P6 = 3 OR P6 = 4'),
(NULL, NULL, NULL, 3, 1128, 1127, NULL, 42, NULL, '(P6 = 3 OR P6 = 4)'),
(NULL, NULL, NULL, 3, 1129, 248, NULL, 42, NULL, '(P5 = 3)'),
(NULL, NULL, NULL, 1, 1130, 1129, 1128, 42, NULL, '(P5 = 3) AND (P6 = 3 OR P6 = 4)'),
(NULL, NULL, NULL, 3, 1131, 1130, NULL, 42, NULL, '((P5 = 3) AND (P6 = 3 OR P6 = 4))'),
(NULL, NULL, NULL, 1, 1132, 247, 1131, 42, 1, '(P4 = 1 OR P4 = 2 OR P4 = 3) AND ((P5 = 3) AND (P6 = 3 OR P6 = 4))'),
(213, 5, 1, 0, 1149, NULL, NULL, 235, NULL, 'P4 = 1'),
(213, 5, 2, 0, 1150, NULL, NULL, 235, NULL, 'P4 = 2'),
(213, 5, 3, 0, 1151, NULL, NULL, 235, NULL, 'P4 = 3'),
(NULL, NULL, NULL, 2, 1152, 1149, 1150, 235, NULL, 'P4 = 1 OR P4 = 2'),
(NULL, NULL, NULL, 2, 1153, 1152, 1151, 235, NULL, 'P4 = 1 OR P4 = 2 OR P4 = 3'),
(NULL, NULL, NULL, 3, 1154, 1153, NULL, 235, NULL, '(P4 = 1 OR P4 = 2 OR P4 = 3)'),
(214, 5, 3, 0, 1155, NULL, NULL, 235, NULL, 'P5 = 3'),
(214, 5, 4, 0, 1156, NULL, NULL, 235, NULL, 'P5 = 4'),
(NULL, NULL, NULL, 2, 1157, 1155, 1156, 235, NULL, 'P5 = 3 OR P5 = 4'),
(NULL, NULL, NULL, 3, 1158, 1157, NULL, 235, NULL, '(P5 = 3 OR P5 = 4)'),
(215, 5, 3, 0, 1159, NULL, NULL, 235, NULL, 'P6 = 3'),
(NULL, NULL, NULL, 3, 1160, 1159, NULL, 235, NULL, '(P6 = 3)'),
(NULL, NULL, NULL, 1, 1161, 1158, 1160, 235, NULL, '(P5 = 3 OR P5 = 4) AND (P6 = 3)'),
(NULL, NULL, NULL, 3, 1162, 1161, NULL, 235, NULL, '((P5 = 3 OR P5 = 4) AND (P6 = 3))'),
(NULL, NULL, NULL, 1, 1163, 1154, 1162, 235, 1, '(P4 = 1 OR P4 = 2 OR P4 = 3) AND ((P5 = 3 OR P5 = 4) AND (P6 = 3))'),
(213, 5, 4, 0, 1164, NULL, NULL, 236, NULL, 'P4 = 4'),
(NULL, NULL, NULL, 3, 1165, 1164, NULL, 236, NULL, '(P4 = 4)'),
(214, 5, 3, 0, 1166, NULL, NULL, 236, NULL, 'P5 = 3'),
(215, 5, 4, 0, 1167, NULL, NULL, 236, NULL, 'P6 = 4'),
(NULL, NULL, NULL, 1, 1168, 1166, 1167, 236, NULL, 'P5 = 3 AND P6 = 4'),
(NULL, NULL, NULL, 3, 1169, 1168, NULL, 236, NULL, '(P5 = 3 AND P6 = 4)'),
(214, 5, 4, 0, 1170, NULL, NULL, 236, NULL, 'P5 = 4'),
(215, 5, 3, 0, 1171, NULL, NULL, 236, NULL, 'P6 = 3'),
(NULL, NULL, NULL, 1, 1172, 1170, 1171, 236, NULL, 'P5 = 4 AND P6 = 3'),
(NULL, NULL, NULL, 3, 1173, 1172, NULL, 236, NULL, '(P5 = 4 AND P6 = 3)'),
(NULL, NULL, NULL, 2, 1174, 1169, 1173, 236, NULL, '(P5 = 3 AND P6 = 4) OR (P5 = 4 AND P6 = 3)'),
(NULL, NULL, NULL, 3, 1175, 1174, NULL, 236, NULL, '((P5 = 3 AND P6 = 4) OR (P5 = 4 AND P6 = 3))'),
(NULL, NULL, NULL, 1, 1176, 1165, 1175, 236, 1, '(P4 = 4) AND ((P5 = 3 AND P6 = 4) OR (P5 = 4 AND P6 = 3))'),
(213, 5, 4, 0, 1177, NULL, NULL, 237, NULL, 'P4 = 4'),
(NULL, NULL, NULL, 3, 1178, 1177, NULL, 237, NULL, '(P4 = 4)'),
(214, 5, 1, 0, 1179, NULL, NULL, 237, NULL, 'P5 = 1'),
(214, 5, 2, 0, 1180, NULL, NULL, 237, NULL, 'P5 = 2'),
(NULL, NULL, NULL, 2, 1181, 1179, 1180, 237, NULL, 'P5 = 1 OR P5 = 2'),
(NULL, NULL, NULL, 3, 1182, 1181, NULL, 237, NULL, '(P5 = 1 OR P5 = 2)'),
(215, 5, 1, 0, 1183, NULL, NULL, 237, NULL, 'P6 = 1'),
(215, 5, 2, 0, 1184, NULL, NULL, 237, NULL, 'P6 = 2'),
(NULL, NULL, NULL, 2, 1185, 1183, 1184, 237, NULL, 'P6 = 1 OR P6 = 2'),
(NULL, NULL, NULL, 3, 1186, 1185, NULL, 237, NULL, '(P6 = 1 OR P6 = 2)'),
(NULL, NULL, NULL, 1, 1187, 1182, 1186, 237, NULL, '(P5 = 1 OR P5 = 2) AND (P6 = 1 OR P6 = 2)'),
(NULL, NULL, NULL, 3, 1188, 1187, NULL, 237, NULL, '((P5 = 1 OR P5 = 2) AND (P6 = 1 OR P6 = 2))'),
(NULL, NULL, NULL, 1, 1189, 1178, 1188, 237, 1, '(P4 = 4) AND ((P5 = 1 OR P5 = 2) AND (P6 = 1 OR P6 = 2))'),
(213, 5, 1, 0, 1190, NULL, NULL, 238, NULL, 'P4 = 1'),
(213, 5, 2, 0, 1191, NULL, NULL, 238, NULL, 'P4 = 2'),
(213, 5, 3, 0, 1192, NULL, NULL, 238, NULL, 'P4 = 3'),
(NULL, NULL, NULL, 2, 1194, 1190, 1191, 238, NULL, 'P4 = 1 OR P4 = 2'),
(NULL, NULL, NULL, 2, 1195, 1194, 1192, 238, NULL, 'P4 = 1 OR P4 = 2 OR P4 = 3'),
(NULL, NULL, NULL, 3, 1196, 1195, NULL, 238, NULL, '(P4 = 1 OR P4 = 2 OR P4 = 3)'),
(214, 5, 1, 0, 1197, NULL, NULL, 238, NULL, 'P5 = 1'),
(214, 5, 2, 0, 1198, NULL, NULL, 238, NULL, 'P5 = 2'),
(NULL, NULL, NULL, 2, 1199, 1197, 1198, 238, NULL, 'P5 = 1 OR P5 = 2'),
(NULL, NULL, NULL, 3, 1200, 1199, NULL, 238, NULL, '(P5 = 1 OR P5 = 2)'),
(215, 5, 1, 0, 1201, NULL, NULL, 238, NULL, 'P6 = 1'),
(215, 5, 2, 0, 1203, NULL, NULL, 238, NULL, 'P6 = 2'),
(NULL, NULL, NULL, 2, 1204, 1201, 1203, 238, NULL, 'P6 = 1 OR P6 = 2'),
(NULL, NULL, NULL, 3, 1205, 1204, NULL, 238, NULL, '(P6 = 1 OR P6 = 2)'),
(NULL, NULL, NULL, 1, 1206, 1200, 1205, 238, NULL, '(P5 = 1 OR P5 = 2) AND (P6 = 1 OR P6 = 2)'),
(NULL, NULL, NULL, 3, 1207, 1206, NULL, 238, NULL, '((P5 = 1 OR P5 = 2) AND (P6 = 1 OR P6 = 2))'),
(NULL, NULL, NULL, 1, 1208, 1196, 1207, 238, 1, '(P4 = 1 OR P4 = 2 OR P4 = 3) AND ((P5 = 1 OR P5 = 2) AND (P6 = 1 OR P6 = 2))'),
(213, 5, 1, 0, 1209, NULL, NULL, 239, NULL, 'P4 = 1'),
(213, 5, 2, 0, 1210, NULL, NULL, 239, NULL, 'P4 = 2'),
(213, 5, 3, 0, 1211, NULL, NULL, 239, NULL, 'P4 = 3'),
(NULL, NULL, NULL, 2, 1212, 1210, 1209, 239, NULL, 'P4 = 2 OR P4 = 1'),
(NULL, NULL, NULL, 2, 1213, 1212, 1211, 239, NULL, 'P4 = 2 OR P4 = 1 OR P4 = 3'),
(NULL, NULL, NULL, 3, 1214, 1213, NULL, 239, NULL, '(P4 = 2 OR P4 = 1 OR P4 = 3)'),
(214, 5, 4, 0, 1215, NULL, NULL, 239, NULL, 'P5 = 4'),
(NULL, NULL, NULL, 3, 1216, 1215, NULL, 239, NULL, '(P5 = 4)'),
(215, 5, 4, 0, 1217, NULL, NULL, 239, NULL, 'P6 = 4'),
(NULL, NULL, NULL, 3, 1218, 1217, NULL, 239, NULL, '(P6 = 4)'),
(NULL, NULL, NULL, 1, 1219, 1216, 1218, 239, NULL, '(P5 = 4) AND (P6 = 4)'),
(NULL, NULL, NULL, 3, 1220, 1219, NULL, 239, NULL, '((P5 = 4) AND (P6 = 4))'),
(NULL, NULL, NULL, 1, 1221, 1214, 1220, 239, 1, '(P4 = 2 OR P4 = 1 OR P4 = 3) AND ((P5 = 4) AND (P6 = 4))'),
(213, 5, 1, 0, 1222, NULL, NULL, 240, NULL, 'P4 = 1'),
(213, 5, 2, 0, 1223, NULL, NULL, 240, NULL, 'P4 = 2'),
(213, 5, 3, 0, 1224, NULL, NULL, 240, NULL, 'P4 = 3'),
(NULL, NULL, NULL, 2, 1225, 1222, 1223, 240, NULL, 'P4 = 1 OR P4 = 2'),
(NULL, NULL, NULL, 2, 1226, 1225, 1224, 240, NULL, 'P4 = 1 OR P4 = 2 OR P4 = 3'),
(NULL, NULL, NULL, 3, 1227, 1226, NULL, 240, NULL, '(P4 = 1 OR P4 = 2 OR P4 = 3)'),
(214, 5, 3, 0, 1228, NULL, NULL, 240, NULL, 'P5 = 3'),
(214, 5, 4, 0, 1229, NULL, NULL, 240, NULL, 'P5 = 4'),
(NULL, NULL, NULL, 2, 1230, 1228, 1229, 240, NULL, 'P5 = 3 OR P5 = 4'),
(NULL, NULL, NULL, 3, 1231, 1230, NULL, 240, NULL, '(P5 = 3 OR P5 = 4)'),
(215, 5, 3, 0, 1232, NULL, NULL, 240, NULL, 'P6 = 3'),
(NULL, NULL, NULL, 3, 1233, 1232, NULL, 240, NULL, '(P6 = 3)'),
(NULL, NULL, NULL, 2, 1234, 1231, 1233, 240, NULL, '(P5 = 3 OR P5 = 4) OR (P6 = 3)'),
(NULL, NULL, NULL, 3, 1235, 1234, NULL, 240, NULL, '((P5 = 3 OR P5 = 4) OR (P6 = 3))'),
(NULL, NULL, NULL, 1, 1236, 1227, 1235, 240, 1, '(P4 = 1 OR P4 = 2 OR P4 = 3) AND ((P5 = 3 OR P5 = 4) OR (P6 = 3))'),
(216, 5, 3, 0, 1238, NULL, NULL, 241, NULL, 'P7 = 3'),
(283, 5, 2, 0, 1241, NULL, NULL, 241, NULL, 'P56 = 2'),
(308, 5, 2, 0, 1242, NULL, NULL, 241, NULL, 'P80 = 2'),
(216, 5, 1, 0, 1266, NULL, NULL, 243, NULL, 'P7 = 1'),
(216, 5, 2, 0, 1267, NULL, NULL, 243, NULL, 'P7 = 2'),
(NULL, NULL, NULL, 2, 1270, 1266, 1267, 243, NULL, 'P7 = 1 OR P7 = 2'),
(NULL, NULL, NULL, 3, 1271, 1270, NULL, 243, NULL, '(P7 = 1 OR P7 = 2)'),
(283, 5, 1, 0, 1272, NULL, NULL, 243, NULL, 'P56 = 1'),
(308, 5, 1, 0, 1277, NULL, NULL, 243, NULL, 'P80 = 1'),
(NULL, NULL, NULL, 2, 1284, 1272, 1277, 243, NULL, 'P56 = 1 OR P80 = 1'),
(NULL, NULL, NULL, 3, 1285, 1284, NULL, 243, NULL, '(P56 = 1 OR P80 = 1)'),
(NULL, NULL, NULL, 1, 1288, 1271, 1285, 243, 1, '(P7 = 1 OR P7 = 2) AND (P56 = 1 OR P80 = 1)'),
(NULL, NULL, NULL, 3, 1289, 1238, NULL, 241, NULL, '(P7 = 3)'),
(NULL, NULL, NULL, 1, 1290, 1241, 1242, 241, NULL, 'P56 = 2 AND P80 = 2'),
(NULL, NULL, NULL, 3, 1291, 1290, NULL, 241, NULL, '(P56 = 2 AND P80 = 2)'),
(NULL, NULL, NULL, 1, 1292, 1289, 1291, 241, 1, '(P7 = 3) AND (P56 = 2 AND P80 = 2)'),
(216, 5, 4, 0, 1296, NULL, NULL, 244, NULL, 'P7 = 4'),
(283, 5, 2, 0, 1297, NULL, NULL, 244, NULL, 'P56 = 2'),
(308, 5, 2, 0, 1298, NULL, NULL, 244, NULL, 'P80 = 2'),
(NULL, NULL, NULL, 3, 1299, 1296, NULL, 244, NULL, '(P7 = 4)'),
(NULL, NULL, NULL, 1, 1300, 1297, 1298, 244, NULL, 'P56 = 2 AND P80 = 2'),
(NULL, NULL, NULL, 3, 1301, 1300, NULL, 244, NULL, '(P56 = 2 AND P80 = 2)'),
(NULL, NULL, NULL, 1, 1302, 1299, 1301, 244, 1, '(P7 = 4) AND (P56 = 2 AND P80 = 2)'),
(218, 5, 1, 0, 1306, NULL, NULL, 247, NULL, 'P9 = 1'),
(218, 5, 2, 0, 1308, NULL, NULL, 247, NULL, 'P9 = 2'),
(218, 5, 3, 0, 1309, NULL, NULL, 247, NULL, 'P9 = 3'),
(NULL, NULL, NULL, 2, 1310, 1306, 1308, 247, NULL, 'P9 = 1 OR P9 = 2'),
(NULL, NULL, NULL, 2, 1311, 1310, 1309, 247, NULL, 'P9 = 1 OR P9 = 2 OR P9 = 3'),
(NULL, NULL, NULL, 3, 1312, 1311, NULL, 247, 1, '(P9 = 1 OR P9 = 2 OR P9 = 3)'),
(187, 5, 4, 0, 1313, NULL, NULL, 101, NULL, 'P33 = 4'),
(NULL, NULL, NULL, 3, 1314, 641, NULL, 101, NULL, '(P31 = 4)'),
(185, 5, -101, 0, 1315, NULL, NULL, 101, NULL, 'P32 = -101'),
(187, 5, -101, 0, 1316, NULL, NULL, 101, NULL, 'P33 = -101'),
(NULL, NULL, NULL, 2, 1317, 642, 1315, 101, NULL, 'P32 = 4 OR P32 = -101'),
(NULL, NULL, NULL, 3, 1318, 1317, NULL, 101, NULL, '(P32 = 4 OR P32 = -101)'),
(NULL, NULL, NULL, 2, 1319, 1313, 1316, 101, NULL, 'P33 = 4 OR P33 = -101'),
(NULL, NULL, NULL, 3, 1320, 1319, NULL, 101, NULL, '(P33 = 4 OR P33 = -101)'),
(NULL, NULL, NULL, 1, 1321, 1318, 1320, 101, NULL, '(P32 = 4 OR P32 = -101) AND (P33 = 4 OR P33 = -101)'),
(NULL, NULL, NULL, 1, 1322, 1314, 1321, 101, 1, '(P31 = 4) AND (P32 = 4 OR P32 = -101) AND (P33 = 4 OR P33 = -101)'),
(214, 5, 3, 0, 1323, NULL, NULL, 238, NULL, 'P5 = 3'),
(214, 5, 4, 0, 1324, NULL, NULL, 238, NULL, 'P5 = 4'),
(215, 5, 3, 0, 1325, NULL, NULL, 238, NULL, 'P6 = 3'),
(215, 5, 4, 0, 1326, NULL, NULL, 238, NULL, 'P6 = 4'),
(213, 5, 1, 0, 1327, NULL, NULL, 248, NULL, 'P4 = 1'),
(213, 5, 2, 0, 1328, NULL, NULL, 248, NULL, 'P4 = 2'),
(213, 5, 3, 0, 1329, NULL, NULL, 248, NULL, 'P4 = 3'),
(NULL, NULL, NULL, 2, 1330, 1327, 1328, 248, NULL, 'P4 = 1 OR P4 = 2'),
(NULL, NULL, NULL, 2, 1331, 1330, 1328, 248, NULL, 'P4 = 1 OR P4 = 2 OR P4 = 2'),
(NULL, NULL, NULL, 3, 1332, 1331, NULL, 248, NULL, '(P4 = 1 OR P4 = 2 OR P4 = 2)'),
(214, 5, 4, 0, 1333, NULL, NULL, 248, NULL, 'P5 = 4'),
(214, 5, 3, 0, 1334, NULL, NULL, 248, NULL, 'P5 = 3'),
(NULL, NULL, NULL, 2, 1335, 1334, 1333, 248, NULL, 'P5 = 3 OR P5 = 4'),
(NULL, NULL, NULL, 3, 1336, 1335, NULL, 248, NULL, '(P5 = 3 OR P5 = 4)'),
(215, 5, 1, 0, 1337, NULL, NULL, 248, NULL, 'P6 = 1'),
(215, 5, 2, 0, 1338, NULL, NULL, 248, NULL, 'P6 = 2'),
(NULL, NULL, NULL, 2, 1339, 1337, 1338, 248, NULL, 'P6 = 1 OR P6 = 2'),
(NULL, NULL, NULL, 3, 1341, 1339, NULL, 248, NULL, '(P6 = 1 OR P6 = 2)'),
(NULL, NULL, NULL, 1, 1342, 1332, 1336, 248, NULL, '(P4 = 1 OR P4 = 2 OR P4 = 2) AND (P5 = 3 OR P5 = 4)'),
(NULL, NULL, NULL, 1, 1343, 1342, 1341, 248, 1, '(P4 = 1 OR P4 = 2 OR P4 = 2) AND (P5 = 3 OR P5 = 4) AND (P6 = 1 OR P6 = 2)'),
(213, 5, 1, 0, 1344, NULL, NULL, 249, NULL, 'P4 = 1'),
(213, 5, 2, 0, 1345, NULL, NULL, 249, NULL, 'P4 = 2'),
(213, 5, 3, 0, 1346, NULL, NULL, 249, NULL, 'P4 = 3'),
(NULL, NULL, NULL, 2, 1347, 1344, 1345, 249, NULL, 'P4 = 1 OR P4 = 2'),
(NULL, NULL, NULL, 2, 1348, 1347, 1346, 249, NULL, 'P4 = 1 OR P4 = 2 OR P4 = 3'),
(214, 5, 1, 0, 1349, NULL, NULL, 249, NULL, 'P5 = 1'),
(214, 5, 2, 0, 1350, NULL, NULL, 249, NULL, 'P5 = 2'),
(NULL, NULL, NULL, 2, 1351, 1349, 1350, 249, NULL, 'P5 = 1 OR P5 = 2'),
(NULL, NULL, NULL, 3, 1352, 1351, NULL, 249, NULL, '(P5 = 1 OR P5 = 2)'),
(215, 5, 3, 0, 1353, NULL, NULL, 249, NULL, 'P6 = 3'),
(215, 5, 4, 0, 1354, NULL, NULL, 249, NULL, 'P6 = 4'),
(NULL, NULL, NULL, 2, 1355, 1353, 1354, 249, NULL, 'P6 = 3 OR P6 = 4'),
(NULL, NULL, NULL, 3, 1356, 1355, NULL, 249, NULL, '(P6 = 3 OR P6 = 4)'),
(NULL, NULL, NULL, 3, 1357, 1348, NULL, 249, NULL, '(P4 = 1 OR P4 = 2 OR P4 = 3)'),
(NULL, NULL, NULL, 1, 1358, 1357, 1352, 249, NULL, '(P4 = 1 OR P4 = 2 OR P4 = 3) AND (P5 = 1 OR P5 = 2)'),
(NULL, NULL, NULL, 1, 1359, 1358, 1356, 249, 1, '(P4 = 1 OR P4 = 2 OR P4 = 3) AND (P5 = 1 OR P5 = 2) AND (P6 = 3 OR P6 = 4)'),
(NULL, NULL, NULL, 1, 1360, 727, 728, 115, NULL, '(P41 = 1 OR P41 = 2 OR P41 = 3) AND P42 = 4'),
(NULL, NULL, NULL, 1, 1361, 1360, 729, 115, 1, '(P41 = 1 OR P41 = 2 OR P41 = 3) AND P42 = 4 AND P43 = 4'),
(213, 5, 4, 0, 1362, NULL, NULL, 250, NULL, 'P4 = 4'),
(214, 5, 1, 0, 1363, NULL, NULL, 250, NULL, 'P5 = 1'),
(214, 5, 2, 0, 1364, NULL, NULL, 250, NULL, 'P5 = 2'),
(215, 5, 4, 0, 1365, NULL, NULL, 250, NULL, 'P6 = 4'),
(NULL, NULL, NULL, 2, 1366, 1363, 1364, 250, NULL, 'P5 = 1 OR P5 = 2'),
(NULL, NULL, NULL, 3, 1367, 1366, NULL, 250, NULL, '(P5 = 1 OR P5 = 2)'),
(NULL, NULL, NULL, 1, 1368, 1362, 1367, 250, NULL, 'P4 = 4 AND (P5 = 1 OR P5 = 2)'),
(NULL, NULL, NULL, 1, 1369, 1368, 1365, 250, 1, 'P4 = 4 AND (P5 = 1 OR P5 = 2) AND P6 = 4'),
(213, 5, 4, 0, 1370, NULL, NULL, 251, NULL, 'P4 = 4'),
(214, 5, 4, 0, 1371, NULL, NULL, 251, NULL, 'P5 = 4'),
(215, 5, 1, 0, 1372, NULL, NULL, 251, NULL, 'P6 = 1'),
(215, 5, 2, 0, 1373, NULL, NULL, 251, NULL, 'P6 = 2'),
(NULL, NULL, NULL, 2, 1374, 1372, 1373, 251, NULL, 'P6 = 1 OR P6 = 2'),
(NULL, NULL, NULL, 1, 1375, 1370, 1371, 251, NULL, 'P4 = 4 AND P5 = 4'),
(NULL, NULL, NULL, 3, 1376, 1374, NULL, 251, NULL, '(P6 = 1 OR P6 = 2)'),
(NULL, NULL, NULL, 1, 1377, 1375, 1376, 251, 1, 'P4 = 4 AND P5 = 4 AND (P6 = 1 OR P6 = 2)'),
(165, 5, 2, 0, 1378, NULL, NULL, 252, 1, 'P44 = 2'),
(165, 5, 3, 0, 1379, NULL, NULL, 253, 1, 'P44 = 3'),
(165, 5, 1, 0, 1380, NULL, NULL, 254, 1, 'P44 = 1'),
(169, 5, 1, 0, 1381, NULL, NULL, 255, 1, 'P48 = 1'),
(169, 5, 2, 0, 1384, NULL, NULL, 256, 1, 'P48 = 2'),
(169, 5, 3, 0, 1385, NULL, NULL, 257, 1, 'P48 = 3'),
(169, 5, 4, 0, 1386, NULL, NULL, 258, 1, 'P48 = 4');

-- --------------------------------------------------------

--
-- Estructura de tabla para la tabla `configuracion`
--

CREATE TABLE IF NOT EXISTS `configuracion` (
  `idconfiguracion` int(10) NOT NULL AUTO_INCREMENT,
  `telefono` varchar(50) DEFAULT NULL,
  `correo_electronico` varchar(100) DEFAULT NULL,
  `fax` varchar(50) DEFAULT NULL,
  `direccion_imagen` varchar(100) NOT NULL,
  `direccion_pdf` varchar(100) NOT NULL,
  `tamanio_sub` int(10) NOT NULL,
  `dir_rel_imagen` varchar(100) NOT NULL,
  `dir_rel_pdf` varchar(100) NOT NULL,
  `direccion` varchar(255) DEFAULT NULL,
  `ciclo` int(10) NOT NULL DEFAULT '2012',
  `multifa_reporte` int(11) NOT NULL,
  `random_carne` int(11) NOT NULL DEFAULT '1' COMMENT '0 -> RANDOM , 1 -> CARNE',
  `jefe_actual` varchar(100) NOT NULL DEFAULT 'Sandra de Armas',
  `impresion_salud` int(11) NOT NULL DEFAULT '1',
  `fecha_examen` datetime DEFAULT NULL,
  `dependencia` varchar(100) DEFAULT NULL,
  `no_personal` varchar(100) DEFAULT NULL,
  `password` varchar(45) DEFAULT NULL,
  `correo_javamail` varchar(100) DEFAULT NULL,
  `pass_javamail` varchar(100) DEFAULT NULL,
  `smtp_javamail` varchar(100) DEFAULT NULL,
  `port_javamail` varchar(100) DEFAULT NULL,
  `examen_linea` int(11) NOT NULL,
  PRIMARY KEY (`idconfiguracion`)
) ENGINE=InnoDB  DEFAULT CHARSET=utf8 AUTO_INCREMENT=2 ;

--
-- Volcado de datos para la tabla `configuracion`
--

INSERT INTO `configuracion` (`idconfiguracion`, `telefono`, `correo_electronico`, `fax`, `direccion_imagen`, `direccion_pdf`, `tamanio_sub`, `dir_rel_imagen`, `dir_rel_pdf`, `direccion`, `ciclo`, `multifa_reporte`, `random_carne`, `jefe_actual`, `impresion_salud`, `fecha_examen`, `dependencia`, `no_personal`, `password`, `correo_javamail`, `pass_javamail`, `smtp_javamail`, `port_javamail`, `examen_linea`) VALUES
(1, '24189622 ext 1180', 'saludusac@gmail.com', '24189633', 'images/upload/imagen/', 'images/upload/pdf/', 10, 'images/upload/imagen/', 'images/upload/pdf/', 'Edificio Bienestar Estudiantil 3er Nivel, Ciudad Universitaria Zona 12, Guatemala C.A', 2012, 1, 1, 'Maria Sandra Armas de Vargas', 1, '2012-06-01 00:00:00', 'usalud', '200614790', 'Estud14nt3', 'usalud.usac@gmail.com', 'a24328221', 'smtp.gmail.com', '587', 1);

-- --------------------------------------------------------

--
-- Estructura de tabla para la tabla `configuracion_examen`
--

CREATE TABLE IF NOT EXISTS `configuracion_examen` (
  `idconfiguracion_examen` int(10) NOT NULL AUTO_INCREMENT,
  `terminacion` int(10) NOT NULL,
  `tipo_examen` int(10) NOT NULL,
  PRIMARY KEY (`idconfiguracion_examen`)
) ENGINE=InnoDB  DEFAULT CHARSET=utf8 AUTO_INCREMENT=11 ;

--
-- Volcado de datos para la tabla `configuracion_examen`
--

INSERT INTO `configuracion_examen` (`idconfiguracion_examen`, `terminacion`, `tipo_examen`) VALUES
(1, 0, 1),
(2, 1, 2),
(3, 2, 1),
(4, 3, 1),
(5, 4, 2),
(6, 5, 1),
(7, 6, 1),
(8, 7, 1),
(9, 8, 2),
(10, 9, 1);

-- --------------------------------------------------------

--
-- Estructura de tabla para la tabla `contenido`
--

CREATE TABLE IF NOT EXISTS `contenido` (
  `menuidmenu` int(11) NOT NULL,
  `idcontenido` int(11) NOT NULL AUTO_INCREMENT,
  `descripcion` text NOT NULL,
  `titulo` varchar(100) NOT NULL,
  `multimediaidmultimedia` int(11) NOT NULL,
  PRIMARY KEY (`idcontenido`),
  KEY `FKcontenido303639` (`menuidmenu`),
  KEY `FKcontenido417686` (`multimediaidmultimedia`)
) ENGINE=InnoDB  DEFAULT CHARSET=utf8 AUTO_INCREMENT=46 ;

--
-- Volcado de datos para la tabla `contenido`
--

INSERT INTO `contenido` (`menuidmenu`, `idcontenido`, `descripcion`, `titulo`, `multimediaidmultimedia`) VALUES
(39, 1, '', 'Organigrama', 48),
(21, 2, 'En estudiantes de la Universidad de San Carlos de Guatemala en el año 2002', 'Prevalencia y características de tabaquismo', 49),
(21, 3, 'Estudiantes de primer ingreso de la Universidad de San Carlos de Guatemala 2004', 'Fiabilidad de la prueba de Harvard modificada para la evaluación de la Condición Física', 50),
(21, 4, 'Durante el Examen de Salud. Efectuado a estudiantes de Primer Ingreso a la Universidad de San Carlos de Guatemala. Unidad de Salud. 2006.', 'Fiabilidad de la Grada de Harvard 35-40 para la determinación de la condición física', 51),
(21, 5, 'En la Universidad de San Carlos de Guatemala', 'Efectos del Acuerdo de Rectoría 469-2003 en el Tabaquismo', 52),
(21, 6, 'Universidad de San Carlos de Guatemala. Unidad de Salud, 2007', 'Calidad de vida del estudiante obeso de primer ingreso', 53),
(21, 7, 'En la Universidad de San Carlos de Guatemala', 'Acuerdo de Rectoría para la prohibición de la venta y consumo de tabaco', 54),
(24, 8, '', 'docencia', 55),
(42, 9, 'En estudiantes de la Universidad de San Carlos de Guatemala. Unidad de Salud, 2001.', 'GLICEMIA PRE-PRANDIAL Y FACTORES DE RIESGO PARA DIABETES TIPO 2', 58),
(42, 10, 'Universidad de San Carlos de Guatemala. Unidad de Salud, 2004', 'CALIDAD DE VIDA DEL ESTUDIANTE DE PRIMER INGRESO', 59),
(42, 11, 'Universidad de San Carlos de Guatemala. Unidad de Salud, 2006.', 'IMPACTO DEL EXAMEN DE AUTOEVALUACIÓN DE ESTUDIANTES DE INGRESO', 60),
(42, 12, 'Universidad de San Carlos de Guatemala, División de Bienestar Estudiantil, Unidad de Salud, 2007', 'VARIABILIDAD DE VALORES SEROLÓGICOS DE LA GLUCOSA Y PERFIL LIPÍDICO CON Y SIN AYUNO', 61),
(18, 13, '', 'Aprende a hablar en público', 62),
(18, 14, '', 'Desarrollo de la Autoestima', 63),
(18, 15, '', 'Desarrollo de la habilidad social', 64),
(18, 16, '', 'Manejo de las emociones', 65),
(18, 17, '', 'Relaciones humanas', 66),
(18, 18, '', 'Técnicas de estudio', 67),
(18, 19, '', 'Toma de decisiones', 68),
(18, 20, '', 'Trabajo en equipo', 69),
(18, 21, '', 'Técnicas de relajación', 70),
(23, 22, '', 'Equipo PPIVS', 81),
(17, 23, 'EJEPLO', 'EJEMPLO PDF', 92),
(17, 24, '', 'imagen prueba', 94),
(44, 30, 'Ven a pedír una cita', 'Solicitando examen de salud', 116),
(44, 31, '3er Nivel de Bienestar Estudiantil, Campus Central. Zona 12', 'Entrada de la Unidad de Salud', 159),
(44, 32, 'Esperando para odontología', 'Examen multifásico / Odontología', 160),
(44, 33, 'Revisión general', 'Examen multifásico / Odontología', 161),
(44, 34, 'Entrevista personal', 'Examen multifásico / Psicología', 162),
(44, 35, '', 'Examen multifásico / Medicina', 163),
(44, 36, 'Medidas Corporales', 'Examen multifásico', 164),
(45, 37, '', 'Trifoliar Parte 1', 158),
(45, 38, '', 'Trifoliar Parte 2', 157),
(46, 40, '', 'foto de aerobico', 167),
(19, 41, '', 'GRADA', 172),
(19, 42, '', 'ejemplo pdf', 173),
(21, 43, 'Evaluación del estado de salud de los estudiantes de ingreso del año de 1972 al 2007.', 'Tendencia secular del estado de salud del estudiante de ingreso a la USAC. 2007', 189),
(21, 44, 'Tesis de Maestria en docencia, 2006.', 'Tabaquismo en Guatemala', 190),
(21, 45, 'Tesis de grado para optar al titulo de Medico y Cirujano. 1998', 'Prevalencia de factores de riesgo Cardiovacular detectados en profesionales egresados de la USAC.', 191);

-- --------------------------------------------------------

--
-- Estructura de tabla para la tabla `departamento`
--

CREATE TABLE IF NOT EXISTS `departamento` (
  `iddepartamento` int(11) NOT NULL AUTO_INCREMENT,
  `nombre` varchar(100) NOT NULL,
  `codigo` int(10) NOT NULL,
  PRIMARY KEY (`iddepartamento`),
  UNIQUE KEY `codigo` (`codigo`)
) ENGINE=InnoDB  DEFAULT CHARSET=utf8 AUTO_INCREMENT=19 ;

--
-- Volcado de datos para la tabla `departamento`
--

INSERT INTO `departamento` (`iddepartamento`, `nombre`, `codigo`) VALUES
(2, 'Guatemala', 1),
(3, 'Sacatepequez', 3),
(4, 'Izabal', 18),
(5, 'Jalapa', 21),
(6, 'Escuintla', 5),
(7, 'Alta Verapaz', 16),
(8, 'Chimaltenango', 4),
(9, 'Suchitepequez', 10),
(10, 'Huehuetenango', 13),
(11, 'Santa Rosa', 6),
(12, 'Quetzaltenango', 9),
(13, 'El Quiche', 14),
(14, 'Jutiapa', 22),
(15, 'Peten', 17),
(16, 'Retalhuleu', 11),
(17, 'Totonicapan', 8),
(18, 'Solola', 7);

-- --------------------------------------------------------

--
-- Estructura de tabla para la tabla `dependencia`
--

CREATE TABLE IF NOT EXISTS `dependencia` (
  `iddependencia` int(11) NOT NULL AUTO_INCREMENT,
  `nombre` varchar(100) DEFAULT NULL,
  PRIMARY KEY (`iddependencia`)
) ENGINE=InnoDB  DEFAULT CHARSET=utf8 AUTO_INCREMENT=65 ;

--
-- Volcado de datos para la tabla `dependencia`
--

INSERT INTO `dependencia` (`iddependencia`, `nombre`) VALUES
(1, 'Rector&iacute;a'),
(2, 'Facultad de Agronom&iacute;a'),
(3, 'Facultad de Arquitectura'),
(4, 'Facultad de Ciencias Jur&iacute;dicas y Sociales'),
(5, 'Facultad de Ciencias Economicas'),
(6, 'Facultad de Ciencias Qu&iacute;micas y Farmacia'),
(7, 'Facultad de Humanidades'),
(8, 'Facultad de Ingenier&iacute;a'),
(9, 'Facultad de Ciencias M&eacute;dicas'),
(10, 'Facultad de Odontolog&iacute;a'),
(11, 'Facultad de Medicina Veterinaria y Zootecnia'),
(12, 'Centro Universitario de occidente'),
(13, 'Escuela de Historia'),
(14, 'Escuela de Ciencias Psicol&oacute;gicas'),
(15, 'Centro universitario del Norte'),
(16, 'Centro de Estudios urbanos y Regionales'),
(17, 'Escuela de Ciencias de la Comunicaci&oacute;n'),
(18, 'Divisi&oacute;n de Bienestar Estudiantil Unviersitario'),
(19, 'inst. de investigacines econ&oacute;micas y sociales'),
(20, 'Centro Universitario de Oriente'),
(21, 'Centro Universitario de Noroccidente'),
(22, 'Centro de Estudios del Mar y Acuicultura'),
(23, 'Finca Bulbuxya'),
(24, 'Finca Sabana Grande'),
(25, 'Finca San Julian'),
(26, 'Departamento de Registro y Estad&iacute;stica'),
(27, 'Direcci&oacute;n General Financiera'),
(28, 'Direcci&oacute;n General de Extensi&oacute;n'),
(29, 'Centro Universitario del Sur'),
(30, 'Centro Universitario de Sur oriente'),
(31, 'Departamento de Auditoria Interna'),
(32, 'Finca Medio Monte'),
(33, 'Secretaria General'),
(34, 'Biblioteca Central'),
(35, 'Divisi&oacute;n Servicios Generales'),
(36, 'Centro universitario de Suroccidente'),
(37, 'Farmacia Universitaria'),
(38, 'Direcci&oacute;n General de Investigaci&oacute;n'),
(39, 'Direcci&oacute;n General de Administraci&oacute;n'),
(40, 'Centro universitario de San Marcos'),
(41, 'Centro Universitario del Peten'),
(42, 'Escuela de Trabajo Social'),
(43, 'Plan de Prestaciones'),
(44, 'Escuela de Ciencia Pol&iacute;tica'),
(45, 'EFPEM Central'),
(46, 'Direcci&oacute;n General de Docencia'),
(47, 'Centro Universitario Metropolitano'),
(48, 'Centro universitario de Izabal'),
(49, 'Centro de Estudios Conservacionistas'),
(50, 'Escuela de Ciencias Ling&uuml;isticas'),
(51, 'Granja Experimental Veterinaria'),
(52, 'Plan de Prestaciones'),
(53, 'Centro Universitario de Santa rosa'),
(54, 'Escuela Superior de Arte'),
(55, 'unidad ejecutora Programa USAC/BCIE'),
(56, 'Centro Universitario de Chimaltenango'),
(57, 'Centro Universitario de Jutiapa'),
(58, 'Sistema de Estudios de Postgrado'),
(59, 'direcci&oacute;n de Asuntos Jur&iacute;dicos'),
(60, 'Instituto T&eacute;cnologico Universitario Guatemala'),
(61, 'Centro Universitario de el Quiche'),
(62, 'Centro Universitario de el Progreso'),
(63, 'Centro Universitario de Baja Verapaz'),
(64, 'Centro Universitario de Totonicapan');

-- --------------------------------------------------------

--
-- Estructura de tabla para la tabla `detalleactividad`
--

CREATE TABLE IF NOT EXISTS `detalleactividad` (
  `iddetalleactividad` int(20) NOT NULL AUTO_INCREMENT,
  `fecha` datetime NOT NULL,
  `horainicio` datetime NOT NULL,
  `horafin` datetime NOT NULL,
  `actividadidactividad` int(11) NOT NULL,
  PRIMARY KEY (`iddetalleactividad`),
  KEY `FKdetalleact662754` (`actividadidactividad`)
) ENGINE=InnoDB  DEFAULT CHARSET=utf8 AUTO_INCREMENT=1077 ;

--
-- Volcado de datos para la tabla `detalleactividad`
--

INSERT INTO `detalleactividad` (`iddetalleactividad`, `fecha`, `horainicio`, `horafin`, `actividadidactividad`) VALUES
(1, '2012-04-30 00:00:00', '1970-01-01 09:00:00', '1970-01-01 10:00:00', 1),
(2, '2012-05-02 00:00:00', '1970-01-01 09:00:00', '1970-01-01 10:00:00', 1),
(3, '2012-05-07 00:00:00', '1970-01-01 09:00:00', '1970-01-01 10:00:00', 1),
(4, '2012-05-09 00:00:00', '1970-01-01 09:00:00', '1970-01-01 10:00:00', 1),
(5, '2012-05-14 00:00:00', '1970-01-01 09:00:00', '1970-01-01 10:00:00', 1),
(6, '2012-05-16 00:00:00', '1970-01-01 09:00:00', '1970-01-01 10:00:00', 1),
(7, '2012-05-21 00:00:00', '1970-01-01 09:00:00', '1970-01-01 10:00:00', 1),
(8, '2012-05-23 00:00:00', '1970-01-01 09:00:00', '1970-01-01 10:00:00', 1),
(9, '2012-05-28 00:00:00', '1970-01-01 09:00:00', '1970-01-01 10:00:00', 1),
(10, '2012-05-30 00:00:00', '1970-01-01 09:00:00', '1970-01-01 10:00:00', 1),
(11, '2012-06-04 00:00:00', '1970-01-01 09:00:00', '1970-01-01 10:00:00', 1),
(12, '2012-06-06 00:00:00', '1970-01-01 09:00:00', '1970-01-01 10:00:00', 1),
(13, '2012-06-11 00:00:00', '1970-01-01 09:00:00', '1970-01-01 10:00:00', 1),
(14, '2012-06-13 00:00:00', '1970-01-01 09:00:00', '1970-01-01 10:00:00', 1),
(15, '2012-06-18 00:00:00', '1970-01-01 09:00:00', '1970-01-01 10:00:00', 1),
(16, '2012-06-20 00:00:00', '1970-01-01 09:00:00', '1970-01-01 10:00:00', 1),
(17, '2012-06-25 00:00:00', '1970-01-01 09:00:00', '1970-01-01 10:00:00', 1),
(18, '2012-06-27 00:00:00', '1970-01-01 09:00:00', '1970-01-01 10:00:00', 1),
(19, '2012-07-02 00:00:00', '1970-01-01 09:00:00', '1970-01-01 10:00:00', 1),
(20, '2012-07-04 00:00:00', '1970-01-01 09:00:00', '1970-01-01 10:00:00', 1),
(21, '2012-07-09 00:00:00', '1970-01-01 09:00:00', '1970-01-01 10:00:00', 1),
(22, '2012-07-11 00:00:00', '1970-01-01 09:00:00', '1970-01-01 10:00:00', 1),
(23, '2012-07-16 00:00:00', '1970-01-01 09:00:00', '1970-01-01 10:00:00', 1),
(24, '2012-07-18 00:00:00', '1970-01-01 09:00:00', '1970-01-01 10:00:00', 1),
(25, '2012-07-23 00:00:00', '1970-01-01 09:00:00', '1970-01-01 10:00:00', 1),
(26, '2012-07-25 00:00:00', '1970-01-01 09:00:00', '1970-01-01 10:00:00', 1),
(27, '2012-07-30 00:00:00', '1970-01-01 09:00:00', '1970-01-01 10:00:00', 1),
(28, '2012-08-01 00:00:00', '1970-01-01 09:00:00', '1970-01-01 10:00:00', 1),
(29, '2012-08-06 00:00:00', '1970-01-01 09:00:00', '1970-01-01 10:00:00', 1),
(30, '2012-08-08 00:00:00', '1970-01-01 09:00:00', '1970-01-01 10:00:00', 1),
(31, '2012-08-13 00:00:00', '1970-01-01 09:00:00', '1970-01-01 10:00:00', 1),
(32, '2012-08-15 00:00:00', '1970-01-01 09:00:00', '1970-01-01 10:00:00', 1),
(33, '2012-08-20 00:00:00', '1970-01-01 09:00:00', '1970-01-01 10:00:00', 1),
(34, '2012-08-22 00:00:00', '1970-01-01 09:00:00', '1970-01-01 10:00:00', 1),
(35, '2012-08-27 00:00:00', '1970-01-01 09:00:00', '1970-01-01 10:00:00', 1),
(36, '2012-08-29 00:00:00', '1970-01-01 09:00:00', '1970-01-01 10:00:00', 1),
(37, '2012-09-03 00:00:00', '1970-01-01 09:00:00', '1970-01-01 10:00:00', 1),
(38, '2012-09-05 00:00:00', '1970-01-01 09:00:00', '1970-01-01 10:00:00', 1),
(39, '2012-09-10 00:00:00', '1970-01-01 09:00:00', '1970-01-01 10:00:00', 1),
(40, '2012-09-12 00:00:00', '1970-01-01 09:00:00', '1970-01-01 10:00:00', 1),
(41, '2012-09-17 00:00:00', '1970-01-01 09:00:00', '1970-01-01 10:00:00', 1),
(42, '2012-09-19 00:00:00', '1970-01-01 09:00:00', '1970-01-01 10:00:00', 1),
(43, '2012-09-24 00:00:00', '1970-01-01 09:00:00', '1970-01-01 10:00:00', 1),
(44, '2012-09-26 00:00:00', '1970-01-01 09:00:00', '1970-01-01 10:00:00', 1),
(45, '2012-10-01 00:00:00', '1970-01-01 09:00:00', '1970-01-01 10:00:00', 1),
(46, '2012-10-03 00:00:00', '1970-01-01 09:00:00', '1970-01-01 10:00:00', 1),
(47, '2012-10-08 00:00:00', '1970-01-01 09:00:00', '1970-01-01 10:00:00', 1),
(48, '2012-10-10 00:00:00', '1970-01-01 09:00:00', '1970-01-01 10:00:00', 1),
(49, '2012-10-15 00:00:00', '1970-01-01 09:00:00', '1970-01-01 10:00:00', 1),
(50, '2012-10-17 00:00:00', '1970-01-01 09:00:00', '1970-01-01 10:00:00', 1),
(51, '2012-10-22 00:00:00', '1970-01-01 09:00:00', '1970-01-01 10:00:00', 1),
(52, '2012-10-24 00:00:00', '1970-01-01 09:00:00', '1970-01-01 10:00:00', 1),
(53, '2012-10-29 00:00:00', '1970-01-01 09:00:00', '1970-01-01 10:00:00', 1),
(54, '2012-10-31 00:00:00', '1970-01-01 09:00:00', '1970-01-01 10:00:00', 1),
(55, '2012-11-05 00:00:00', '1970-01-01 09:00:00', '1970-01-01 10:00:00', 1),
(56, '2012-11-07 00:00:00', '1970-01-01 09:00:00', '1970-01-01 10:00:00', 1),
(57, '2012-11-12 00:00:00', '1970-01-01 09:00:00', '1970-01-01 10:00:00', 1),
(58, '2012-11-14 00:00:00', '1970-01-01 09:00:00', '1970-01-01 10:00:00', 1),
(59, '2012-11-19 00:00:00', '1970-01-01 09:00:00', '1970-01-01 10:00:00', 1),
(60, '2012-11-21 00:00:00', '1970-01-01 09:00:00', '1970-01-01 10:00:00', 1),
(61, '2012-11-26 00:00:00', '1970-01-01 09:00:00', '1970-01-01 10:00:00', 1),
(62, '2012-11-28 00:00:00', '1970-01-01 09:00:00', '1970-01-01 10:00:00', 1),
(63, '2012-04-30 00:00:00', '1970-01-01 10:00:00', '1970-01-01 11:00:00', 1),
(64, '2012-05-02 00:00:00', '1970-01-01 10:00:00', '1970-01-01 11:00:00', 1),
(65, '2012-05-07 00:00:00', '1970-01-01 10:00:00', '1970-01-01 11:00:00', 1),
(66, '2012-05-09 00:00:00', '1970-01-01 10:00:00', '1970-01-01 11:00:00', 1),
(67, '2012-05-14 00:00:00', '1970-01-01 10:00:00', '1970-01-01 11:00:00', 1),
(68, '2012-05-16 00:00:00', '1970-01-01 10:00:00', '1970-01-01 11:00:00', 1),
(69, '2012-05-21 00:00:00', '1970-01-01 10:00:00', '1970-01-01 11:00:00', 1),
(70, '2012-05-23 00:00:00', '1970-01-01 10:00:00', '1970-01-01 11:00:00', 1),
(71, '2012-05-28 00:00:00', '1970-01-01 10:00:00', '1970-01-01 11:00:00', 1),
(72, '2012-05-30 00:00:00', '1970-01-01 10:00:00', '1970-01-01 11:00:00', 1),
(73, '2012-06-04 00:00:00', '1970-01-01 10:00:00', '1970-01-01 11:00:00', 1),
(74, '2012-06-06 00:00:00', '1970-01-01 10:00:00', '1970-01-01 11:00:00', 1),
(75, '2012-06-11 00:00:00', '1970-01-01 10:00:00', '1970-01-01 11:00:00', 1),
(76, '2012-06-13 00:00:00', '1970-01-01 10:00:00', '1970-01-01 11:00:00', 1),
(77, '2012-06-18 00:00:00', '1970-01-01 10:00:00', '1970-01-01 11:00:00', 1),
(78, '2012-06-20 00:00:00', '1970-01-01 10:00:00', '1970-01-01 11:00:00', 1),
(79, '2012-06-25 00:00:00', '1970-01-01 10:00:00', '1970-01-01 11:00:00', 1),
(80, '2012-06-27 00:00:00', '1970-01-01 10:00:00', '1970-01-01 11:00:00', 1),
(81, '2012-07-02 00:00:00', '1970-01-01 10:00:00', '1970-01-01 11:00:00', 1),
(82, '2012-07-04 00:00:00', '1970-01-01 10:00:00', '1970-01-01 11:00:00', 1),
(83, '2012-07-09 00:00:00', '1970-01-01 10:00:00', '1970-01-01 11:00:00', 1),
(84, '2012-07-11 00:00:00', '1970-01-01 10:00:00', '1970-01-01 11:00:00', 1),
(85, '2012-07-16 00:00:00', '1970-01-01 10:00:00', '1970-01-01 11:00:00', 1),
(86, '2012-07-18 00:00:00', '1970-01-01 10:00:00', '1970-01-01 11:00:00', 1),
(87, '2012-07-23 00:00:00', '1970-01-01 10:00:00', '1970-01-01 11:00:00', 1),
(88, '2012-07-25 00:00:00', '1970-01-01 10:00:00', '1970-01-01 11:00:00', 1),
(89, '2012-07-30 00:00:00', '1970-01-01 10:00:00', '1970-01-01 11:00:00', 1),
(90, '2012-08-01 00:00:00', '1970-01-01 10:00:00', '1970-01-01 11:00:00', 1),
(91, '2012-08-06 00:00:00', '1970-01-01 10:00:00', '1970-01-01 11:00:00', 1),
(92, '2012-08-08 00:00:00', '1970-01-01 10:00:00', '1970-01-01 11:00:00', 1),
(93, '2012-08-13 00:00:00', '1970-01-01 10:00:00', '1970-01-01 11:00:00', 1),
(94, '2012-08-15 00:00:00', '1970-01-01 10:00:00', '1970-01-01 11:00:00', 1),
(95, '2012-08-20 00:00:00', '1970-01-01 10:00:00', '1970-01-01 11:00:00', 1),
(96, '2012-08-22 00:00:00', '1970-01-01 10:00:00', '1970-01-01 11:00:00', 1),
(97, '2012-08-27 00:00:00', '1970-01-01 10:00:00', '1970-01-01 11:00:00', 1),
(98, '2012-08-29 00:00:00', '1970-01-01 10:00:00', '1970-01-01 11:00:00', 1),
(99, '2012-09-03 00:00:00', '1970-01-01 10:00:00', '1970-01-01 11:00:00', 1),
(100, '2012-09-05 00:00:00', '1970-01-01 10:00:00', '1970-01-01 11:00:00', 1),
(101, '2012-09-10 00:00:00', '1970-01-01 10:00:00', '1970-01-01 11:00:00', 1),
(102, '2012-09-12 00:00:00', '1970-01-01 10:00:00', '1970-01-01 11:00:00', 1),
(103, '2012-09-17 00:00:00', '1970-01-01 10:00:00', '1970-01-01 11:00:00', 1),
(104, '2012-09-19 00:00:00', '1970-01-01 10:00:00', '1970-01-01 11:00:00', 1),
(105, '2012-09-24 00:00:00', '1970-01-01 10:00:00', '1970-01-01 11:00:00', 1),
(106, '2012-09-26 00:00:00', '1970-01-01 10:00:00', '1970-01-01 11:00:00', 1),
(107, '2012-10-01 00:00:00', '1970-01-01 10:00:00', '1970-01-01 11:00:00', 1),
(108, '2012-10-03 00:00:00', '1970-01-01 10:00:00', '1970-01-01 11:00:00', 1),
(109, '2012-10-08 00:00:00', '1970-01-01 10:00:00', '1970-01-01 11:00:00', 1),
(110, '2012-10-10 00:00:00', '1970-01-01 10:00:00', '1970-01-01 11:00:00', 1),
(111, '2012-10-15 00:00:00', '1970-01-01 10:00:00', '1970-01-01 11:00:00', 1),
(112, '2012-10-17 00:00:00', '1970-01-01 10:00:00', '1970-01-01 11:00:00', 1),
(113, '2012-10-22 00:00:00', '1970-01-01 10:00:00', '1970-01-01 11:00:00', 1),
(114, '2012-10-24 00:00:00', '1970-01-01 10:00:00', '1970-01-01 11:00:00', 1),
(115, '2012-10-29 00:00:00', '1970-01-01 10:00:00', '1970-01-01 11:00:00', 1),
(116, '2012-10-31 00:00:00', '1970-01-01 10:00:00', '1970-01-01 11:00:00', 1),
(117, '2012-11-05 00:00:00', '1970-01-01 10:00:00', '1970-01-01 11:00:00', 1),
(118, '2012-11-07 00:00:00', '1970-01-01 10:00:00', '1970-01-01 11:00:00', 1),
(119, '2012-11-12 00:00:00', '1970-01-01 10:00:00', '1970-01-01 11:00:00', 1),
(120, '2012-11-14 00:00:00', '1970-01-01 10:00:00', '1970-01-01 11:00:00', 1),
(121, '2012-11-19 00:00:00', '1970-01-01 10:00:00', '1970-01-01 11:00:00', 1),
(122, '2012-11-21 00:00:00', '1970-01-01 10:00:00', '1970-01-01 11:00:00', 1),
(123, '2012-11-26 00:00:00', '1970-01-01 10:00:00', '1970-01-01 11:00:00', 1),
(124, '2012-11-28 00:00:00', '1970-01-01 10:00:00', '1970-01-01 11:00:00', 1),
(125, '2012-04-25 00:00:00', '1970-01-01 11:00:00', '1970-01-01 12:00:00', 2),
(126, '2012-04-30 00:00:00', '1970-01-01 11:00:00', '1970-01-01 12:00:00', 2),
(127, '2012-05-02 00:00:00', '1970-01-01 11:00:00', '1970-01-01 12:00:00', 2),
(128, '2012-05-07 00:00:00', '1970-01-01 11:00:00', '1970-01-01 12:00:00', 2),
(129, '2012-05-09 00:00:00', '1970-01-01 11:00:00', '1970-01-01 12:00:00', 2),
(130, '2012-05-14 00:00:00', '1970-01-01 11:00:00', '1970-01-01 12:00:00', 2),
(131, '2012-05-16 00:00:00', '1970-01-01 11:00:00', '1970-01-01 12:00:00', 2),
(132, '2012-05-21 00:00:00', '1970-01-01 11:00:00', '1970-01-01 12:00:00', 2),
(133, '2012-05-23 00:00:00', '1970-01-01 11:00:00', '1970-01-01 12:00:00', 2),
(134, '2012-05-28 00:00:00', '1970-01-01 11:00:00', '1970-01-01 12:00:00', 2),
(135, '2012-05-30 00:00:00', '1970-01-01 11:00:00', '1970-01-01 12:00:00', 2),
(136, '2012-06-04 00:00:00', '1970-01-01 11:00:00', '1970-01-01 12:00:00', 2),
(137, '2012-06-06 00:00:00', '1970-01-01 11:00:00', '1970-01-01 12:00:00', 2),
(138, '2012-06-11 00:00:00', '1970-01-01 11:00:00', '1970-01-01 12:00:00', 2),
(139, '2012-06-13 00:00:00', '1970-01-01 11:00:00', '1970-01-01 12:00:00', 2),
(140, '2012-06-18 00:00:00', '1970-01-01 11:00:00', '1970-01-01 12:00:00', 2),
(141, '2012-06-20 00:00:00', '1970-01-01 11:00:00', '1970-01-01 12:00:00', 2),
(142, '2012-06-25 00:00:00', '1970-01-01 11:00:00', '1970-01-01 12:00:00', 2),
(143, '2012-06-27 00:00:00', '1970-01-01 11:00:00', '1970-01-01 12:00:00', 2),
(144, '2012-07-02 00:00:00', '1970-01-01 11:00:00', '1970-01-01 12:00:00', 2),
(145, '2012-07-04 00:00:00', '1970-01-01 11:00:00', '1970-01-01 12:00:00', 2),
(146, '2012-07-09 00:00:00', '1970-01-01 11:00:00', '1970-01-01 12:00:00', 2),
(147, '2012-07-11 00:00:00', '1970-01-01 11:00:00', '1970-01-01 12:00:00', 2),
(148, '2012-07-16 00:00:00', '1970-01-01 11:00:00', '1970-01-01 12:00:00', 2),
(149, '2012-07-18 00:00:00', '1970-01-01 11:00:00', '1970-01-01 12:00:00', 2),
(150, '2012-07-23 00:00:00', '1970-01-01 11:00:00', '1970-01-01 12:00:00', 2),
(151, '2012-07-25 00:00:00', '1970-01-01 11:00:00', '1970-01-01 12:00:00', 2),
(152, '2012-07-30 00:00:00', '1970-01-01 11:00:00', '1970-01-01 12:00:00', 2),
(153, '2012-08-01 00:00:00', '1970-01-01 11:00:00', '1970-01-01 12:00:00', 2),
(154, '2012-08-06 00:00:00', '1970-01-01 11:00:00', '1970-01-01 12:00:00', 2),
(155, '2012-08-08 00:00:00', '1970-01-01 11:00:00', '1970-01-01 12:00:00', 2),
(156, '2012-08-13 00:00:00', '1970-01-01 11:00:00', '1970-01-01 12:00:00', 2),
(157, '2012-08-15 00:00:00', '1970-01-01 11:00:00', '1970-01-01 12:00:00', 2),
(158, '2012-08-20 00:00:00', '1970-01-01 11:00:00', '1970-01-01 12:00:00', 2),
(159, '2012-08-22 00:00:00', '1970-01-01 11:00:00', '1970-01-01 12:00:00', 2),
(160, '2012-08-27 00:00:00', '1970-01-01 11:00:00', '1970-01-01 12:00:00', 2),
(161, '2012-08-29 00:00:00', '1970-01-01 11:00:00', '1970-01-01 12:00:00', 2),
(162, '2012-09-03 00:00:00', '1970-01-01 11:00:00', '1970-01-01 12:00:00', 2),
(163, '2012-09-05 00:00:00', '1970-01-01 11:00:00', '1970-01-01 12:00:00', 2),
(164, '2012-09-10 00:00:00', '1970-01-01 11:00:00', '1970-01-01 12:00:00', 2),
(165, '2012-09-12 00:00:00', '1970-01-01 11:00:00', '1970-01-01 12:00:00', 2),
(166, '2012-09-17 00:00:00', '1970-01-01 11:00:00', '1970-01-01 12:00:00', 2),
(167, '2012-09-19 00:00:00', '1970-01-01 11:00:00', '1970-01-01 12:00:00', 2),
(168, '2012-09-24 00:00:00', '1970-01-01 11:00:00', '1970-01-01 12:00:00', 2),
(169, '2012-09-26 00:00:00', '1970-01-01 11:00:00', '1970-01-01 12:00:00', 2),
(170, '2012-10-01 00:00:00', '1970-01-01 11:00:00', '1970-01-01 12:00:00', 2),
(171, '2012-10-03 00:00:00', '1970-01-01 11:00:00', '1970-01-01 12:00:00', 2),
(172, '2012-10-08 00:00:00', '1970-01-01 11:00:00', '1970-01-01 12:00:00', 2),
(173, '2012-10-10 00:00:00', '1970-01-01 11:00:00', '1970-01-01 12:00:00', 2),
(174, '2012-10-15 00:00:00', '1970-01-01 11:00:00', '1970-01-01 12:00:00', 2),
(175, '2012-10-17 00:00:00', '1970-01-01 11:00:00', '1970-01-01 12:00:00', 2),
(176, '2012-10-22 00:00:00', '1970-01-01 11:00:00', '1970-01-01 12:00:00', 2),
(177, '2012-10-24 00:00:00', '1970-01-01 11:00:00', '1970-01-01 12:00:00', 2),
(178, '2012-10-29 00:00:00', '1970-01-01 11:00:00', '1970-01-01 12:00:00', 2),
(179, '2012-10-31 00:00:00', '1970-01-01 11:00:00', '1970-01-01 12:00:00', 2),
(180, '2012-11-05 00:00:00', '1970-01-01 11:00:00', '1970-01-01 12:00:00', 2),
(181, '2012-11-07 00:00:00', '1970-01-01 11:00:00', '1970-01-01 12:00:00', 2),
(182, '2012-11-12 00:00:00', '1970-01-01 11:00:00', '1970-01-01 12:00:00', 2),
(183, '2012-11-14 00:00:00', '1970-01-01 11:00:00', '1970-01-01 12:00:00', 2),
(184, '2012-11-19 00:00:00', '1970-01-01 11:00:00', '1970-01-01 12:00:00', 2),
(185, '2012-11-21 00:00:00', '1970-01-01 11:00:00', '1970-01-01 12:00:00', 2),
(186, '2012-11-26 00:00:00', '1970-01-01 11:00:00', '1970-01-01 12:00:00', 2),
(187, '2012-11-28 00:00:00', '1970-01-01 11:00:00', '1970-01-01 12:00:00', 2),
(188, '2012-04-30 00:00:00', '1970-01-01 12:00:00', '1970-01-01 13:00:00', 2),
(189, '2012-05-02 00:00:00', '1970-01-01 12:00:00', '1970-01-01 13:00:00', 2),
(190, '2012-05-07 00:00:00', '1970-01-01 12:00:00', '1970-01-01 13:00:00', 2),
(191, '2012-05-09 00:00:00', '1970-01-01 12:00:00', '1970-01-01 13:00:00', 2),
(192, '2012-05-14 00:00:00', '1970-01-01 12:00:00', '1970-01-01 13:00:00', 2),
(193, '2012-05-16 00:00:00', '1970-01-01 12:00:00', '1970-01-01 13:00:00', 2),
(194, '2012-05-21 00:00:00', '1970-01-01 12:00:00', '1970-01-01 13:00:00', 2),
(195, '2012-05-23 00:00:00', '1970-01-01 12:00:00', '1970-01-01 13:00:00', 2),
(196, '2012-05-28 00:00:00', '1970-01-01 12:00:00', '1970-01-01 13:00:00', 2),
(197, '2012-05-30 00:00:00', '1970-01-01 12:00:00', '1970-01-01 13:00:00', 2),
(198, '2012-06-04 00:00:00', '1970-01-01 12:00:00', '1970-01-01 13:00:00', 2),
(199, '2012-06-06 00:00:00', '1970-01-01 12:00:00', '1970-01-01 13:00:00', 2),
(200, '2012-06-11 00:00:00', '1970-01-01 12:00:00', '1970-01-01 13:00:00', 2),
(201, '2012-06-13 00:00:00', '1970-01-01 12:00:00', '1970-01-01 13:00:00', 2),
(202, '2012-06-18 00:00:00', '1970-01-01 12:00:00', '1970-01-01 13:00:00', 2),
(203, '2012-06-20 00:00:00', '1970-01-01 12:00:00', '1970-01-01 13:00:00', 2),
(204, '2012-06-25 00:00:00', '1970-01-01 12:00:00', '1970-01-01 13:00:00', 2),
(205, '2012-06-27 00:00:00', '1970-01-01 12:00:00', '1970-01-01 13:00:00', 2),
(206, '2012-07-02 00:00:00', '1970-01-01 12:00:00', '1970-01-01 13:00:00', 2),
(207, '2012-07-04 00:00:00', '1970-01-01 12:00:00', '1970-01-01 13:00:00', 2),
(208, '2012-07-09 00:00:00', '1970-01-01 12:00:00', '1970-01-01 13:00:00', 2),
(209, '2012-07-11 00:00:00', '1970-01-01 12:00:00', '1970-01-01 13:00:00', 2),
(210, '2012-07-16 00:00:00', '1970-01-01 12:00:00', '1970-01-01 13:00:00', 2),
(211, '2012-07-18 00:00:00', '1970-01-01 12:00:00', '1970-01-01 13:00:00', 2),
(212, '2012-07-23 00:00:00', '1970-01-01 12:00:00', '1970-01-01 13:00:00', 2),
(213, '2012-07-25 00:00:00', '1970-01-01 12:00:00', '1970-01-01 13:00:00', 2),
(214, '2012-07-30 00:00:00', '1970-01-01 12:00:00', '1970-01-01 13:00:00', 2),
(215, '2012-08-01 00:00:00', '1970-01-01 12:00:00', '1970-01-01 13:00:00', 2),
(216, '2012-08-06 00:00:00', '1970-01-01 12:00:00', '1970-01-01 13:00:00', 2),
(217, '2012-08-08 00:00:00', '1970-01-01 12:00:00', '1970-01-01 13:00:00', 2),
(218, '2012-08-13 00:00:00', '1970-01-01 12:00:00', '1970-01-01 13:00:00', 2),
(219, '2012-08-15 00:00:00', '1970-01-01 12:00:00', '1970-01-01 13:00:00', 2),
(220, '2012-08-20 00:00:00', '1970-01-01 12:00:00', '1970-01-01 13:00:00', 2),
(221, '2012-08-22 00:00:00', '1970-01-01 12:00:00', '1970-01-01 13:00:00', 2),
(222, '2012-08-27 00:00:00', '1970-01-01 12:00:00', '1970-01-01 13:00:00', 2),
(223, '2012-08-29 00:00:00', '1970-01-01 12:00:00', '1970-01-01 13:00:00', 2),
(224, '2012-09-03 00:00:00', '1970-01-01 12:00:00', '1970-01-01 13:00:00', 2),
(225, '2012-09-05 00:00:00', '1970-01-01 12:00:00', '1970-01-01 13:00:00', 2),
(226, '2012-09-10 00:00:00', '1970-01-01 12:00:00', '1970-01-01 13:00:00', 2),
(227, '2012-09-12 00:00:00', '1970-01-01 12:00:00', '1970-01-01 13:00:00', 2),
(228, '2012-09-17 00:00:00', '1970-01-01 12:00:00', '1970-01-01 13:00:00', 2),
(229, '2012-09-19 00:00:00', '1970-01-01 12:00:00', '1970-01-01 13:00:00', 2),
(230, '2012-09-24 00:00:00', '1970-01-01 12:00:00', '1970-01-01 13:00:00', 2),
(231, '2012-09-26 00:00:00', '1970-01-01 12:00:00', '1970-01-01 13:00:00', 2),
(232, '2012-10-01 00:00:00', '1970-01-01 12:00:00', '1970-01-01 13:00:00', 2),
(233, '2012-10-03 00:00:00', '1970-01-01 12:00:00', '1970-01-01 13:00:00', 2),
(234, '2012-10-08 00:00:00', '1970-01-01 12:00:00', '1970-01-01 13:00:00', 2),
(235, '2012-10-10 00:00:00', '1970-01-01 12:00:00', '1970-01-01 13:00:00', 2),
(236, '2012-10-15 00:00:00', '1970-01-01 12:00:00', '1970-01-01 13:00:00', 2),
(237, '2012-10-17 00:00:00', '1970-01-01 12:00:00', '1970-01-01 13:00:00', 2),
(238, '2012-10-22 00:00:00', '1970-01-01 12:00:00', '1970-01-01 13:00:00', 2),
(239, '2012-10-24 00:00:00', '1970-01-01 12:00:00', '1970-01-01 13:00:00', 2),
(240, '2012-10-29 00:00:00', '1970-01-01 12:00:00', '1970-01-01 13:00:00', 2),
(241, '2012-10-31 00:00:00', '1970-01-01 12:00:00', '1970-01-01 13:00:00', 2),
(242, '2012-11-05 00:00:00', '1970-01-01 12:00:00', '1970-01-01 13:00:00', 2),
(243, '2012-11-07 00:00:00', '1970-01-01 12:00:00', '1970-01-01 13:00:00', 2),
(244, '2012-11-12 00:00:00', '1970-01-01 12:00:00', '1970-01-01 13:00:00', 2),
(245, '2012-11-14 00:00:00', '1970-01-01 12:00:00', '1970-01-01 13:00:00', 2),
(246, '2012-11-19 00:00:00', '1970-01-01 12:00:00', '1970-01-01 13:00:00', 2),
(247, '2012-11-21 00:00:00', '1970-01-01 12:00:00', '1970-01-01 13:00:00', 2),
(248, '2012-11-26 00:00:00', '1970-01-01 12:00:00', '1970-01-01 13:00:00', 2),
(249, '2012-11-28 00:00:00', '1970-01-01 12:00:00', '1970-01-01 13:00:00', 2),
(250, '2012-05-01 00:00:00', '1970-01-01 11:00:00', '1970-01-01 13:00:00', 3),
(251, '2012-05-03 00:00:00', '1970-01-01 11:00:00', '1970-01-01 13:00:00', 3),
(252, '2012-05-08 00:00:00', '1970-01-01 11:00:00', '1970-01-01 13:00:00', 3),
(253, '2012-05-10 00:00:00', '1970-01-01 11:00:00', '1970-01-01 13:00:00', 3),
(254, '2012-05-15 00:00:00', '1970-01-01 11:00:00', '1970-01-01 13:00:00', 3),
(255, '2012-05-17 00:00:00', '1970-01-01 11:00:00', '1970-01-01 13:00:00', 3),
(256, '2012-05-22 00:00:00', '1970-01-01 11:00:00', '1970-01-01 13:00:00', 3),
(257, '2012-05-24 00:00:00', '1970-01-01 11:00:00', '1970-01-01 13:00:00', 3),
(258, '2012-05-29 00:00:00', '1970-01-01 11:00:00', '1970-01-01 13:00:00', 3),
(259, '2012-05-31 00:00:00', '1970-01-01 11:00:00', '1970-01-01 13:00:00', 3),
(260, '2012-06-05 00:00:00', '1970-01-01 11:00:00', '1970-01-01 13:00:00', 3),
(261, '2012-06-07 00:00:00', '1970-01-01 11:00:00', '1970-01-01 13:00:00', 3),
(262, '2012-06-12 00:00:00', '1970-01-01 11:00:00', '1970-01-01 13:00:00', 3),
(263, '2012-06-14 00:00:00', '1970-01-01 11:00:00', '1970-01-01 13:00:00', 3),
(264, '2012-06-19 00:00:00', '1970-01-01 11:00:00', '1970-01-01 13:00:00', 3),
(265, '2012-06-21 00:00:00', '1970-01-01 11:00:00', '1970-01-01 13:00:00', 3),
(266, '2012-06-26 00:00:00', '1970-01-01 11:00:00', '1970-01-01 13:00:00', 3),
(267, '2012-06-28 00:00:00', '1970-01-01 11:00:00', '1970-01-01 13:00:00', 3),
(268, '2012-07-03 00:00:00', '1970-01-01 11:00:00', '1970-01-01 13:00:00', 3),
(269, '2012-07-05 00:00:00', '1970-01-01 11:00:00', '1970-01-01 13:00:00', 3),
(270, '2012-07-10 00:00:00', '1970-01-01 11:00:00', '1970-01-01 13:00:00', 3),
(271, '2012-07-12 00:00:00', '1970-01-01 11:00:00', '1970-01-01 13:00:00', 3),
(272, '2012-07-17 00:00:00', '1970-01-01 11:00:00', '1970-01-01 13:00:00', 3),
(273, '2012-07-19 00:00:00', '1970-01-01 11:00:00', '1970-01-01 13:00:00', 3),
(274, '2012-07-24 00:00:00', '1970-01-01 11:00:00', '1970-01-01 13:00:00', 3),
(275, '2012-07-26 00:00:00', '1970-01-01 11:00:00', '1970-01-01 13:00:00', 3),
(276, '2012-07-31 00:00:00', '1970-01-01 11:00:00', '1970-01-01 13:00:00', 3),
(277, '2012-08-02 00:00:00', '1970-01-01 11:00:00', '1970-01-01 13:00:00', 3),
(278, '2012-08-07 00:00:00', '1970-01-01 11:00:00', '1970-01-01 13:00:00', 3),
(279, '2012-08-09 00:00:00', '1970-01-01 11:00:00', '1970-01-01 13:00:00', 3),
(280, '2012-08-14 00:00:00', '1970-01-01 11:00:00', '1970-01-01 13:00:00', 3),
(281, '2012-08-16 00:00:00', '1970-01-01 11:00:00', '1970-01-01 13:00:00', 3),
(282, '2012-08-21 00:00:00', '1970-01-01 11:00:00', '1970-01-01 13:00:00', 3),
(283, '2012-08-23 00:00:00', '1970-01-01 11:00:00', '1970-01-01 13:00:00', 3),
(284, '2012-08-28 00:00:00', '1970-01-01 11:00:00', '1970-01-01 13:00:00', 3),
(285, '2012-08-30 00:00:00', '1970-01-01 11:00:00', '1970-01-01 13:00:00', 3),
(286, '2012-09-04 00:00:00', '1970-01-01 11:00:00', '1970-01-01 13:00:00', 3),
(287, '2012-09-06 00:00:00', '1970-01-01 11:00:00', '1970-01-01 13:00:00', 3),
(288, '2012-09-11 00:00:00', '1970-01-01 11:00:00', '1970-01-01 13:00:00', 3),
(289, '2012-09-13 00:00:00', '1970-01-01 11:00:00', '1970-01-01 13:00:00', 3),
(290, '2012-09-18 00:00:00', '1970-01-01 11:00:00', '1970-01-01 13:00:00', 3),
(291, '2012-09-20 00:00:00', '1970-01-01 11:00:00', '1970-01-01 13:00:00', 3),
(292, '2012-09-25 00:00:00', '1970-01-01 11:00:00', '1970-01-01 13:00:00', 3),
(293, '2012-09-27 00:00:00', '1970-01-01 11:00:00', '1970-01-01 13:00:00', 3),
(294, '2012-10-02 00:00:00', '1970-01-01 11:00:00', '1970-01-01 13:00:00', 3),
(295, '2012-10-04 00:00:00', '1970-01-01 11:00:00', '1970-01-01 13:00:00', 3),
(296, '2012-10-09 00:00:00', '1970-01-01 11:00:00', '1970-01-01 13:00:00', 3),
(297, '2012-10-11 00:00:00', '1970-01-01 11:00:00', '1970-01-01 13:00:00', 3),
(298, '2012-10-16 00:00:00', '1970-01-01 11:00:00', '1970-01-01 13:00:00', 3),
(299, '2012-10-18 00:00:00', '1970-01-01 11:00:00', '1970-01-01 13:00:00', 3),
(300, '2012-10-23 00:00:00', '1970-01-01 11:00:00', '1970-01-01 13:00:00', 3),
(301, '2012-10-25 00:00:00', '1970-01-01 11:00:00', '1970-01-01 13:00:00', 3),
(302, '2012-10-30 00:00:00', '1970-01-01 11:00:00', '1970-01-01 13:00:00', 3),
(303, '2012-11-01 00:00:00', '1970-01-01 11:00:00', '1970-01-01 13:00:00', 3),
(304, '2012-11-06 00:00:00', '1970-01-01 11:00:00', '1970-01-01 13:00:00', 3),
(305, '2012-11-08 00:00:00', '1970-01-01 11:00:00', '1970-01-01 13:00:00', 3),
(306, '2012-11-13 00:00:00', '1970-01-01 11:00:00', '1970-01-01 13:00:00', 3),
(307, '2012-11-15 00:00:00', '1970-01-01 11:00:00', '1970-01-01 13:00:00', 3),
(308, '2012-11-20 00:00:00', '1970-01-01 11:00:00', '1970-01-01 13:00:00', 3),
(309, '2012-11-22 00:00:00', '1970-01-01 11:00:00', '1970-01-01 13:00:00', 3),
(310, '2012-11-27 00:00:00', '1970-01-01 11:00:00', '1970-01-01 13:00:00', 3),
(311, '2012-11-29 00:00:00', '1970-01-01 11:00:00', '1970-01-01 13:00:00', 3),
(312, '2012-04-27 00:00:00', '1970-01-01 11:00:00', '1970-01-01 13:00:00', 4),
(313, '2012-05-04 00:00:00', '1970-01-01 11:00:00', '1970-01-01 13:00:00', 4),
(314, '2012-05-11 00:00:00', '1970-01-01 11:00:00', '1970-01-01 13:00:00', 4),
(315, '2012-05-18 00:00:00', '1970-01-01 11:00:00', '1970-01-01 13:00:00', 4),
(316, '2012-05-25 00:00:00', '1970-01-01 11:00:00', '1970-01-01 13:00:00', 4),
(317, '2012-06-01 00:00:00', '1970-01-01 11:00:00', '1970-01-01 13:00:00', 4),
(318, '2012-06-08 00:00:00', '1970-01-01 11:00:00', '1970-01-01 13:00:00', 4),
(319, '2012-06-15 00:00:00', '1970-01-01 11:00:00', '1970-01-01 13:00:00', 4),
(320, '2012-06-22 00:00:00', '1970-01-01 11:00:00', '1970-01-01 13:00:00', 4),
(321, '2012-06-29 00:00:00', '1970-01-01 11:00:00', '1970-01-01 13:00:00', 4),
(322, '2012-07-06 00:00:00', '1970-01-01 11:00:00', '1970-01-01 13:00:00', 4),
(323, '2012-07-13 00:00:00', '1970-01-01 11:00:00', '1970-01-01 13:00:00', 4),
(324, '2012-07-20 00:00:00', '1970-01-01 11:00:00', '1970-01-01 13:00:00', 4),
(325, '2012-07-27 00:00:00', '1970-01-01 11:00:00', '1970-01-01 13:00:00', 4),
(326, '2012-08-03 00:00:00', '1970-01-01 11:00:00', '1970-01-01 13:00:00', 4),
(327, '2012-08-10 00:00:00', '1970-01-01 11:00:00', '1970-01-01 13:00:00', 4),
(328, '2012-08-17 00:00:00', '1970-01-01 11:00:00', '1970-01-01 13:00:00', 4),
(329, '2012-08-24 00:00:00', '1970-01-01 11:00:00', '1970-01-01 13:00:00', 4),
(330, '2012-08-31 00:00:00', '1970-01-01 11:00:00', '1970-01-01 13:00:00', 4),
(331, '2012-09-07 00:00:00', '1970-01-01 11:00:00', '1970-01-01 13:00:00', 4),
(332, '2012-09-14 00:00:00', '1970-01-01 11:00:00', '1970-01-01 13:00:00', 4),
(333, '2012-09-21 00:00:00', '1970-01-01 11:00:00', '1970-01-01 13:00:00', 4),
(334, '2012-09-28 00:00:00', '1970-01-01 11:00:00', '1970-01-01 13:00:00', 4),
(335, '2012-10-05 00:00:00', '1970-01-01 11:00:00', '1970-01-01 13:00:00', 4),
(336, '2012-10-12 00:00:00', '1970-01-01 11:00:00', '1970-01-01 13:00:00', 4),
(337, '2012-10-19 00:00:00', '1970-01-01 11:00:00', '1970-01-01 13:00:00', 4),
(338, '2012-10-26 00:00:00', '1970-01-01 11:00:00', '1970-01-01 13:00:00', 4),
(339, '2012-11-02 00:00:00', '1970-01-01 11:00:00', '1970-01-01 13:00:00', 4),
(340, '2012-11-09 00:00:00', '1970-01-01 11:00:00', '1970-01-01 13:00:00', 4),
(341, '2012-11-16 00:00:00', '1970-01-01 11:00:00', '1970-01-01 13:00:00', 4),
(342, '2012-11-23 00:00:00', '1970-01-01 11:00:00', '1970-01-01 13:00:00', 4),
(343, '2012-04-26 00:00:00', '1970-01-01 14:00:00', '1970-01-01 15:00:00', 5),
(344, '2012-05-03 00:00:00', '1970-01-01 14:00:00', '1970-01-01 15:00:00', 5),
(345, '2012-05-10 00:00:00', '1970-01-01 14:00:00', '1970-01-01 15:00:00', 5),
(346, '2012-05-17 00:00:00', '1970-01-01 14:00:00', '1970-01-01 15:00:00', 5),
(347, '2012-05-24 00:00:00', '1970-01-01 14:00:00', '1970-01-01 15:00:00', 5),
(348, '2012-04-23 00:00:00', '1970-01-01 07:30:00', '1970-01-01 19:00:00', 6),
(349, '2012-04-24 00:00:00', '1970-01-01 07:30:00', '1970-01-01 19:00:00', 6),
(350, '2012-04-25 00:00:00', '1970-01-01 07:30:00', '1970-01-01 19:00:00', 6),
(351, '2012-04-26 00:00:00', '1970-01-01 07:30:00', '1970-01-01 19:00:00', 6),
(352, '2012-04-27 00:00:00', '1970-01-01 07:30:00', '1970-01-01 19:00:00', 6),
(353, '2012-04-30 00:00:00', '1970-01-01 07:30:00', '1970-01-01 19:00:00', 6),
(354, '2012-05-01 00:00:00', '1970-01-01 07:30:00', '1970-01-01 19:00:00', 6),
(355, '2012-05-02 00:00:00', '1970-01-01 07:30:00', '1970-01-01 19:00:00', 6),
(356, '2012-05-03 00:00:00', '1970-01-01 07:30:00', '1970-01-01 19:00:00', 6),
(357, '2012-05-04 00:00:00', '1970-01-01 07:30:00', '1970-01-01 19:00:00', 6),
(358, '2012-05-07 00:00:00', '1970-01-01 07:30:00', '1970-01-01 19:00:00', 6),
(359, '2012-05-08 00:00:00', '1970-01-01 07:30:00', '1970-01-01 19:00:00', 6),
(360, '2012-05-09 00:00:00', '1970-01-01 07:30:00', '1970-01-01 19:00:00', 6),
(361, '2012-05-10 00:00:00', '1970-01-01 07:30:00', '1970-01-01 19:00:00', 6),
(362, '2012-05-11 00:00:00', '1970-01-01 07:30:00', '1970-01-01 19:00:00', 6),
(363, '2012-05-14 00:00:00', '1970-01-01 07:30:00', '1970-01-01 19:00:00', 6),
(364, '2012-05-15 00:00:00', '1970-01-01 07:30:00', '1970-01-01 19:00:00', 6),
(365, '2012-05-16 00:00:00', '1970-01-01 07:30:00', '1970-01-01 19:00:00', 6),
(366, '2012-05-17 00:00:00', '1970-01-01 07:30:00', '1970-01-01 19:00:00', 6),
(367, '2012-05-18 00:00:00', '1970-01-01 07:30:00', '1970-01-01 19:00:00', 6),
(368, '2012-05-21 00:00:00', '1970-01-01 07:30:00', '1970-01-01 19:00:00', 6),
(369, '2012-05-22 00:00:00', '1970-01-01 07:30:00', '1970-01-01 19:00:00', 6),
(370, '2012-05-23 00:00:00', '1970-01-01 07:30:00', '1970-01-01 19:00:00', 6),
(371, '2012-05-24 00:00:00', '1970-01-01 07:30:00', '1970-01-01 19:00:00', 6),
(372, '2012-05-25 00:00:00', '1970-01-01 07:30:00', '1970-01-01 19:00:00', 6),
(373, '2012-05-28 00:00:00', '1970-01-01 07:30:00', '1970-01-01 19:00:00', 6),
(374, '2012-05-29 00:00:00', '1970-01-01 07:30:00', '1970-01-01 19:00:00', 6),
(375, '2012-05-30 00:00:00', '1970-01-01 07:30:00', '1970-01-01 19:00:00', 6),
(376, '2012-05-31 00:00:00', '1970-01-01 07:30:00', '1970-01-01 19:00:00', 6),
(377, '2012-06-01 00:00:00', '1970-01-01 07:30:00', '1970-01-01 19:00:00', 6),
(378, '2012-06-04 00:00:00', '1970-01-01 07:30:00', '1970-01-01 19:00:00', 6),
(379, '2012-06-05 00:00:00', '1970-01-01 07:30:00', '1970-01-01 19:00:00', 6),
(380, '2012-06-06 00:00:00', '1970-01-01 07:30:00', '1970-01-01 19:00:00', 6),
(381, '2012-06-07 00:00:00', '1970-01-01 07:30:00', '1970-01-01 19:00:00', 6),
(382, '2012-06-08 00:00:00', '1970-01-01 07:30:00', '1970-01-01 19:00:00', 6),
(383, '2012-06-11 00:00:00', '1970-01-01 07:30:00', '1970-01-01 19:00:00', 6),
(384, '2012-06-12 00:00:00', '1970-01-01 07:30:00', '1970-01-01 19:00:00', 6),
(385, '2012-06-13 00:00:00', '1970-01-01 07:30:00', '1970-01-01 19:00:00', 6),
(386, '2012-06-14 00:00:00', '1970-01-01 07:30:00', '1970-01-01 19:00:00', 6),
(387, '2012-06-15 00:00:00', '1970-01-01 07:30:00', '1970-01-01 19:00:00', 6),
(388, '2012-06-18 00:00:00', '1970-01-01 07:30:00', '1970-01-01 19:00:00', 6),
(389, '2012-06-19 00:00:00', '1970-01-01 07:30:00', '1970-01-01 19:00:00', 6),
(390, '2012-06-20 00:00:00', '1970-01-01 07:30:00', '1970-01-01 19:00:00', 6),
(391, '2012-06-21 00:00:00', '1970-01-01 07:30:00', '1970-01-01 19:00:00', 6),
(392, '2012-06-22 00:00:00', '1970-01-01 07:30:00', '1970-01-01 19:00:00', 6),
(393, '2012-06-25 00:00:00', '1970-01-01 07:30:00', '1970-01-01 19:00:00', 6),
(394, '2012-06-26 00:00:00', '1970-01-01 07:30:00', '1970-01-01 19:00:00', 6),
(395, '2012-06-27 00:00:00', '1970-01-01 07:30:00', '1970-01-01 19:00:00', 6),
(396, '2012-06-28 00:00:00', '1970-01-01 07:30:00', '1970-01-01 19:00:00', 6),
(397, '2012-06-29 00:00:00', '1970-01-01 07:30:00', '1970-01-01 19:00:00', 6),
(398, '2012-07-02 00:00:00', '1970-01-01 07:30:00', '1970-01-01 19:00:00', 6),
(399, '2012-07-03 00:00:00', '1970-01-01 07:30:00', '1970-01-01 19:00:00', 6),
(400, '2012-07-04 00:00:00', '1970-01-01 07:30:00', '1970-01-01 19:00:00', 6),
(401, '2012-07-05 00:00:00', '1970-01-01 07:30:00', '1970-01-01 19:00:00', 6),
(402, '2012-07-06 00:00:00', '1970-01-01 07:30:00', '1970-01-01 19:00:00', 6),
(403, '2012-07-09 00:00:00', '1970-01-01 07:30:00', '1970-01-01 19:00:00', 6),
(404, '2012-07-10 00:00:00', '1970-01-01 07:30:00', '1970-01-01 19:00:00', 6),
(405, '2012-07-11 00:00:00', '1970-01-01 07:30:00', '1970-01-01 19:00:00', 6),
(406, '2012-07-12 00:00:00', '1970-01-01 07:30:00', '1970-01-01 19:00:00', 6),
(407, '2012-07-13 00:00:00', '1970-01-01 07:30:00', '1970-01-01 19:00:00', 6),
(408, '2012-07-16 00:00:00', '1970-01-01 07:30:00', '1970-01-01 19:00:00', 6),
(409, '2012-07-17 00:00:00', '1970-01-01 07:30:00', '1970-01-01 19:00:00', 6),
(410, '2012-07-18 00:00:00', '1970-01-01 07:30:00', '1970-01-01 19:00:00', 6),
(411, '2012-07-19 00:00:00', '1970-01-01 07:30:00', '1970-01-01 19:00:00', 6),
(412, '2012-07-20 00:00:00', '1970-01-01 07:30:00', '1970-01-01 19:00:00', 6),
(413, '2012-07-23 00:00:00', '1970-01-01 07:30:00', '1970-01-01 19:00:00', 6),
(414, '2012-07-24 00:00:00', '1970-01-01 07:30:00', '1970-01-01 19:00:00', 6),
(415, '2012-07-25 00:00:00', '1970-01-01 07:30:00', '1970-01-01 19:00:00', 6),
(416, '2012-07-26 00:00:00', '1970-01-01 07:30:00', '1970-01-01 19:00:00', 6),
(417, '2012-07-27 00:00:00', '1970-01-01 07:30:00', '1970-01-01 19:00:00', 6),
(418, '2012-07-30 00:00:00', '1970-01-01 07:30:00', '1970-01-01 19:00:00', 6),
(419, '2012-07-31 00:00:00', '1970-01-01 07:30:00', '1970-01-01 19:00:00', 6),
(420, '2012-08-01 00:00:00', '1970-01-01 07:30:00', '1970-01-01 19:00:00', 6),
(421, '2012-08-02 00:00:00', '1970-01-01 07:30:00', '1970-01-01 19:00:00', 6),
(422, '2012-08-03 00:00:00', '1970-01-01 07:30:00', '1970-01-01 19:00:00', 6),
(423, '2012-08-06 00:00:00', '1970-01-01 07:30:00', '1970-01-01 19:00:00', 6),
(424, '2012-08-07 00:00:00', '1970-01-01 07:30:00', '1970-01-01 19:00:00', 6),
(425, '2012-08-08 00:00:00', '1970-01-01 07:30:00', '1970-01-01 19:00:00', 6),
(426, '2012-08-09 00:00:00', '1970-01-01 07:30:00', '1970-01-01 19:00:00', 6),
(427, '2012-08-10 00:00:00', '1970-01-01 07:30:00', '1970-01-01 19:00:00', 6),
(428, '2012-08-13 00:00:00', '1970-01-01 07:30:00', '1970-01-01 19:00:00', 6),
(429, '2012-08-14 00:00:00', '1970-01-01 07:30:00', '1970-01-01 19:00:00', 6),
(430, '2012-08-15 00:00:00', '1970-01-01 07:30:00', '1970-01-01 19:00:00', 6),
(431, '2012-08-16 00:00:00', '1970-01-01 07:30:00', '1970-01-01 19:00:00', 6),
(432, '2012-08-17 00:00:00', '1970-01-01 07:30:00', '1970-01-01 19:00:00', 6),
(433, '2012-08-20 00:00:00', '1970-01-01 07:30:00', '1970-01-01 19:00:00', 6),
(434, '2012-08-21 00:00:00', '1970-01-01 07:30:00', '1970-01-01 19:00:00', 6),
(435, '2012-08-22 00:00:00', '1970-01-01 07:30:00', '1970-01-01 19:00:00', 6),
(436, '2012-08-23 00:00:00', '1970-01-01 07:30:00', '1970-01-01 19:00:00', 6),
(437, '2012-08-24 00:00:00', '1970-01-01 07:30:00', '1970-01-01 19:00:00', 6),
(438, '2012-08-27 00:00:00', '1970-01-01 07:30:00', '1970-01-01 19:00:00', 6),
(439, '2012-08-28 00:00:00', '1970-01-01 07:30:00', '1970-01-01 19:00:00', 6),
(440, '2012-08-29 00:00:00', '1970-01-01 07:30:00', '1970-01-01 19:00:00', 6),
(441, '2012-08-30 00:00:00', '1970-01-01 07:30:00', '1970-01-01 19:00:00', 6),
(442, '2012-08-31 00:00:00', '1970-01-01 07:30:00', '1970-01-01 19:00:00', 6),
(443, '2012-09-03 00:00:00', '1970-01-01 07:30:00', '1970-01-01 19:00:00', 6),
(444, '2012-09-04 00:00:00', '1970-01-01 07:30:00', '1970-01-01 19:00:00', 6),
(445, '2012-09-05 00:00:00', '1970-01-01 07:30:00', '1970-01-01 19:00:00', 6),
(446, '2012-09-06 00:00:00', '1970-01-01 07:30:00', '1970-01-01 19:00:00', 6),
(447, '2012-09-07 00:00:00', '1970-01-01 07:30:00', '1970-01-01 19:00:00', 6),
(448, '2012-09-10 00:00:00', '1970-01-01 07:30:00', '1970-01-01 19:00:00', 6),
(449, '2012-09-11 00:00:00', '1970-01-01 07:30:00', '1970-01-01 19:00:00', 6),
(450, '2012-09-12 00:00:00', '1970-01-01 07:30:00', '1970-01-01 19:00:00', 6),
(451, '2012-09-13 00:00:00', '1970-01-01 07:30:00', '1970-01-01 19:00:00', 6),
(452, '2012-09-14 00:00:00', '1970-01-01 07:30:00', '1970-01-01 19:00:00', 6),
(453, '2012-09-17 00:00:00', '1970-01-01 07:30:00', '1970-01-01 19:00:00', 6),
(454, '2012-09-18 00:00:00', '1970-01-01 07:30:00', '1970-01-01 19:00:00', 6),
(455, '2012-09-19 00:00:00', '1970-01-01 07:30:00', '1970-01-01 19:00:00', 6),
(456, '2012-09-20 00:00:00', '1970-01-01 07:30:00', '1970-01-01 19:00:00', 6),
(457, '2012-09-21 00:00:00', '1970-01-01 07:30:00', '1970-01-01 19:00:00', 6),
(458, '2012-09-24 00:00:00', '1970-01-01 07:30:00', '1970-01-01 19:00:00', 6),
(459, '2012-09-25 00:00:00', '1970-01-01 07:30:00', '1970-01-01 19:00:00', 6),
(460, '2012-09-26 00:00:00', '1970-01-01 07:30:00', '1970-01-01 19:00:00', 6),
(461, '2012-09-27 00:00:00', '1970-01-01 07:30:00', '1970-01-01 19:00:00', 6),
(462, '2012-09-28 00:00:00', '1970-01-01 07:30:00', '1970-01-01 19:00:00', 6),
(463, '2012-10-01 00:00:00', '1970-01-01 07:30:00', '1970-01-01 19:00:00', 6),
(464, '2012-10-02 00:00:00', '1970-01-01 07:30:00', '1970-01-01 19:00:00', 6),
(465, '2012-10-03 00:00:00', '1970-01-01 07:30:00', '1970-01-01 19:00:00', 6),
(466, '2012-10-04 00:00:00', '1970-01-01 07:30:00', '1970-01-01 19:00:00', 6),
(467, '2012-10-05 00:00:00', '1970-01-01 07:30:00', '1970-01-01 19:00:00', 6),
(468, '2012-10-08 00:00:00', '1970-01-01 07:30:00', '1970-01-01 19:00:00', 6),
(469, '2012-10-09 00:00:00', '1970-01-01 07:30:00', '1970-01-01 19:00:00', 6),
(470, '2012-10-10 00:00:00', '1970-01-01 07:30:00', '1970-01-01 19:00:00', 6),
(471, '2012-10-11 00:00:00', '1970-01-01 07:30:00', '1970-01-01 19:00:00', 6),
(472, '2012-10-12 00:00:00', '1970-01-01 07:30:00', '1970-01-01 19:00:00', 6),
(473, '2012-10-15 00:00:00', '1970-01-01 07:30:00', '1970-01-01 19:00:00', 6),
(474, '2012-10-16 00:00:00', '1970-01-01 07:30:00', '1970-01-01 19:00:00', 6),
(475, '2012-10-17 00:00:00', '1970-01-01 07:30:00', '1970-01-01 19:00:00', 6),
(476, '2012-10-18 00:00:00', '1970-01-01 07:30:00', '1970-01-01 19:00:00', 6),
(477, '2012-10-19 00:00:00', '1970-01-01 07:30:00', '1970-01-01 19:00:00', 6),
(478, '2012-10-22 00:00:00', '1970-01-01 07:30:00', '1970-01-01 19:00:00', 6),
(479, '2012-10-23 00:00:00', '1970-01-01 07:30:00', '1970-01-01 19:00:00', 6),
(480, '2012-10-24 00:00:00', '1970-01-01 07:30:00', '1970-01-01 19:00:00', 6),
(481, '2012-10-25 00:00:00', '1970-01-01 07:30:00', '1970-01-01 19:00:00', 6),
(482, '2012-10-26 00:00:00', '1970-01-01 07:30:00', '1970-01-01 19:00:00', 6),
(483, '2012-10-29 00:00:00', '1970-01-01 07:30:00', '1970-01-01 19:00:00', 6),
(484, '2012-10-30 00:00:00', '1970-01-01 07:30:00', '1970-01-01 19:00:00', 6),
(485, '2012-10-31 00:00:00', '1970-01-01 07:30:00', '1970-01-01 19:00:00', 6),
(486, '2012-11-01 00:00:00', '1970-01-01 07:30:00', '1970-01-01 19:00:00', 6),
(487, '2012-11-02 00:00:00', '1970-01-01 07:30:00', '1970-01-01 19:00:00', 6),
(488, '2012-11-05 00:00:00', '1970-01-01 07:30:00', '1970-01-01 19:00:00', 6),
(489, '2012-11-06 00:00:00', '1970-01-01 07:30:00', '1970-01-01 19:00:00', 6),
(490, '2012-11-07 00:00:00', '1970-01-01 07:30:00', '1970-01-01 19:00:00', 6),
(491, '2012-11-08 00:00:00', '1970-01-01 07:30:00', '1970-01-01 19:00:00', 6),
(492, '2012-11-09 00:00:00', '1970-01-01 07:30:00', '1970-01-01 19:00:00', 6),
(493, '2012-11-12 00:00:00', '1970-01-01 07:30:00', '1970-01-01 19:00:00', 6),
(494, '2012-11-13 00:00:00', '1970-01-01 07:30:00', '1970-01-01 19:00:00', 6),
(495, '2012-11-14 00:00:00', '1970-01-01 07:30:00', '1970-01-01 19:00:00', 6),
(496, '2012-11-15 00:00:00', '1970-01-01 07:30:00', '1970-01-01 19:00:00', 6),
(497, '2012-11-16 00:00:00', '1970-01-01 07:30:00', '1970-01-01 19:00:00', 6),
(498, '2012-11-19 00:00:00', '1970-01-01 07:30:00', '1970-01-01 19:00:00', 6),
(499, '2012-11-20 00:00:00', '1970-01-01 07:30:00', '1970-01-01 19:00:00', 6),
(500, '2012-11-21 00:00:00', '1970-01-01 07:30:00', '1970-01-01 19:00:00', 6),
(501, '2012-11-22 00:00:00', '1970-01-01 07:30:00', '1970-01-01 19:00:00', 6),
(502, '2012-11-23 00:00:00', '1970-01-01 07:30:00', '1970-01-01 19:00:00', 6),
(503, '2012-11-26 00:00:00', '1970-01-01 07:30:00', '1970-01-01 19:00:00', 6),
(504, '2012-11-27 00:00:00', '1970-01-01 07:30:00', '1970-01-01 19:00:00', 6),
(505, '2012-11-28 00:00:00', '1970-01-01 07:30:00', '1970-01-01 19:00:00', 6),
(506, '2012-11-29 00:00:00', '1970-01-01 07:30:00', '1970-01-01 19:00:00', 6),
(507, '2012-04-28 00:00:00', '1970-01-01 08:00:00', '1970-01-01 13:00:00', 6),
(508, '2012-05-05 00:00:00', '1970-01-01 08:00:00', '1970-01-01 13:00:00', 6),
(509, '2012-05-12 00:00:00', '1970-01-01 08:00:00', '1970-01-01 13:00:00', 6),
(510, '2012-05-19 00:00:00', '1970-01-01 08:00:00', '1970-01-01 13:00:00', 6),
(511, '2012-05-26 00:00:00', '1970-01-01 08:00:00', '1970-01-01 13:00:00', 6),
(512, '2012-06-02 00:00:00', '1970-01-01 08:00:00', '1970-01-01 13:00:00', 6),
(513, '2012-06-09 00:00:00', '1970-01-01 08:00:00', '1970-01-01 13:00:00', 6),
(514, '2012-06-16 00:00:00', '1970-01-01 08:00:00', '1970-01-01 13:00:00', 6),
(515, '2012-06-23 00:00:00', '1970-01-01 08:00:00', '1970-01-01 13:00:00', 6),
(516, '2012-06-30 00:00:00', '1970-01-01 08:00:00', '1970-01-01 13:00:00', 6),
(517, '2012-07-07 00:00:00', '1970-01-01 08:00:00', '1970-01-01 13:00:00', 6),
(518, '2012-07-14 00:00:00', '1970-01-01 08:00:00', '1970-01-01 13:00:00', 6),
(519, '2012-07-21 00:00:00', '1970-01-01 08:00:00', '1970-01-01 13:00:00', 6),
(520, '2012-07-28 00:00:00', '1970-01-01 08:00:00', '1970-01-01 13:00:00', 6),
(521, '2012-08-04 00:00:00', '1970-01-01 08:00:00', '1970-01-01 13:00:00', 6),
(522, '2012-08-11 00:00:00', '1970-01-01 08:00:00', '1970-01-01 13:00:00', 6),
(523, '2012-08-18 00:00:00', '1970-01-01 08:00:00', '1970-01-01 13:00:00', 6),
(524, '2012-08-25 00:00:00', '1970-01-01 08:00:00', '1970-01-01 13:00:00', 6),
(525, '2012-09-01 00:00:00', '1970-01-01 08:00:00', '1970-01-01 13:00:00', 6),
(526, '2012-09-08 00:00:00', '1970-01-01 08:00:00', '1970-01-01 13:00:00', 6),
(527, '2012-09-15 00:00:00', '1970-01-01 08:00:00', '1970-01-01 13:00:00', 6),
(528, '2012-09-22 00:00:00', '1970-01-01 08:00:00', '1970-01-01 13:00:00', 6),
(529, '2012-09-29 00:00:00', '1970-01-01 08:00:00', '1970-01-01 13:00:00', 6),
(530, '2012-10-06 00:00:00', '1970-01-01 08:00:00', '1970-01-01 13:00:00', 6),
(531, '2012-10-13 00:00:00', '1970-01-01 08:00:00', '1970-01-01 13:00:00', 6),
(532, '2012-10-20 00:00:00', '1970-01-01 08:00:00', '1970-01-01 13:00:00', 6),
(533, '2012-10-27 00:00:00', '1970-01-01 08:00:00', '1970-01-01 13:00:00', 6),
(534, '2012-11-03 00:00:00', '1970-01-01 08:00:00', '1970-01-01 13:00:00', 6),
(535, '2012-11-10 00:00:00', '1970-01-01 08:00:00', '1970-01-01 13:00:00', 6),
(536, '2012-11-17 00:00:00', '1970-01-01 08:00:00', '1970-01-01 13:00:00', 6),
(537, '2012-11-24 00:00:00', '1970-01-01 08:00:00', '1970-01-01 13:00:00', 6),
(538, '2012-05-07 00:00:00', '1970-01-01 14:00:00', '1970-01-01 16:00:00', 7),
(539, '2012-05-14 00:00:00', '1970-01-01 14:00:00', '1970-01-01 16:00:00', 7),
(540, '2012-05-21 00:00:00', '1970-01-01 14:00:00', '1970-01-01 16:00:00', 7),
(541, '2012-05-08 00:00:00', '1970-01-01 14:00:00', '1970-01-01 16:00:00', 8),
(542, '2012-05-15 00:00:00', '1970-01-01 14:00:00', '1970-01-01 16:00:00', 8),
(543, '2012-05-22 00:00:00', '1970-01-01 14:00:00', '1970-01-01 16:00:00', 8),
(544, '2012-05-02 00:00:00', '1970-01-01 14:00:00', '1970-01-01 16:00:00', 9),
(545, '2012-05-09 00:00:00', '1970-01-01 14:00:00', '1970-01-01 16:00:00', 9),
(546, '2012-05-16 00:00:00', '1970-01-01 14:00:00', '1970-01-01 16:00:00', 9),
(547, '2012-05-23 00:00:00', '1970-01-01 14:00:00', '1970-01-01 16:00:00', 9),
(548, '2012-05-03 00:00:00', '1970-01-01 14:00:00', '1970-01-01 16:00:00', 10),
(549, '2012-05-10 00:00:00', '1970-01-01 14:00:00', '1970-01-01 16:00:00', 10),
(550, '2012-05-17 00:00:00', '1970-01-01 14:00:00', '1970-01-01 16:00:00', 10),
(551, '2012-05-24 00:00:00', '1970-01-01 14:00:00', '1970-01-01 16:00:00', 10),
(552, '2012-05-05 00:00:00', '1970-01-01 10:00:00', '1970-01-01 12:00:00', 11),
(553, '2012-05-12 00:00:00', '1970-01-01 10:00:00', '1970-01-01 12:00:00', 11),
(554, '2012-05-19 00:00:00', '1970-01-01 10:00:00', '1970-01-01 12:00:00', 11),
(555, '2012-05-26 00:00:00', '1970-01-01 10:00:00', '1970-01-01 12:00:00', 11),
(556, '2012-05-02 00:00:00', '1970-01-01 12:00:00', '1970-01-01 13:00:00', 13),
(557, '2012-05-04 00:00:00', '1970-01-01 12:00:00', '1970-01-01 13:00:00', 13),
(558, '2012-05-07 00:00:00', '1970-01-01 12:00:00', '1970-01-01 13:00:00', 13),
(559, '2012-05-09 00:00:00', '1970-01-01 12:00:00', '1970-01-01 13:00:00', 13),
(560, '2012-05-11 00:00:00', '1970-01-01 12:00:00', '1970-01-01 13:00:00', 13),
(561, '2012-05-14 00:00:00', '1970-01-01 12:00:00', '1970-01-01 13:00:00', 13),
(562, '2012-05-16 00:00:00', '1970-01-01 12:00:00', '1970-01-01 13:00:00', 13),
(563, '2012-05-18 00:00:00', '1970-01-01 12:00:00', '1970-01-01 13:00:00', 13),
(564, '2012-05-21 00:00:00', '1970-01-01 12:00:00', '1970-01-01 13:00:00', 13),
(565, '2012-05-23 00:00:00', '1970-01-01 12:00:00', '1970-01-01 13:00:00', 13),
(566, '2012-05-25 00:00:00', '1970-01-01 12:00:00', '1970-01-01 13:00:00', 13),
(567, '2012-05-28 00:00:00', '1970-01-01 12:00:00', '1970-01-01 13:00:00', 13),
(568, '2012-05-30 00:00:00', '1970-01-01 12:00:00', '1970-01-01 13:00:00', 13),
(569, '2012-06-01 00:00:00', '1970-01-01 12:00:00', '1970-01-01 13:00:00', 13),
(570, '2012-06-04 00:00:00', '1970-01-01 12:00:00', '1970-01-01 13:00:00', 13),
(571, '2012-06-06 00:00:00', '1970-01-01 12:00:00', '1970-01-01 13:00:00', 13),
(572, '2012-06-08 00:00:00', '1970-01-01 12:00:00', '1970-01-01 13:00:00', 13),
(573, '2012-06-11 00:00:00', '1970-01-01 12:00:00', '1970-01-01 13:00:00', 13),
(574, '2012-06-13 00:00:00', '1970-01-01 12:00:00', '1970-01-01 13:00:00', 13),
(575, '2012-06-15 00:00:00', '1970-01-01 12:00:00', '1970-01-01 13:00:00', 13),
(576, '2012-06-18 00:00:00', '1970-01-01 12:00:00', '1970-01-01 13:00:00', 13),
(577, '2012-06-20 00:00:00', '1970-01-01 12:00:00', '1970-01-01 13:00:00', 13),
(578, '2012-06-22 00:00:00', '1970-01-01 12:00:00', '1970-01-01 13:00:00', 13),
(579, '2012-06-25 00:00:00', '1970-01-01 12:00:00', '1970-01-01 13:00:00', 13),
(580, '2012-06-27 00:00:00', '1970-01-01 12:00:00', '1970-01-01 13:00:00', 13),
(581, '2012-06-29 00:00:00', '1970-01-01 12:00:00', '1970-01-01 13:00:00', 13),
(582, '2012-07-02 00:00:00', '1970-01-01 12:00:00', '1970-01-01 13:00:00', 13),
(583, '2012-07-04 00:00:00', '1970-01-01 12:00:00', '1970-01-01 13:00:00', 13),
(584, '2012-07-06 00:00:00', '1970-01-01 12:00:00', '1970-01-01 13:00:00', 13),
(585, '2012-07-09 00:00:00', '1970-01-01 12:00:00', '1970-01-01 13:00:00', 13),
(586, '2012-07-11 00:00:00', '1970-01-01 12:00:00', '1970-01-01 13:00:00', 13),
(587, '2012-07-13 00:00:00', '1970-01-01 12:00:00', '1970-01-01 13:00:00', 13),
(588, '2012-07-16 00:00:00', '1970-01-01 12:00:00', '1970-01-01 13:00:00', 13),
(589, '2012-07-18 00:00:00', '1970-01-01 12:00:00', '1970-01-01 13:00:00', 13),
(590, '2012-07-20 00:00:00', '1970-01-01 12:00:00', '1970-01-01 13:00:00', 13),
(591, '2012-07-23 00:00:00', '1970-01-01 12:00:00', '1970-01-01 13:00:00', 13),
(592, '2012-07-25 00:00:00', '1970-01-01 12:00:00', '1970-01-01 13:00:00', 13),
(593, '2012-07-27 00:00:00', '1970-01-01 12:00:00', '1970-01-01 13:00:00', 13),
(594, '2012-07-30 00:00:00', '1970-01-01 12:00:00', '1970-01-01 13:00:00', 13),
(595, '2012-08-01 00:00:00', '1970-01-01 12:00:00', '1970-01-01 13:00:00', 13),
(596, '2012-08-03 00:00:00', '1970-01-01 12:00:00', '1970-01-01 13:00:00', 13),
(597, '2012-08-06 00:00:00', '1970-01-01 12:00:00', '1970-01-01 13:00:00', 13),
(598, '2012-08-08 00:00:00', '1970-01-01 12:00:00', '1970-01-01 13:00:00', 13),
(599, '2012-08-10 00:00:00', '1970-01-01 12:00:00', '1970-01-01 13:00:00', 13),
(600, '2012-08-13 00:00:00', '1970-01-01 12:00:00', '1970-01-01 13:00:00', 13),
(601, '2012-08-15 00:00:00', '1970-01-01 12:00:00', '1970-01-01 13:00:00', 13),
(602, '2012-08-17 00:00:00', '1970-01-01 12:00:00', '1970-01-01 13:00:00', 13),
(603, '2012-08-20 00:00:00', '1970-01-01 12:00:00', '1970-01-01 13:00:00', 13),
(604, '2012-08-22 00:00:00', '1970-01-01 12:00:00', '1970-01-01 13:00:00', 13),
(605, '2012-08-24 00:00:00', '1970-01-01 12:00:00', '1970-01-01 13:00:00', 13),
(606, '2012-08-27 00:00:00', '1970-01-01 12:00:00', '1970-01-01 13:00:00', 13),
(607, '2012-08-29 00:00:00', '1970-01-01 12:00:00', '1970-01-01 13:00:00', 13),
(608, '2012-08-31 00:00:00', '1970-01-01 12:00:00', '1970-01-01 13:00:00', 13),
(609, '2012-09-03 00:00:00', '1970-01-01 12:00:00', '1970-01-01 13:00:00', 13),
(610, '2012-09-05 00:00:00', '1970-01-01 12:00:00', '1970-01-01 13:00:00', 13),
(611, '2012-09-07 00:00:00', '1970-01-01 12:00:00', '1970-01-01 13:00:00', 13),
(612, '2012-09-10 00:00:00', '1970-01-01 12:00:00', '1970-01-01 13:00:00', 13),
(613, '2012-09-12 00:00:00', '1970-01-01 12:00:00', '1970-01-01 13:00:00', 13),
(614, '2012-09-14 00:00:00', '1970-01-01 12:00:00', '1970-01-01 13:00:00', 13),
(615, '2012-09-17 00:00:00', '1970-01-01 12:00:00', '1970-01-01 13:00:00', 13),
(616, '2012-09-19 00:00:00', '1970-01-01 12:00:00', '1970-01-01 13:00:00', 13),
(617, '2012-09-21 00:00:00', '1970-01-01 12:00:00', '1970-01-01 13:00:00', 13),
(618, '2012-09-24 00:00:00', '1970-01-01 12:00:00', '1970-01-01 13:00:00', 13),
(619, '2012-09-26 00:00:00', '1970-01-01 12:00:00', '1970-01-01 13:00:00', 13),
(620, '2012-09-28 00:00:00', '1970-01-01 12:00:00', '1970-01-01 13:00:00', 13),
(621, '2012-10-01 00:00:00', '1970-01-01 12:00:00', '1970-01-01 13:00:00', 13),
(622, '2012-10-03 00:00:00', '1970-01-01 12:00:00', '1970-01-01 13:00:00', 13),
(623, '2012-10-05 00:00:00', '1970-01-01 12:00:00', '1970-01-01 13:00:00', 13),
(624, '2012-10-08 00:00:00', '1970-01-01 12:00:00', '1970-01-01 13:00:00', 13),
(625, '2012-10-10 00:00:00', '1970-01-01 12:00:00', '1970-01-01 13:00:00', 13),
(626, '2012-10-12 00:00:00', '1970-01-01 12:00:00', '1970-01-01 13:00:00', 13),
(627, '2012-10-15 00:00:00', '1970-01-01 12:00:00', '1970-01-01 13:00:00', 13),
(628, '2012-10-17 00:00:00', '1970-01-01 12:00:00', '1970-01-01 13:00:00', 13),
(629, '2012-10-19 00:00:00', '1970-01-01 12:00:00', '1970-01-01 13:00:00', 13),
(630, '2012-10-22 00:00:00', '1970-01-01 12:00:00', '1970-01-01 13:00:00', 13),
(631, '2012-10-24 00:00:00', '1970-01-01 12:00:00', '1970-01-01 13:00:00', 13),
(632, '2012-10-26 00:00:00', '1970-01-01 12:00:00', '1970-01-01 13:00:00', 13),
(633, '2012-10-29 00:00:00', '1970-01-01 12:00:00', '1970-01-01 13:00:00', 13),
(634, '2012-10-31 00:00:00', '1970-01-01 12:00:00', '1970-01-01 13:00:00', 13),
(635, '2012-11-02 00:00:00', '1970-01-01 12:00:00', '1970-01-01 13:00:00', 13),
(636, '2012-11-05 00:00:00', '1970-01-01 12:00:00', '1970-01-01 13:00:00', 13),
(637, '2012-11-07 00:00:00', '1970-01-01 12:00:00', '1970-01-01 13:00:00', 13),
(638, '2012-11-09 00:00:00', '1970-01-01 12:00:00', '1970-01-01 13:00:00', 13),
(639, '2012-11-12 00:00:00', '1970-01-01 12:00:00', '1970-01-01 13:00:00', 13),
(640, '2012-11-14 00:00:00', '1970-01-01 12:00:00', '1970-01-01 13:00:00', 13),
(641, '2012-11-16 00:00:00', '1970-01-01 12:00:00', '1970-01-01 13:00:00', 13),
(642, '2012-11-19 00:00:00', '1970-01-01 12:00:00', '1970-01-01 13:00:00', 13),
(643, '2012-11-21 00:00:00', '1970-01-01 12:00:00', '1970-01-01 13:00:00', 13),
(644, '2012-11-23 00:00:00', '1970-01-01 12:00:00', '1970-01-01 13:00:00', 13),
(645, '2012-11-26 00:00:00', '1970-01-01 12:00:00', '1970-01-01 13:00:00', 13),
(646, '2012-11-28 00:00:00', '1970-01-01 12:00:00', '1970-01-01 13:00:00', 13),
(647, '2012-05-02 00:00:00', '1970-01-01 13:00:00', '1970-01-01 14:00:00', 13);
INSERT INTO `detalleactividad` (`iddetalleactividad`, `fecha`, `horainicio`, `horafin`, `actividadidactividad`) VALUES
(648, '2012-05-04 00:00:00', '1970-01-01 13:00:00', '1970-01-01 14:00:00', 13),
(649, '2012-05-07 00:00:00', '1970-01-01 13:00:00', '1970-01-01 14:00:00', 13),
(650, '2012-05-09 00:00:00', '1970-01-01 13:00:00', '1970-01-01 14:00:00', 13),
(651, '2012-05-11 00:00:00', '1970-01-01 13:00:00', '1970-01-01 14:00:00', 13),
(652, '2012-05-14 00:00:00', '1970-01-01 13:00:00', '1970-01-01 14:00:00', 13),
(653, '2012-05-16 00:00:00', '1970-01-01 13:00:00', '1970-01-01 14:00:00', 13),
(654, '2012-05-18 00:00:00', '1970-01-01 13:00:00', '1970-01-01 14:00:00', 13),
(655, '2012-05-21 00:00:00', '1970-01-01 13:00:00', '1970-01-01 14:00:00', 13),
(656, '2012-05-23 00:00:00', '1970-01-01 13:00:00', '1970-01-01 14:00:00', 13),
(657, '2012-05-25 00:00:00', '1970-01-01 13:00:00', '1970-01-01 14:00:00', 13),
(658, '2012-05-28 00:00:00', '1970-01-01 13:00:00', '1970-01-01 14:00:00', 13),
(659, '2012-05-30 00:00:00', '1970-01-01 13:00:00', '1970-01-01 14:00:00', 13),
(660, '2012-06-01 00:00:00', '1970-01-01 13:00:00', '1970-01-01 14:00:00', 13),
(661, '2012-06-04 00:00:00', '1970-01-01 13:00:00', '1970-01-01 14:00:00', 13),
(662, '2012-06-06 00:00:00', '1970-01-01 13:00:00', '1970-01-01 14:00:00', 13),
(663, '2012-06-08 00:00:00', '1970-01-01 13:00:00', '1970-01-01 14:00:00', 13),
(664, '2012-06-11 00:00:00', '1970-01-01 13:00:00', '1970-01-01 14:00:00', 13),
(665, '2012-06-13 00:00:00', '1970-01-01 13:00:00', '1970-01-01 14:00:00', 13),
(666, '2012-06-15 00:00:00', '1970-01-01 13:00:00', '1970-01-01 14:00:00', 13),
(667, '2012-06-18 00:00:00', '1970-01-01 13:00:00', '1970-01-01 14:00:00', 13),
(668, '2012-06-20 00:00:00', '1970-01-01 13:00:00', '1970-01-01 14:00:00', 13),
(669, '2012-06-22 00:00:00', '1970-01-01 13:00:00', '1970-01-01 14:00:00', 13),
(670, '2012-06-25 00:00:00', '1970-01-01 13:00:00', '1970-01-01 14:00:00', 13),
(671, '2012-06-27 00:00:00', '1970-01-01 13:00:00', '1970-01-01 14:00:00', 13),
(672, '2012-06-29 00:00:00', '1970-01-01 13:00:00', '1970-01-01 14:00:00', 13),
(673, '2012-07-02 00:00:00', '1970-01-01 13:00:00', '1970-01-01 14:00:00', 13),
(674, '2012-07-04 00:00:00', '1970-01-01 13:00:00', '1970-01-01 14:00:00', 13),
(675, '2012-07-06 00:00:00', '1970-01-01 13:00:00', '1970-01-01 14:00:00', 13),
(676, '2012-07-09 00:00:00', '1970-01-01 13:00:00', '1970-01-01 14:00:00', 13),
(677, '2012-07-11 00:00:00', '1970-01-01 13:00:00', '1970-01-01 14:00:00', 13),
(678, '2012-07-13 00:00:00', '1970-01-01 13:00:00', '1970-01-01 14:00:00', 13),
(679, '2012-07-16 00:00:00', '1970-01-01 13:00:00', '1970-01-01 14:00:00', 13),
(680, '2012-07-18 00:00:00', '1970-01-01 13:00:00', '1970-01-01 14:00:00', 13),
(681, '2012-07-20 00:00:00', '1970-01-01 13:00:00', '1970-01-01 14:00:00', 13),
(682, '2012-07-23 00:00:00', '1970-01-01 13:00:00', '1970-01-01 14:00:00', 13),
(683, '2012-07-25 00:00:00', '1970-01-01 13:00:00', '1970-01-01 14:00:00', 13),
(684, '2012-07-27 00:00:00', '1970-01-01 13:00:00', '1970-01-01 14:00:00', 13),
(685, '2012-07-30 00:00:00', '1970-01-01 13:00:00', '1970-01-01 14:00:00', 13),
(686, '2012-08-01 00:00:00', '1970-01-01 13:00:00', '1970-01-01 14:00:00', 13),
(687, '2012-08-03 00:00:00', '1970-01-01 13:00:00', '1970-01-01 14:00:00', 13),
(688, '2012-08-06 00:00:00', '1970-01-01 13:00:00', '1970-01-01 14:00:00', 13),
(689, '2012-08-08 00:00:00', '1970-01-01 13:00:00', '1970-01-01 14:00:00', 13),
(690, '2012-08-10 00:00:00', '1970-01-01 13:00:00', '1970-01-01 14:00:00', 13),
(691, '2012-08-13 00:00:00', '1970-01-01 13:00:00', '1970-01-01 14:00:00', 13),
(692, '2012-08-15 00:00:00', '1970-01-01 13:00:00', '1970-01-01 14:00:00', 13),
(693, '2012-08-17 00:00:00', '1970-01-01 13:00:00', '1970-01-01 14:00:00', 13),
(694, '2012-08-20 00:00:00', '1970-01-01 13:00:00', '1970-01-01 14:00:00', 13),
(695, '2012-08-22 00:00:00', '1970-01-01 13:00:00', '1970-01-01 14:00:00', 13),
(696, '2012-08-24 00:00:00', '1970-01-01 13:00:00', '1970-01-01 14:00:00', 13),
(697, '2012-08-27 00:00:00', '1970-01-01 13:00:00', '1970-01-01 14:00:00', 13),
(698, '2012-08-29 00:00:00', '1970-01-01 13:00:00', '1970-01-01 14:00:00', 13),
(699, '2012-08-31 00:00:00', '1970-01-01 13:00:00', '1970-01-01 14:00:00', 13),
(700, '2012-09-03 00:00:00', '1970-01-01 13:00:00', '1970-01-01 14:00:00', 13),
(701, '2012-09-05 00:00:00', '1970-01-01 13:00:00', '1970-01-01 14:00:00', 13),
(702, '2012-09-07 00:00:00', '1970-01-01 13:00:00', '1970-01-01 14:00:00', 13),
(703, '2012-09-10 00:00:00', '1970-01-01 13:00:00', '1970-01-01 14:00:00', 13),
(704, '2012-09-12 00:00:00', '1970-01-01 13:00:00', '1970-01-01 14:00:00', 13),
(705, '2012-09-14 00:00:00', '1970-01-01 13:00:00', '1970-01-01 14:00:00', 13),
(706, '2012-09-17 00:00:00', '1970-01-01 13:00:00', '1970-01-01 14:00:00', 13),
(707, '2012-09-19 00:00:00', '1970-01-01 13:00:00', '1970-01-01 14:00:00', 13),
(708, '2012-09-21 00:00:00', '1970-01-01 13:00:00', '1970-01-01 14:00:00', 13),
(709, '2012-09-24 00:00:00', '1970-01-01 13:00:00', '1970-01-01 14:00:00', 13),
(710, '2012-09-26 00:00:00', '1970-01-01 13:00:00', '1970-01-01 14:00:00', 13),
(711, '2012-09-28 00:00:00', '1970-01-01 13:00:00', '1970-01-01 14:00:00', 13),
(712, '2012-10-01 00:00:00', '1970-01-01 13:00:00', '1970-01-01 14:00:00', 13),
(713, '2012-10-03 00:00:00', '1970-01-01 13:00:00', '1970-01-01 14:00:00', 13),
(714, '2012-10-05 00:00:00', '1970-01-01 13:00:00', '1970-01-01 14:00:00', 13),
(715, '2012-10-08 00:00:00', '1970-01-01 13:00:00', '1970-01-01 14:00:00', 13),
(716, '2012-10-10 00:00:00', '1970-01-01 13:00:00', '1970-01-01 14:00:00', 13),
(717, '2012-10-12 00:00:00', '1970-01-01 13:00:00', '1970-01-01 14:00:00', 13),
(718, '2012-10-15 00:00:00', '1970-01-01 13:00:00', '1970-01-01 14:00:00', 13),
(719, '2012-10-17 00:00:00', '1970-01-01 13:00:00', '1970-01-01 14:00:00', 13),
(720, '2012-10-19 00:00:00', '1970-01-01 13:00:00', '1970-01-01 14:00:00', 13),
(721, '2012-10-22 00:00:00', '1970-01-01 13:00:00', '1970-01-01 14:00:00', 13),
(722, '2012-10-24 00:00:00', '1970-01-01 13:00:00', '1970-01-01 14:00:00', 13),
(723, '2012-10-26 00:00:00', '1970-01-01 13:00:00', '1970-01-01 14:00:00', 13),
(724, '2012-10-29 00:00:00', '1970-01-01 13:00:00', '1970-01-01 14:00:00', 13),
(725, '2012-10-31 00:00:00', '1970-01-01 13:00:00', '1970-01-01 14:00:00', 13),
(726, '2012-11-02 00:00:00', '1970-01-01 13:00:00', '1970-01-01 14:00:00', 13),
(727, '2012-11-05 00:00:00', '1970-01-01 13:00:00', '1970-01-01 14:00:00', 13),
(728, '2012-11-07 00:00:00', '1970-01-01 13:00:00', '1970-01-01 14:00:00', 13),
(729, '2012-11-09 00:00:00', '1970-01-01 13:00:00', '1970-01-01 14:00:00', 13),
(730, '2012-11-12 00:00:00', '1970-01-01 13:00:00', '1970-01-01 14:00:00', 13),
(731, '2012-11-14 00:00:00', '1970-01-01 13:00:00', '1970-01-01 14:00:00', 13),
(732, '2012-11-16 00:00:00', '1970-01-01 13:00:00', '1970-01-01 14:00:00', 13),
(733, '2012-11-19 00:00:00', '1970-01-01 13:00:00', '1970-01-01 14:00:00', 13),
(734, '2012-11-21 00:00:00', '1970-01-01 13:00:00', '1970-01-01 14:00:00', 13),
(735, '2012-11-23 00:00:00', '1970-01-01 13:00:00', '1970-01-01 14:00:00', 13),
(736, '2012-11-26 00:00:00', '1970-01-01 13:00:00', '1970-01-01 14:00:00', 13),
(737, '2012-11-28 00:00:00', '1970-01-01 13:00:00', '1970-01-01 14:00:00', 13),
(738, '2012-11-30 00:00:00', '1970-01-01 13:00:00', '1970-01-01 14:00:00', 13),
(739, '2012-05-02 00:00:00', '1970-01-01 15:00:00', '1970-01-01 15:50:00', 13),
(740, '2012-05-04 00:00:00', '1970-01-01 15:00:00', '1970-01-01 15:50:00', 13),
(741, '2012-05-07 00:00:00', '1970-01-01 15:00:00', '1970-01-01 15:50:00', 13),
(742, '2012-05-09 00:00:00', '1970-01-01 15:00:00', '1970-01-01 15:50:00', 13),
(743, '2012-05-11 00:00:00', '1970-01-01 15:00:00', '1970-01-01 15:50:00', 13),
(744, '2012-05-14 00:00:00', '1970-01-01 15:00:00', '1970-01-01 15:50:00', 13),
(745, '2012-05-16 00:00:00', '1970-01-01 15:00:00', '1970-01-01 15:50:00', 13),
(746, '2012-05-18 00:00:00', '1970-01-01 15:00:00', '1970-01-01 15:50:00', 13),
(747, '2012-05-21 00:00:00', '1970-01-01 15:00:00', '1970-01-01 15:50:00', 13),
(748, '2012-05-23 00:00:00', '1970-01-01 15:00:00', '1970-01-01 15:50:00', 13),
(749, '2012-05-25 00:00:00', '1970-01-01 15:00:00', '1970-01-01 15:50:00', 13),
(750, '2012-05-28 00:00:00', '1970-01-01 15:00:00', '1970-01-01 15:50:00', 13),
(751, '2012-05-30 00:00:00', '1970-01-01 15:00:00', '1970-01-01 15:50:00', 13),
(752, '2012-06-01 00:00:00', '1970-01-01 15:00:00', '1970-01-01 15:50:00', 13),
(753, '2012-06-04 00:00:00', '1970-01-01 15:00:00', '1970-01-01 15:50:00', 13),
(754, '2012-06-06 00:00:00', '1970-01-01 15:00:00', '1970-01-01 15:50:00', 13),
(755, '2012-06-08 00:00:00', '1970-01-01 15:00:00', '1970-01-01 15:50:00', 13),
(756, '2012-06-11 00:00:00', '1970-01-01 15:00:00', '1970-01-01 15:50:00', 13),
(757, '2012-06-13 00:00:00', '1970-01-01 15:00:00', '1970-01-01 15:50:00', 13),
(758, '2012-06-15 00:00:00', '1970-01-01 15:00:00', '1970-01-01 15:50:00', 13),
(759, '2012-06-18 00:00:00', '1970-01-01 15:00:00', '1970-01-01 15:50:00', 13),
(760, '2012-06-20 00:00:00', '1970-01-01 15:00:00', '1970-01-01 15:50:00', 13),
(761, '2012-06-22 00:00:00', '1970-01-01 15:00:00', '1970-01-01 15:50:00', 13),
(762, '2012-06-25 00:00:00', '1970-01-01 15:00:00', '1970-01-01 15:50:00', 13),
(763, '2012-06-27 00:00:00', '1970-01-01 15:00:00', '1970-01-01 15:50:00', 13),
(764, '2012-06-29 00:00:00', '1970-01-01 15:00:00', '1970-01-01 15:50:00', 13),
(765, '2012-07-02 00:00:00', '1970-01-01 15:00:00', '1970-01-01 15:50:00', 13),
(766, '2012-07-04 00:00:00', '1970-01-01 15:00:00', '1970-01-01 15:50:00', 13),
(767, '2012-07-06 00:00:00', '1970-01-01 15:00:00', '1970-01-01 15:50:00', 13),
(768, '2012-07-09 00:00:00', '1970-01-01 15:00:00', '1970-01-01 15:50:00', 13),
(769, '2012-07-11 00:00:00', '1970-01-01 15:00:00', '1970-01-01 15:50:00', 13),
(770, '2012-07-13 00:00:00', '1970-01-01 15:00:00', '1970-01-01 15:50:00', 13),
(771, '2012-07-16 00:00:00', '1970-01-01 15:00:00', '1970-01-01 15:50:00', 13),
(772, '2012-07-18 00:00:00', '1970-01-01 15:00:00', '1970-01-01 15:50:00', 13),
(773, '2012-07-20 00:00:00', '1970-01-01 15:00:00', '1970-01-01 15:50:00', 13),
(774, '2012-07-23 00:00:00', '1970-01-01 15:00:00', '1970-01-01 15:50:00', 13),
(775, '2012-07-25 00:00:00', '1970-01-01 15:00:00', '1970-01-01 15:50:00', 13),
(776, '2012-07-27 00:00:00', '1970-01-01 15:00:00', '1970-01-01 15:50:00', 13),
(777, '2012-07-30 00:00:00', '1970-01-01 15:00:00', '1970-01-01 15:50:00', 13),
(778, '2012-08-01 00:00:00', '1970-01-01 15:00:00', '1970-01-01 15:50:00', 13),
(779, '2012-08-03 00:00:00', '1970-01-01 15:00:00', '1970-01-01 15:50:00', 13),
(780, '2012-08-06 00:00:00', '1970-01-01 15:00:00', '1970-01-01 15:50:00', 13),
(781, '2012-08-08 00:00:00', '1970-01-01 15:00:00', '1970-01-01 15:50:00', 13),
(782, '2012-08-10 00:00:00', '1970-01-01 15:00:00', '1970-01-01 15:50:00', 13),
(783, '2012-08-13 00:00:00', '1970-01-01 15:00:00', '1970-01-01 15:50:00', 13),
(784, '2012-08-15 00:00:00', '1970-01-01 15:00:00', '1970-01-01 15:50:00', 13),
(785, '2012-08-17 00:00:00', '1970-01-01 15:00:00', '1970-01-01 15:50:00', 13),
(786, '2012-08-20 00:00:00', '1970-01-01 15:00:00', '1970-01-01 15:50:00', 13),
(787, '2012-08-22 00:00:00', '1970-01-01 15:00:00', '1970-01-01 15:50:00', 13),
(788, '2012-08-24 00:00:00', '1970-01-01 15:00:00', '1970-01-01 15:50:00', 13),
(789, '2012-08-27 00:00:00', '1970-01-01 15:00:00', '1970-01-01 15:50:00', 13),
(790, '2012-08-29 00:00:00', '1970-01-01 15:00:00', '1970-01-01 15:50:00', 13),
(791, '2012-08-31 00:00:00', '1970-01-01 15:00:00', '1970-01-01 15:50:00', 13),
(792, '2012-09-03 00:00:00', '1970-01-01 15:00:00', '1970-01-01 15:50:00', 13),
(793, '2012-09-05 00:00:00', '1970-01-01 15:00:00', '1970-01-01 15:50:00', 13),
(794, '2012-09-07 00:00:00', '1970-01-01 15:00:00', '1970-01-01 15:50:00', 13),
(795, '2012-09-10 00:00:00', '1970-01-01 15:00:00', '1970-01-01 15:50:00', 13),
(796, '2012-09-12 00:00:00', '1970-01-01 15:00:00', '1970-01-01 15:50:00', 13),
(797, '2012-09-14 00:00:00', '1970-01-01 15:00:00', '1970-01-01 15:50:00', 13),
(798, '2012-09-17 00:00:00', '1970-01-01 15:00:00', '1970-01-01 15:50:00', 13),
(799, '2012-09-19 00:00:00', '1970-01-01 15:00:00', '1970-01-01 15:50:00', 13),
(800, '2012-09-21 00:00:00', '1970-01-01 15:00:00', '1970-01-01 15:50:00', 13),
(801, '2012-09-24 00:00:00', '1970-01-01 15:00:00', '1970-01-01 15:50:00', 13),
(802, '2012-09-26 00:00:00', '1970-01-01 15:00:00', '1970-01-01 15:50:00', 13),
(803, '2012-09-28 00:00:00', '1970-01-01 15:00:00', '1970-01-01 15:50:00', 13),
(804, '2012-10-01 00:00:00', '1970-01-01 15:00:00', '1970-01-01 15:50:00', 13),
(805, '2012-10-03 00:00:00', '1970-01-01 15:00:00', '1970-01-01 15:50:00', 13),
(806, '2012-10-05 00:00:00', '1970-01-01 15:00:00', '1970-01-01 15:50:00', 13),
(807, '2012-10-08 00:00:00', '1970-01-01 15:00:00', '1970-01-01 15:50:00', 13),
(808, '2012-10-10 00:00:00', '1970-01-01 15:00:00', '1970-01-01 15:50:00', 13),
(809, '2012-10-12 00:00:00', '1970-01-01 15:00:00', '1970-01-01 15:50:00', 13),
(810, '2012-10-15 00:00:00', '1970-01-01 15:00:00', '1970-01-01 15:50:00', 13),
(811, '2012-10-17 00:00:00', '1970-01-01 15:00:00', '1970-01-01 15:50:00', 13),
(812, '2012-10-19 00:00:00', '1970-01-01 15:00:00', '1970-01-01 15:50:00', 13),
(813, '2012-10-22 00:00:00', '1970-01-01 15:00:00', '1970-01-01 15:50:00', 13),
(814, '2012-10-24 00:00:00', '1970-01-01 15:00:00', '1970-01-01 15:50:00', 13),
(815, '2012-10-26 00:00:00', '1970-01-01 15:00:00', '1970-01-01 15:50:00', 13),
(816, '2012-10-29 00:00:00', '1970-01-01 15:00:00', '1970-01-01 15:50:00', 13),
(817, '2012-10-31 00:00:00', '1970-01-01 15:00:00', '1970-01-01 15:50:00', 13),
(818, '2012-11-02 00:00:00', '1970-01-01 15:00:00', '1970-01-01 15:50:00', 13),
(819, '2012-11-05 00:00:00', '1970-01-01 15:00:00', '1970-01-01 15:50:00', 13),
(820, '2012-11-07 00:00:00', '1970-01-01 15:00:00', '1970-01-01 15:50:00', 13),
(821, '2012-11-09 00:00:00', '1970-01-01 15:00:00', '1970-01-01 15:50:00', 13),
(822, '2012-11-12 00:00:00', '1970-01-01 15:00:00', '1970-01-01 15:50:00', 13),
(823, '2012-11-14 00:00:00', '1970-01-01 15:00:00', '1970-01-01 15:50:00', 13),
(824, '2012-11-16 00:00:00', '1970-01-01 15:00:00', '1970-01-01 15:50:00', 13),
(825, '2012-11-19 00:00:00', '1970-01-01 15:00:00', '1970-01-01 15:50:00', 13),
(826, '2012-11-21 00:00:00', '1970-01-01 15:00:00', '1970-01-01 15:50:00', 13),
(827, '2012-11-23 00:00:00', '1970-01-01 15:00:00', '1970-01-01 15:50:00', 13),
(828, '2012-11-26 00:00:00', '1970-01-01 15:00:00', '1970-01-01 15:50:00', 13),
(829, '2012-11-28 00:00:00', '1970-01-01 15:00:00', '1970-01-01 15:50:00', 13),
(830, '2012-11-30 00:00:00', '1970-01-01 15:00:00', '1970-01-01 15:50:00', 13),
(831, '2012-05-02 00:00:00', '1970-01-01 15:50:00', '1970-01-01 16:30:00', 13),
(832, '2012-05-04 00:00:00', '1970-01-01 15:50:00', '1970-01-01 16:30:00', 13),
(833, '2012-05-07 00:00:00', '1970-01-01 15:50:00', '1970-01-01 16:30:00', 13),
(834, '2012-05-09 00:00:00', '1970-01-01 15:50:00', '1970-01-01 16:30:00', 13),
(835, '2012-05-11 00:00:00', '1970-01-01 15:50:00', '1970-01-01 16:30:00', 13),
(836, '2012-05-14 00:00:00', '1970-01-01 15:50:00', '1970-01-01 16:30:00', 13),
(837, '2012-05-16 00:00:00', '1970-01-01 15:50:00', '1970-01-01 16:30:00', 13),
(838, '2012-05-18 00:00:00', '1970-01-01 15:50:00', '1970-01-01 16:30:00', 13),
(839, '2012-05-21 00:00:00', '1970-01-01 15:50:00', '1970-01-01 16:30:00', 13),
(840, '2012-05-23 00:00:00', '1970-01-01 15:50:00', '1970-01-01 16:30:00', 13),
(841, '2012-05-25 00:00:00', '1970-01-01 15:50:00', '1970-01-01 16:30:00', 13),
(842, '2012-05-28 00:00:00', '1970-01-01 15:50:00', '1970-01-01 16:30:00', 13),
(843, '2012-05-30 00:00:00', '1970-01-01 15:50:00', '1970-01-01 16:30:00', 13),
(844, '2012-06-01 00:00:00', '1970-01-01 15:50:00', '1970-01-01 16:30:00', 13),
(845, '2012-06-04 00:00:00', '1970-01-01 15:50:00', '1970-01-01 16:30:00', 13),
(846, '2012-06-06 00:00:00', '1970-01-01 15:50:00', '1970-01-01 16:30:00', 13),
(847, '2012-06-08 00:00:00', '1970-01-01 15:50:00', '1970-01-01 16:30:00', 13),
(848, '2012-06-11 00:00:00', '1970-01-01 15:50:00', '1970-01-01 16:30:00', 13),
(849, '2012-06-13 00:00:00', '1970-01-01 15:50:00', '1970-01-01 16:30:00', 13),
(850, '2012-06-15 00:00:00', '1970-01-01 15:50:00', '1970-01-01 16:30:00', 13),
(851, '2012-06-18 00:00:00', '1970-01-01 15:50:00', '1970-01-01 16:30:00', 13),
(852, '2012-06-20 00:00:00', '1970-01-01 15:50:00', '1970-01-01 16:30:00', 13),
(853, '2012-06-22 00:00:00', '1970-01-01 15:50:00', '1970-01-01 16:30:00', 13),
(854, '2012-06-25 00:00:00', '1970-01-01 15:50:00', '1970-01-01 16:30:00', 13),
(855, '2012-06-27 00:00:00', '1970-01-01 15:50:00', '1970-01-01 16:30:00', 13),
(856, '2012-06-29 00:00:00', '1970-01-01 15:50:00', '1970-01-01 16:30:00', 13),
(857, '2012-07-02 00:00:00', '1970-01-01 15:50:00', '1970-01-01 16:30:00', 13),
(858, '2012-07-04 00:00:00', '1970-01-01 15:50:00', '1970-01-01 16:30:00', 13),
(859, '2012-07-06 00:00:00', '1970-01-01 15:50:00', '1970-01-01 16:30:00', 13),
(860, '2012-07-09 00:00:00', '1970-01-01 15:50:00', '1970-01-01 16:30:00', 13),
(861, '2012-07-11 00:00:00', '1970-01-01 15:50:00', '1970-01-01 16:30:00', 13),
(862, '2012-07-13 00:00:00', '1970-01-01 15:50:00', '1970-01-01 16:30:00', 13),
(863, '2012-07-16 00:00:00', '1970-01-01 15:50:00', '1970-01-01 16:30:00', 13),
(864, '2012-07-18 00:00:00', '1970-01-01 15:50:00', '1970-01-01 16:30:00', 13),
(865, '2012-07-20 00:00:00', '1970-01-01 15:50:00', '1970-01-01 16:30:00', 13),
(866, '2012-07-23 00:00:00', '1970-01-01 15:50:00', '1970-01-01 16:30:00', 13),
(867, '2012-07-25 00:00:00', '1970-01-01 15:50:00', '1970-01-01 16:30:00', 13),
(868, '2012-07-27 00:00:00', '1970-01-01 15:50:00', '1970-01-01 16:30:00', 13),
(869, '2012-07-30 00:00:00', '1970-01-01 15:50:00', '1970-01-01 16:30:00', 13),
(870, '2012-08-01 00:00:00', '1970-01-01 15:50:00', '1970-01-01 16:30:00', 13),
(871, '2012-08-03 00:00:00', '1970-01-01 15:50:00', '1970-01-01 16:30:00', 13),
(872, '2012-08-06 00:00:00', '1970-01-01 15:50:00', '1970-01-01 16:30:00', 13),
(873, '2012-08-08 00:00:00', '1970-01-01 15:50:00', '1970-01-01 16:30:00', 13),
(874, '2012-08-10 00:00:00', '1970-01-01 15:50:00', '1970-01-01 16:30:00', 13),
(875, '2012-08-13 00:00:00', '1970-01-01 15:50:00', '1970-01-01 16:30:00', 13),
(876, '2012-08-15 00:00:00', '1970-01-01 15:50:00', '1970-01-01 16:30:00', 13),
(877, '2012-08-17 00:00:00', '1970-01-01 15:50:00', '1970-01-01 16:30:00', 13),
(878, '2012-08-20 00:00:00', '1970-01-01 15:50:00', '1970-01-01 16:30:00', 13),
(879, '2012-08-22 00:00:00', '1970-01-01 15:50:00', '1970-01-01 16:30:00', 13),
(880, '2012-08-24 00:00:00', '1970-01-01 15:50:00', '1970-01-01 16:30:00', 13),
(881, '2012-08-27 00:00:00', '1970-01-01 15:50:00', '1970-01-01 16:30:00', 13),
(882, '2012-08-29 00:00:00', '1970-01-01 15:50:00', '1970-01-01 16:30:00', 13),
(883, '2012-08-31 00:00:00', '1970-01-01 15:50:00', '1970-01-01 16:30:00', 13),
(884, '2012-09-03 00:00:00', '1970-01-01 15:50:00', '1970-01-01 16:30:00', 13),
(885, '2012-09-05 00:00:00', '1970-01-01 15:50:00', '1970-01-01 16:30:00', 13),
(886, '2012-09-07 00:00:00', '1970-01-01 15:50:00', '1970-01-01 16:30:00', 13),
(887, '2012-09-10 00:00:00', '1970-01-01 15:50:00', '1970-01-01 16:30:00', 13),
(888, '2012-09-12 00:00:00', '1970-01-01 15:50:00', '1970-01-01 16:30:00', 13),
(889, '2012-09-14 00:00:00', '1970-01-01 15:50:00', '1970-01-01 16:30:00', 13),
(890, '2012-09-17 00:00:00', '1970-01-01 15:50:00', '1970-01-01 16:30:00', 13),
(891, '2012-09-19 00:00:00', '1970-01-01 15:50:00', '1970-01-01 16:30:00', 13),
(892, '2012-09-21 00:00:00', '1970-01-01 15:50:00', '1970-01-01 16:30:00', 13),
(893, '2012-09-24 00:00:00', '1970-01-01 15:50:00', '1970-01-01 16:30:00', 13),
(894, '2012-09-26 00:00:00', '1970-01-01 15:50:00', '1970-01-01 16:30:00', 13),
(895, '2012-09-28 00:00:00', '1970-01-01 15:50:00', '1970-01-01 16:30:00', 13),
(896, '2012-10-01 00:00:00', '1970-01-01 15:50:00', '1970-01-01 16:30:00', 13),
(897, '2012-10-03 00:00:00', '1970-01-01 15:50:00', '1970-01-01 16:30:00', 13),
(898, '2012-10-05 00:00:00', '1970-01-01 15:50:00', '1970-01-01 16:30:00', 13),
(899, '2012-10-08 00:00:00', '1970-01-01 15:50:00', '1970-01-01 16:30:00', 13),
(900, '2012-10-10 00:00:00', '1970-01-01 15:50:00', '1970-01-01 16:30:00', 13),
(901, '2012-10-12 00:00:00', '1970-01-01 15:50:00', '1970-01-01 16:30:00', 13),
(902, '2012-10-15 00:00:00', '1970-01-01 15:50:00', '1970-01-01 16:30:00', 13),
(903, '2012-10-17 00:00:00', '1970-01-01 15:50:00', '1970-01-01 16:30:00', 13),
(904, '2012-10-19 00:00:00', '1970-01-01 15:50:00', '1970-01-01 16:30:00', 13),
(905, '2012-10-22 00:00:00', '1970-01-01 15:50:00', '1970-01-01 16:30:00', 13),
(906, '2012-10-24 00:00:00', '1970-01-01 15:50:00', '1970-01-01 16:30:00', 13),
(907, '2012-10-26 00:00:00', '1970-01-01 15:50:00', '1970-01-01 16:30:00', 13),
(908, '2012-10-29 00:00:00', '1970-01-01 15:50:00', '1970-01-01 16:30:00', 13),
(909, '2012-10-31 00:00:00', '1970-01-01 15:50:00', '1970-01-01 16:30:00', 13),
(910, '2012-11-02 00:00:00', '1970-01-01 15:50:00', '1970-01-01 16:30:00', 13),
(911, '2012-11-05 00:00:00', '1970-01-01 15:50:00', '1970-01-01 16:30:00', 13),
(912, '2012-11-07 00:00:00', '1970-01-01 15:50:00', '1970-01-01 16:30:00', 13),
(913, '2012-11-09 00:00:00', '1970-01-01 15:50:00', '1970-01-01 16:30:00', 13),
(914, '2012-11-12 00:00:00', '1970-01-01 15:50:00', '1970-01-01 16:30:00', 13),
(915, '2012-11-14 00:00:00', '1970-01-01 15:50:00', '1970-01-01 16:30:00', 13),
(916, '2012-11-16 00:00:00', '1970-01-01 15:50:00', '1970-01-01 16:30:00', 13),
(917, '2012-11-19 00:00:00', '1970-01-01 15:50:00', '1970-01-01 16:30:00', 13),
(918, '2012-11-21 00:00:00', '1970-01-01 15:50:00', '1970-01-01 16:30:00', 13),
(919, '2012-11-23 00:00:00', '1970-01-01 15:50:00', '1970-01-01 16:30:00', 13),
(920, '2012-11-26 00:00:00', '1970-01-01 15:50:00', '1970-01-01 16:30:00', 13),
(921, '2012-11-28 00:00:00', '1970-01-01 15:50:00', '1970-01-01 16:30:00', 13),
(922, '2012-11-30 00:00:00', '1970-01-01 15:50:00', '1970-01-01 16:30:00', 13),
(923, '2012-05-01 00:00:00', '1970-01-01 12:00:00', '1970-01-01 19:00:00', 14),
(924, '2012-05-02 00:00:00', '1970-01-01 12:00:00', '1970-01-01 19:00:00', 14),
(925, '2012-05-03 00:00:00', '1970-01-01 12:00:00', '1970-01-01 19:00:00', 14),
(926, '2012-05-04 00:00:00', '1970-01-01 12:00:00', '1970-01-01 19:00:00', 14),
(927, '2012-05-07 00:00:00', '1970-01-01 12:00:00', '1970-01-01 19:00:00', 14),
(928, '2012-05-08 00:00:00', '1970-01-01 12:00:00', '1970-01-01 19:00:00', 14),
(929, '2012-05-09 00:00:00', '1970-01-01 12:00:00', '1970-01-01 19:00:00', 14),
(930, '2012-05-10 00:00:00', '1970-01-01 12:00:00', '1970-01-01 19:00:00', 14),
(931, '2012-05-11 00:00:00', '1970-01-01 12:00:00', '1970-01-01 19:00:00', 14),
(932, '2012-05-14 00:00:00', '1970-01-01 12:00:00', '1970-01-01 19:00:00', 14),
(933, '2012-05-15 00:00:00', '1970-01-01 12:00:00', '1970-01-01 19:00:00', 14),
(934, '2012-05-16 00:00:00', '1970-01-01 12:00:00', '1970-01-01 19:00:00', 14),
(935, '2012-05-17 00:00:00', '1970-01-01 12:00:00', '1970-01-01 19:00:00', 14),
(936, '2012-05-18 00:00:00', '1970-01-01 12:00:00', '1970-01-01 19:00:00', 14),
(937, '2012-05-21 00:00:00', '1970-01-01 12:00:00', '1970-01-01 19:00:00', 14),
(938, '2012-05-22 00:00:00', '1970-01-01 12:00:00', '1970-01-01 19:00:00', 14),
(939, '2012-05-23 00:00:00', '1970-01-01 12:00:00', '1970-01-01 19:00:00', 14),
(940, '2012-05-24 00:00:00', '1970-01-01 12:00:00', '1970-01-01 19:00:00', 14),
(941, '2012-05-25 00:00:00', '1970-01-01 12:00:00', '1970-01-01 19:00:00', 14),
(942, '2012-05-28 00:00:00', '1970-01-01 12:00:00', '1970-01-01 19:00:00', 14),
(943, '2012-05-29 00:00:00', '1970-01-01 12:00:00', '1970-01-01 19:00:00', 14),
(944, '2012-05-30 00:00:00', '1970-01-01 12:00:00', '1970-01-01 19:00:00', 14),
(945, '2012-05-31 00:00:00', '1970-01-01 12:00:00', '1970-01-01 19:00:00', 14),
(946, '2012-06-01 00:00:00', '1970-01-01 12:00:00', '1970-01-01 19:00:00', 14),
(947, '2012-06-04 00:00:00', '1970-01-01 12:00:00', '1970-01-01 19:00:00', 14),
(948, '2012-06-05 00:00:00', '1970-01-01 12:00:00', '1970-01-01 19:00:00', 14),
(949, '2012-06-06 00:00:00', '1970-01-01 12:00:00', '1970-01-01 19:00:00', 14),
(950, '2012-06-07 00:00:00', '1970-01-01 12:00:00', '1970-01-01 19:00:00', 14),
(951, '2012-06-08 00:00:00', '1970-01-01 12:00:00', '1970-01-01 19:00:00', 14),
(952, '2012-06-11 00:00:00', '1970-01-01 12:00:00', '1970-01-01 19:00:00', 14),
(953, '2012-06-12 00:00:00', '1970-01-01 12:00:00', '1970-01-01 19:00:00', 14),
(954, '2012-06-13 00:00:00', '1970-01-01 12:00:00', '1970-01-01 19:00:00', 14),
(955, '2012-06-14 00:00:00', '1970-01-01 12:00:00', '1970-01-01 19:00:00', 14),
(956, '2012-06-15 00:00:00', '1970-01-01 12:00:00', '1970-01-01 19:00:00', 14),
(957, '2012-06-18 00:00:00', '1970-01-01 12:00:00', '1970-01-01 19:00:00', 14),
(958, '2012-06-19 00:00:00', '1970-01-01 12:00:00', '1970-01-01 19:00:00', 14),
(959, '2012-06-20 00:00:00', '1970-01-01 12:00:00', '1970-01-01 19:00:00', 14),
(960, '2012-06-21 00:00:00', '1970-01-01 12:00:00', '1970-01-01 19:00:00', 14),
(961, '2012-06-22 00:00:00', '1970-01-01 12:00:00', '1970-01-01 19:00:00', 14),
(962, '2012-06-25 00:00:00', '1970-01-01 12:00:00', '1970-01-01 19:00:00', 14),
(963, '2012-06-26 00:00:00', '1970-01-01 12:00:00', '1970-01-01 19:00:00', 14),
(964, '2012-06-27 00:00:00', '1970-01-01 12:00:00', '1970-01-01 19:00:00', 14),
(965, '2012-06-28 00:00:00', '1970-01-01 12:00:00', '1970-01-01 19:00:00', 14),
(966, '2012-06-29 00:00:00', '1970-01-01 12:00:00', '1970-01-01 19:00:00', 14),
(967, '2012-07-02 00:00:00', '1970-01-01 12:00:00', '1970-01-01 19:00:00', 14),
(968, '2012-07-03 00:00:00', '1970-01-01 12:00:00', '1970-01-01 19:00:00', 14),
(969, '2012-07-04 00:00:00', '1970-01-01 12:00:00', '1970-01-01 19:00:00', 14),
(970, '2012-07-05 00:00:00', '1970-01-01 12:00:00', '1970-01-01 19:00:00', 14),
(971, '2012-07-06 00:00:00', '1970-01-01 12:00:00', '1970-01-01 19:00:00', 14),
(972, '2012-07-09 00:00:00', '1970-01-01 12:00:00', '1970-01-01 19:00:00', 14),
(973, '2012-07-10 00:00:00', '1970-01-01 12:00:00', '1970-01-01 19:00:00', 14),
(974, '2012-07-11 00:00:00', '1970-01-01 12:00:00', '1970-01-01 19:00:00', 14),
(975, '2012-07-12 00:00:00', '1970-01-01 12:00:00', '1970-01-01 19:00:00', 14),
(976, '2012-07-13 00:00:00', '1970-01-01 12:00:00', '1970-01-01 19:00:00', 14),
(977, '2012-07-16 00:00:00', '1970-01-01 12:00:00', '1970-01-01 19:00:00', 14),
(978, '2012-07-17 00:00:00', '1970-01-01 12:00:00', '1970-01-01 19:00:00', 14),
(979, '2012-07-18 00:00:00', '1970-01-01 12:00:00', '1970-01-01 19:00:00', 14),
(980, '2012-07-19 00:00:00', '1970-01-01 12:00:00', '1970-01-01 19:00:00', 14),
(981, '2012-07-20 00:00:00', '1970-01-01 12:00:00', '1970-01-01 19:00:00', 14),
(982, '2012-07-23 00:00:00', '1970-01-01 12:00:00', '1970-01-01 19:00:00', 14),
(983, '2012-07-24 00:00:00', '1970-01-01 12:00:00', '1970-01-01 19:00:00', 14),
(984, '2012-07-25 00:00:00', '1970-01-01 12:00:00', '1970-01-01 19:00:00', 14),
(985, '2012-07-26 00:00:00', '1970-01-01 12:00:00', '1970-01-01 19:00:00', 14),
(986, '2012-07-27 00:00:00', '1970-01-01 12:00:00', '1970-01-01 19:00:00', 14),
(987, '2012-07-30 00:00:00', '1970-01-01 12:00:00', '1970-01-01 19:00:00', 14),
(988, '2012-07-31 00:00:00', '1970-01-01 12:00:00', '1970-01-01 19:00:00', 14),
(989, '2012-08-01 00:00:00', '1970-01-01 12:00:00', '1970-01-01 19:00:00', 14),
(990, '2012-08-02 00:00:00', '1970-01-01 12:00:00', '1970-01-01 19:00:00', 14),
(991, '2012-08-03 00:00:00', '1970-01-01 12:00:00', '1970-01-01 19:00:00', 14),
(992, '2012-08-06 00:00:00', '1970-01-01 12:00:00', '1970-01-01 19:00:00', 14),
(993, '2012-08-07 00:00:00', '1970-01-01 12:00:00', '1970-01-01 19:00:00', 14),
(994, '2012-08-08 00:00:00', '1970-01-01 12:00:00', '1970-01-01 19:00:00', 14),
(995, '2012-08-09 00:00:00', '1970-01-01 12:00:00', '1970-01-01 19:00:00', 14),
(996, '2012-08-10 00:00:00', '1970-01-01 12:00:00', '1970-01-01 19:00:00', 14),
(997, '2012-08-13 00:00:00', '1970-01-01 12:00:00', '1970-01-01 19:00:00', 14),
(998, '2012-08-14 00:00:00', '1970-01-01 12:00:00', '1970-01-01 19:00:00', 14),
(999, '2012-08-15 00:00:00', '1970-01-01 12:00:00', '1970-01-01 19:00:00', 14),
(1000, '2012-08-16 00:00:00', '1970-01-01 12:00:00', '1970-01-01 19:00:00', 14),
(1001, '2012-08-17 00:00:00', '1970-01-01 12:00:00', '1970-01-01 19:00:00', 14),
(1002, '2012-08-20 00:00:00', '1970-01-01 12:00:00', '1970-01-01 19:00:00', 14),
(1003, '2012-08-21 00:00:00', '1970-01-01 12:00:00', '1970-01-01 19:00:00', 14),
(1004, '2012-08-22 00:00:00', '1970-01-01 12:00:00', '1970-01-01 19:00:00', 14),
(1005, '2012-08-23 00:00:00', '1970-01-01 12:00:00', '1970-01-01 19:00:00', 14),
(1006, '2012-08-24 00:00:00', '1970-01-01 12:00:00', '1970-01-01 19:00:00', 14),
(1007, '2012-08-27 00:00:00', '1970-01-01 12:00:00', '1970-01-01 19:00:00', 14),
(1008, '2012-08-28 00:00:00', '1970-01-01 12:00:00', '1970-01-01 19:00:00', 14),
(1009, '2012-08-29 00:00:00', '1970-01-01 12:00:00', '1970-01-01 19:00:00', 14),
(1010, '2012-08-30 00:00:00', '1970-01-01 12:00:00', '1970-01-01 19:00:00', 14),
(1011, '2012-08-31 00:00:00', '1970-01-01 12:00:00', '1970-01-01 19:00:00', 14),
(1012, '2012-09-03 00:00:00', '1970-01-01 12:00:00', '1970-01-01 19:00:00', 14),
(1013, '2012-09-04 00:00:00', '1970-01-01 12:00:00', '1970-01-01 19:00:00', 14),
(1014, '2012-09-05 00:00:00', '1970-01-01 12:00:00', '1970-01-01 19:00:00', 14),
(1015, '2012-09-06 00:00:00', '1970-01-01 12:00:00', '1970-01-01 19:00:00', 14),
(1016, '2012-09-07 00:00:00', '1970-01-01 12:00:00', '1970-01-01 19:00:00', 14),
(1017, '2012-09-10 00:00:00', '1970-01-01 12:00:00', '1970-01-01 19:00:00', 14),
(1018, '2012-09-11 00:00:00', '1970-01-01 12:00:00', '1970-01-01 19:00:00', 14),
(1019, '2012-09-12 00:00:00', '1970-01-01 12:00:00', '1970-01-01 19:00:00', 14),
(1020, '2012-09-13 00:00:00', '1970-01-01 12:00:00', '1970-01-01 19:00:00', 14),
(1021, '2012-09-14 00:00:00', '1970-01-01 12:00:00', '1970-01-01 19:00:00', 14),
(1022, '2012-09-17 00:00:00', '1970-01-01 12:00:00', '1970-01-01 19:00:00', 14),
(1023, '2012-09-18 00:00:00', '1970-01-01 12:00:00', '1970-01-01 19:00:00', 14),
(1024, '2012-09-19 00:00:00', '1970-01-01 12:00:00', '1970-01-01 19:00:00', 14),
(1025, '2012-09-20 00:00:00', '1970-01-01 12:00:00', '1970-01-01 19:00:00', 14),
(1026, '2012-09-21 00:00:00', '1970-01-01 12:00:00', '1970-01-01 19:00:00', 14),
(1027, '2012-09-24 00:00:00', '1970-01-01 12:00:00', '1970-01-01 19:00:00', 14),
(1028, '2012-09-25 00:00:00', '1970-01-01 12:00:00', '1970-01-01 19:00:00', 14),
(1029, '2012-09-26 00:00:00', '1970-01-01 12:00:00', '1970-01-01 19:00:00', 14),
(1030, '2012-09-27 00:00:00', '1970-01-01 12:00:00', '1970-01-01 19:00:00', 14),
(1031, '2012-09-28 00:00:00', '1970-01-01 12:00:00', '1970-01-01 19:00:00', 14),
(1032, '2012-10-01 00:00:00', '1970-01-01 12:00:00', '1970-01-01 19:00:00', 14),
(1033, '2012-10-02 00:00:00', '1970-01-01 12:00:00', '1970-01-01 19:00:00', 14),
(1034, '2012-10-03 00:00:00', '1970-01-01 12:00:00', '1970-01-01 19:00:00', 14),
(1035, '2012-10-04 00:00:00', '1970-01-01 12:00:00', '1970-01-01 19:00:00', 14),
(1036, '2012-10-05 00:00:00', '1970-01-01 12:00:00', '1970-01-01 19:00:00', 14),
(1037, '2012-10-08 00:00:00', '1970-01-01 12:00:00', '1970-01-01 19:00:00', 14),
(1038, '2012-10-09 00:00:00', '1970-01-01 12:00:00', '1970-01-01 19:00:00', 14),
(1039, '2012-10-10 00:00:00', '1970-01-01 12:00:00', '1970-01-01 19:00:00', 14),
(1040, '2012-10-11 00:00:00', '1970-01-01 12:00:00', '1970-01-01 19:00:00', 14),
(1041, '2012-10-12 00:00:00', '1970-01-01 12:00:00', '1970-01-01 19:00:00', 14),
(1042, '2012-10-15 00:00:00', '1970-01-01 12:00:00', '1970-01-01 19:00:00', 14),
(1043, '2012-10-16 00:00:00', '1970-01-01 12:00:00', '1970-01-01 19:00:00', 14),
(1044, '2012-10-17 00:00:00', '1970-01-01 12:00:00', '1970-01-01 19:00:00', 14),
(1045, '2012-10-18 00:00:00', '1970-01-01 12:00:00', '1970-01-01 19:00:00', 14),
(1046, '2012-10-19 00:00:00', '1970-01-01 12:00:00', '1970-01-01 19:00:00', 14),
(1047, '2012-10-22 00:00:00', '1970-01-01 12:00:00', '1970-01-01 19:00:00', 14),
(1048, '2012-10-23 00:00:00', '1970-01-01 12:00:00', '1970-01-01 19:00:00', 14),
(1049, '2012-10-24 00:00:00', '1970-01-01 12:00:00', '1970-01-01 19:00:00', 14),
(1050, '2012-10-25 00:00:00', '1970-01-01 12:00:00', '1970-01-01 19:00:00', 14),
(1051, '2012-10-26 00:00:00', '1970-01-01 12:00:00', '1970-01-01 19:00:00', 14),
(1052, '2012-10-29 00:00:00', '1970-01-01 12:00:00', '1970-01-01 19:00:00', 14),
(1053, '2012-10-30 00:00:00', '1970-01-01 12:00:00', '1970-01-01 19:00:00', 14),
(1054, '2012-10-31 00:00:00', '1970-01-01 12:00:00', '1970-01-01 19:00:00', 14),
(1055, '2012-11-01 00:00:00', '1970-01-01 12:00:00', '1970-01-01 19:00:00', 14),
(1056, '2012-11-02 00:00:00', '1970-01-01 12:00:00', '1970-01-01 19:00:00', 14),
(1057, '2012-11-05 00:00:00', '1970-01-01 12:00:00', '1970-01-01 19:00:00', 14),
(1058, '2012-11-06 00:00:00', '1970-01-01 12:00:00', '1970-01-01 19:00:00', 14),
(1059, '2012-11-07 00:00:00', '1970-01-01 12:00:00', '1970-01-01 19:00:00', 14),
(1060, '2012-11-08 00:00:00', '1970-01-01 12:00:00', '1970-01-01 19:00:00', 14),
(1061, '2012-11-09 00:00:00', '1970-01-01 12:00:00', '1970-01-01 19:00:00', 14),
(1062, '2012-11-12 00:00:00', '1970-01-01 12:00:00', '1970-01-01 19:00:00', 14),
(1063, '2012-11-13 00:00:00', '1970-01-01 12:00:00', '1970-01-01 19:00:00', 14),
(1064, '2012-11-14 00:00:00', '1970-01-01 12:00:00', '1970-01-01 19:00:00', 14),
(1065, '2012-11-15 00:00:00', '1970-01-01 12:00:00', '1970-01-01 19:00:00', 14),
(1066, '2012-11-16 00:00:00', '1970-01-01 12:00:00', '1970-01-01 19:00:00', 14),
(1067, '2012-11-19 00:00:00', '1970-01-01 12:00:00', '1970-01-01 19:00:00', 14),
(1068, '2012-11-20 00:00:00', '1970-01-01 12:00:00', '1970-01-01 19:00:00', 14),
(1069, '2012-11-21 00:00:00', '1970-01-01 12:00:00', '1970-01-01 19:00:00', 14),
(1070, '2012-11-22 00:00:00', '1970-01-01 12:00:00', '1970-01-01 19:00:00', 14),
(1071, '2012-11-23 00:00:00', '1970-01-01 12:00:00', '1970-01-01 19:00:00', 14),
(1072, '2012-11-26 00:00:00', '1970-01-01 12:00:00', '1970-01-01 19:00:00', 14),
(1073, '2012-11-27 00:00:00', '1970-01-01 12:00:00', '1970-01-01 19:00:00', 14),
(1074, '2012-11-28 00:00:00', '1970-01-01 12:00:00', '1970-01-01 19:00:00', 14),
(1075, '2012-11-29 00:00:00', '1970-01-01 12:00:00', '1970-01-01 19:00:00', 14),
(1076, '2012-11-30 00:00:00', '1970-01-01 12:00:00', '1970-01-01 19:00:00', 14);

-- --------------------------------------------------------

--
-- Estructura de tabla para la tabla `edificio`
--

CREATE TABLE IF NOT EXISTS `edificio` (
  `idedificio` int(11) NOT NULL AUTO_INCREMENT,
  `nombre` varchar(100) DEFAULT NULL,
  `direccion` varchar(250) DEFAULT NULL,
  `telefono` varchar(50) DEFAULT NULL,
  PRIMARY KEY (`idedificio`)
) ENGINE=InnoDB  DEFAULT CHARSET=utf8 AUTO_INCREMENT=9 ;

--
-- Volcado de datos para la tabla `edificio`
--

INSERT INTO `edificio` (`idedificio`, `nombre`, `direccion`, `telefono`) VALUES
(1, 'Bienestar Estudiantil', 'Ciudad Universitaria Zona 12, Guatemala', ''),
(2, 'Estadio Revolución', 'Ciudad Universitaria, Zona 12', ''),
(3, 'Facultad de Humanidades, Campus Central', 'Ciudad Universitaria, Zona 12', ''),
(4, 'Unidad de Salud', '3er nivel, Bienestar Estudiantil Cdad Universitaria Zona 12', ''),
(5, 'CANCHA INGENIERIA, Campus Central', 'Ciudad Universitaria zona 12, GUATEMALA', ''),
(8, 'NUEVO LUGAR', 'EJEMPLO', '');

-- --------------------------------------------------------

--
-- Estructura de tabla para la tabla `encabezado`
--

CREATE TABLE IF NOT EXISTS `encabezado` (
  `areaidarea` int(11) NOT NULL,
  `multimediaidmultimedia` int(11) NOT NULL,
  PRIMARY KEY (`areaidarea`,`multimediaidmultimedia`),
  KEY `FKencabezado458445` (`areaidarea`),
  KEY `FKencabezado219439` (`multimediaidmultimedia`)
) ENGINE=InnoDB DEFAULT CHARSET=utf8;

--
-- Volcado de datos para la tabla `encabezado`
--

INSERT INTO `encabezado` (`areaidarea`, `multimediaidmultimedia`) VALUES
(1, 14),
(1, 15),
(1, 16),
(1, 17),
(1, 18),
(1, 19),
(1, 20),
(1, 21),
(2, 71),
(2, 169),
(2, 170),
(2, 171),
(3, 22),
(3, 23),
(3, 24),
(3, 25),
(4, 47),
(4, 165),
(5, 40),
(5, 41),
(5, 42),
(5, 127),
(6, 72),
(6, 73),
(6, 74),
(6, 75),
(6, 76),
(6, 77),
(6, 78),
(6, 79),
(7, 152),
(7, 153),
(7, 154),
(7, 155),
(9, 44),
(9, 45),
(9, 46);

-- --------------------------------------------------------

--
-- Estructura de tabla para la tabla `encabezado_condicion`
--

CREATE TABLE IF NOT EXISTS `encabezado_condicion` (
  `idencabezado_condicion` int(10) NOT NULL AUTO_INCREMENT,
  `descripcion` varchar(250) DEFAULT NULL,
  `idtipo_interpretacion` int(10) NOT NULL,
  PRIMARY KEY (`idencabezado_condicion`)
) ENGINE=InnoDB  DEFAULT CHARSET=utf8 AUTO_INCREMENT=259 ;

--
-- Volcado de datos para la tabla `encabezado_condicion`
--

INSERT INTO `encabezado_condicion` (`idencabezado_condicion`, `descripcion`, `idtipo_interpretacion`) VALUES
(30, 'IF (N2A=1 OR N2A=2) AND (N55A=2) THEN TIPOCEFA=1.CEFALEA TENSIONAL', 4),
(31, 'IF N55A=1 THEN TIPOCEFA=2.MIGRANA', 4),
(32, 'IF (N3A=1 OR N3A=2) AND (N55A=2) THEN TIPOCEFA=OTRA CEFALEA', 4),
(40, 'IF (N4A=4) AND ((N5A=4) AND (N6A=4)) THEN VISTA=1.VISTA NORMAL', 5),
(42, 'IF (N4A=1 OR N4A=2 OR N4A=3) AND ((N5A=3) AND (N6A=3 OR N6A=4)) THEN VISTA=\\''4.VISTA LIMITROFE CON LENTES\\''', 5),
(43, 'IF N76A=1 AND N77A=1 THEN VISTA2=\\''MIOPIA-ASTIGMATISMO\\''', 6),
(44, 'IF N76A=1 AND N77A=2 THEN VISTA2=\\''MIOPIA\\''', 6),
(45, 'IF N76A=2 AND N77A=1 THEN VISTA2=\\''ASTIGMATISMO\\''', 6),
(54, 'IF (N11A=1) OR (N11A=2) THEN POLVO=\\''1.SI TIENE\\''', 9),
(56, 'IF (N12A=1) OR (N12A=2) THEN MARISCOS=\\''1.SI TIENE\\''', 10),
(59, 'IF (N14A=1) OR (N14A=2) THEN CERDO=\\''1.SI TIENE\\''', 11),
(61, 'IF (N13A=1) OR (N13A=2) THEN FRIO=\\''1.SI TIENE\\''', 12),
(63, 'IF (N15A=1) OR (N15A=2) THEN PENI=\\''1.SI TIENE\\''', 13),
(65, 'IF (N16A=1) OR (N16A=2) THEN ACTINICA=\\''1.SI TIENE\\''', 14),
(69, 'IF ((N17A=1 OR N17A=2)) OR ((N18A=1 OR N18A=2)) THEN GENITO2=\\''2.PROBABLE INFECCION\\''', 16),
(71, 'IF ((N19A=1 OR N19A=2 OR N19=3)) THEN GENITO2=\\''3.CALCULOS DEL RINON\\''', 16),
(72, '* IF SEXO=1 AND ((N20A=1 OR N20A=2 OR N20A=3)) THEN GENITO2=\\''4.POBLEMA DE TESTICULO\\''', 17),
(74, 'IF N22A=1 OR N22A=2 THEN GINE=\\''1.FLUJO VAGINAL\\''', 18),
(75, 'IF N21A=3 OR N22A=4 THEN GINE=\\''2.MENSTRUACION IRREGULAR\\''', 18),
(76, 'IF (N22A=1 OR N22A=2) AND (N21A=3 OR N21A=4) THEN GINE=\\''6.1 Y 2 (TIENE LAS 2)\\''', 18),
(77, 'IF N23A=1 OR N23A=2 THEN GINE=\\''3.DOLOR MENSTRUAL\\''', 18),
(78, 'IF N73A=1 THEN GINE=\\''4.QUISTES DE OVARIO\\''', 18),
(79, 'IF (N22A=1 OR N22A=2) AND (N73A=1) THEN GINE=\\''8. 1 Y 4\\''', 18),
(80, 'IF (N22A=1 OR N22A=2) AND (N23A=1 OR N23A=2) THEN GINE=\\''7. 1 Y 3\\''', 18),
(81, 'IF (N22A=1 OR N22A=2) AND (N23A=1 OR N23A=2) AND N73A=1 THEN GINE=\\''9. 1, 2 Y 3\\''', 18),
(85, 'IF ((N24A=1 OR N25A=1 OR N26A=1) AND (N62A=2 OR N63A=2)) THEN GASTRO2=\\''2 PROBABLE ENF. PEPTICA\\''', 19),
(86, 'IF ((N24A=1 OR N25A=1 OR N26A=1) AND (N62A=1 OR N63A=1)) THEN GASTRO2=\\''1 ENF. PEPTICA\\''', 19),
(87, 'IF ((N24A=1 OR N25A=1 OR N26A=1) AND (N62A=1 AND N63A=1)) THEN GASTRO2=\\''1 ENF. PEPTICA\\''', 19),
(88, 'IF ((N24A=2 OR N25A=2 OR N26A=2) AND (N62A=1 OR N63A=1)) THEN GASTRO2=\\''1 ENF. PEPTICA\\''', 19),
(89, 'IF ((N24A=2 OR N25A=2 OR N26A=2) AND (N62A=2 AND N63A=2)) THEN GASTRO2=\\''2 PROBABLE ENF. PEPTICA\\''', 19),
(91, 'IF ((N24A=4 OR N24A=3) AND (N25A=4 OR N25A=3) AND (N26A=4 OR N26A=3) AND (N62A=1 OR N63A=1)) THEN GASTRO2=\\''1 ENF. PEPTICA\\''', 19),
(92, 'IF (N26a=1 or N26a=2) THEN GASTRO3=\\''1.DIARREA CRONICA\\''', 19),
(93, 'IF (N27a=1 or N27a=2) THEN GASTRO3=\\''2.CONSTIPACION\\''', 19),
(94, 'IF N62a=1  THEN GASTRO3=\\''3.ULCERA GASTRICA\\''', 19),
(95, 'IF N63a=1  THEN GASTRO3=\\''4.REFLUJO\\''', 19),
(96, 'IF (N29A=1 OR N30A=1) OR (N29A=2 OR N30A=2) THEN MUSCULAR2=\\''1. DOLOR MUSCULAR MODERADO\\''', 20),
(97, 'IF (N29A=3 AND N30A=3) THEN MUSCULAR2=\\''2. DOLOR MUSCULAR LEVE\\''', 20),
(99, 'IF (N31A > 0 AND < 4)  THEN TABACO2=\\''1. FUMADOR\\''', 21),
(100, 'IF (N31A=1 OR N31A=2 OR N31A=3) AND (N32A=\\''.\\'' OR N32A=4) THEN \\nTABACO2=\\''2. EX FUMADOR\\''\\n', 21),
(101, 'IF (N31A=4) AND (N32A=. OR N32A=4) AND (N33A=. OR N33A=4) THEN TABACO2=\\''3. NO FUMADOR\\''', 21),
(103, 'IF (N36A=1 OR N36A=2 OR N36A=3) AND (N37A=1 OR N37A=2) THEN ALCOHOL2=\\''1. CONSUMO DE ALTO RIESGO\\''', 22),
(104, 'IF (N36A=1 OR N36A=2) AND (N37A=3 OR N37A=4) THEN ALCOHOL2=\\''2. CONSUMO DE RIESGO\\''', 22),
(105, 'IF (N36A=3) AND (N37A=3 OR N37A=4 OR N37A=. ) THEN ALCOHOL2=\\''3. CONSUMO SOCIAL\\''', 22),
(106, 'IF (N36A=4) THEN ALCOHOL2=\\''4. NO BEBEDOR(A)\\''', 22),
(107, 'IF (N39A01=1 OR N39A01=2) THEN FISICA2= \\''1. EJERCICIO ADECUADO\\''', 23),
(108, 'IF (N39A01=3) THEN FISICA2= \\''2. EJERCICIO INADECUADO\\''', 23),
(109, 'IF (N39A01=4) THEN FISICA2= \\''3. EJERCICIO DEFICIENTE\\''', 23),
(111, 'IF (N40A=1 OR N40A=2 OR N40A=3) THEN DROGAS2=\\''1. SI CONSUME\\''', 24),
(113, 'IF (N41A=1 OR N41A=2 OR N41A=3) AND (N42A01=1) AND (N43A01=4) THEN SEXUALIDAD=\\''1. CONDUCTA SEGURA\\''', 25),
(114, 'IF (N41A=1 OR N41A=2 OR N41A=3) AND (N42A01=2 OR N42A01=3) AND (N43A01=3 OR N43A01=4) THEN SEXUALIDAD=\\''2. CONDUCTA DE RIESGO\\''', 25),
(115, 'IF (N41A=1 OR N41A=2 OR N41A=3) AND (N42A01=4)  AND (N43A01=4) THEN SEXUALIDAD=\\''2. CONDUCTA DE RIESGO\\''', 25),
(116, 'IF (N41A=1 OR N41A=2 OR N41A=3) AND (N42A01=1)  AND (N43A01=1) THEN SEXUALIDAD=\\''2. CONDUCTA DE RIESGO\\''', 25),
(117, 'IF (N41A=1 OR N41A=2 OR N41A=3) AND (N42A01=1)  AND (N43A01=3) THEN SEXUALIDAD=\\''2. CONDUCTA DE RIESGO\\''', 25),
(118, 'IF (N41A=1 OR N41A=2 OR N41A=3) AND (N42A01=4) AND (N43A01=1 OR N43A01=2 OR N43A01=3) THEN SEXUALIDAD=\\''3. CONDUCTA DE ALTO RIESGO\\''', 25),
(120, 'IF N65A=1 THEN CIRUGIA=\\''1.APENDICECTOMIA\\''', 28),
(121, 'IF N66A=1 THEN CIRUGIA=\\''2.COLECISTECTOMIA\\''', 28),
(122, 'IF N67A=1 THEN CIRUGIA=\\''3.CIRUGIA DE TESTICULO\\''', 28),
(123, 'IF N68A=1 THEN CIRUGIA=\\''4.POSTATECTOMIA\\''', 28),
(124, 'IF N72A=1 THEN CIRUGIA=\\''5.CIRUGIA DE OVARIO\\''', 28),
(127, 'IF (N53B=1)  THEN NUTRICION=''ASMA BRONQUIAL''', 32),
(128, 'IF (N54B=1)  THEN NUTRICION=''RINITIS ALÉRGICA''', 32),
(131, 'IF (N57B=1)  THEN NUTRICION=''CONVULSIONES''', 32),
(132, 'IF (N58B=1)  THEN NUTRICION=''GONORREA''', 32),
(133, 'IF (N59B=1)  THEN NUTRICION=''SIFILIS''', 32),
(134, 'IF (N60B=1)  THEN NUTRICION=''HEPATITIS B''', 32),
(135, 'IF (N61B=1)  THEN NUTRICION=''VIRUS DEL PAPILOMA HUMANO''', 32),
(136, 'IF (N62B=1)  THEN NUTRICION=''ULCERA GÁSTRICA O DUODENAL''', 32),
(137, 'IF (N63B=1)  THEN NUTRICION=''REFLUJO GASTROESOFÀGICO''', 32),
(138, 'IF (N64B=1)  THEN NUTRICION=''SOBREPESO/OBESIDAD''', 32),
(168, 'IF (N69B=1)  THEN NUTRICION=''USO DE ANTICONCEPTIVOS''', 32),
(169, 'IF (N73B=1)  THEN NUTRICION=''QUISTES EN MIS OVARIOS''', 32),
(170, 'IF (N74B=1)  THEN NUTRICION=''MASAS EN MAMAS''', 32),
(171, 'IF (N70B=1)  THEN NUTRICION=''EMBARAZO''', 32),
(172, 'IF (N71B=1)  THEN NUTRICION=''HE ESTADO EMBARAZADA''', 32),
(173, 'IF N75=1 THEN CIRUGIA=''ACNE''', 32),
(174, 'IF N78=1 THEN CIRUGIA=''DALTONISMO''', 32),
(175, 'IF N81=1 THEN FAMILIAR= PADRE CON DIABETES', 33),
(176, 'IF N81=2 THEN FAMILIAR= MADRE CON DIABETES', 33),
(177, 'IF N81=3 THEN FAMILIAR= ABUELOS CON DIABETES', 33),
(178, 'IF N81=4 THEN FAMILIAR= ABUELAS CON DIABETES', 33),
(179, 'IF N81=5 THEN FAMILIAR= YO TENGO DIABETES', 33),
(180, 'IF N82=1 THEN FAMILIAR= PADRE CON PRESIÓN ALTA', 33),
(181, 'IF N82=2 THEN FAMILIAR= MADRE CON PRESIÓN ALTA', 33),
(182, 'IF N82=3 THEN FAMILIAR= ABUELOS CON PRESIÓN ALTA', 33),
(183, 'IF N82=4 THEN FAMILIAR= ABUELAS CON PRESIÓN ALTA', 33),
(184, 'IF N82=5 THEN FAMILIAR= YO TENGO PRESIÓN ALTA', 33),
(185, 'IF N83=1 THEN FAMILIAR= PADRE CON DERRAME CEREBRAL', 33),
(186, 'IF N83=2 THEN FAMILIAR= MADRE CON DERRAME CEREBRAL', 33),
(187, 'IF N83=3 THEN FAMILIAR= ABUELOS CON DERRAME CEREBRAL', 33),
(188, 'IF N83=4 THEN FAMILIAR= ABUELAS CON DERRAME CEREBRAL', 33),
(189, 'IF N83=5 THEN FAMILIAR= YO TENGO DERRAME CEREBRAL', 33),
(191, 'IF N84=1 THEN FAMILIAR= PADRE CON INFARTO CARDIACO', 33),
(192, 'IF N84=2 THEN FAMILIAR= MADRE CON INFARTO CARDIACO', 33),
(193, 'IF N84=3 THEN FAMILIAR= ABUELOS CON INFARTO CARDIACO', 33),
(194, 'IF N84=4 THEN FAMILIAR= ABUELAS CON INFARTO CARDIACO', 33),
(195, 'IF N84=5 THEN FAMILIAR= YO TENGO INFARTO CARDIACO', 33),
(196, 'IF N85=1 THEN FAMILIAR= PADRE CON CÁNCER', 33),
(197, 'IF N85=2 THEN FAMILIAR= MADRE CON CÁNCER', 33),
(198, 'IF N85=3 THEN FAMILIAR= ABUELOS CON CÁNCER', 33),
(199, 'IF N85=4 THEN FAMILIAR= ABUELAS CON CÁNCER', 33),
(200, 'IF N85=5 THEN FAMILIAR= YO TENGO CÁNCER', 33),
(201, 'IF N86=1 THEN FAMILIAR= PADRE CON VIH/SIDA', 33),
(202, 'IF N86=2 THEN FAMILIAR= MADRE CON VIH/SIDA', 33),
(203, 'IF N86=3 THEN FAMILIAR= ABUELOS CON VIH/SIDA', 33),
(204, 'IF N86=4 THEN FAMILIAR= ABUELAS CON VIH/SIDA', 33),
(205, 'IF N86=5 THEN FAMILIAR= YO TENGO VIH/SIDA', 33),
(207, 'IF (N41A=4) AND ( N42A=-101 OR 42=4) AND (N43A=-101 OR 43=4 ) THEN SEXUALIDAD=''4. NO VIDA SEXUAL''', 25),
(208, 'IF (N43B=1  and N44B=1 ) THEN NUTRICION=''1. DIETA BALANCEADA''', 26),
(210, 'IF (N43A01=1 and N44A02=2) THEN NUTRICION=''3. DIETA DESBALANCEADA''', 26),
(211, 'IF (N43A01=2 and N44A02=1) THEN NUTRICION=''3. DIETA DESBALANCEADA''', 26),
(212, 'IF (N43B=2 AND N44B=3) OR (N43B=3 AND N44B=2) THEN NUTRICION=''2. DIETA DESBALANCEADA''', 26),
(213, 'IF (N43B=1 AND N44B=3) OR (N43B=3 AND N44B=1) THEN NUTRICION=''2. DIETA DESBALANCEADA''', 26),
(214, 'IF (N43B=4 AND N44B=2) OR (N43B=2 AND N44B=4) THEN NUTRICION=''2. DIETA DESBALANCEADA''', 26),
(215, 'IF (N43B=3 OR N44B=4) AND (N43B=4 OR N44B=3) THEN NUTRICION=''3. DIETA MUY DESBALANCEADA''', 26),
(216, 'IF (N43B=3 AND N44B=3 ) AND (N49A01=3 OR N49A01=4) THEN NUTRICION=''3. DIETA MUY DESBALANCEADA''', 26),
(217, 'IF (N43B=2 OR N44B=2)  THEN NUTRICION=''3. DIETA DESBALANCEADA''', 26),
(218, 'IF (N43B=1 ) THEN NUTRICION=''CONSUMO DE FRUTAS ADECUADO''', 26),
(219, 'IF (N43B=2 ) THEN NUTRICION=''CONSUMO DE FRUTAS DEFICIENTE''', 26),
(220, 'IF (N43B=3 OR N43B=4) THEN NUTRICION=''NO CONSUMO FRUTAS''', 26),
(221, 'IF (N44B=1 OR N44B=2 ) AND (N47=1 OR N47=2) THEN NUTRICION=''ALTO CONSUMO DE AZUCARES SIMPLES''', 26),
(223, 'IF (N49B=1)  THEN NUTRICION=''CONSUMO DE AGUA ADECUADO''', 26),
(224, 'IF (N49B=2)  THEN NUTRICION=''CONSUMO DE AGUA DEFICIENTE''', 26),
(225, 'IF (N49B=3 OR  N49B=4)  THEN NUTRICION=''CONSUMO DE AGUA MUY DEFICIENTE''', 26),
(226, 'IF (N50B=1)  THEN NUTRICION=''HABITO ALIMENTICIO INADECUADO EN LA CENA''', 26),
(227, 'IF (N52B=1)  THEN NUTRICION=''TENGO OBESIDAD''', 26),
(228, 'IF (N52B=2)  THEN NUTRICION=''TENGO SOBREPESO''', 26),
(229, 'IF (N52B=3)  THEN NUTRICION=''TENGO PESO NORMAL''', 26),
(230, 'IF (N52B=4)  THEN NUTRICION=''TENGO BAJO PESO''', 26),
(235, 'IF (N4=1 OR N4=2 OR N4=3) AND ((N5=3 OR N5=4) AND (N6=3))', 5),
(236, 'IF (N4A=4) AND ((N5A=3 AND N6A=4) OR (N5A=4 AND N6A=3) THEN VISTA= ''VISTA LIMÍTROFE SIN LENTES.', 5),
(237, 'IF (N4A=4) AND (N5A=1 OR N5A=2) AND (N6A=1 OR N6A=2) THEN VISTA=''DISMINUIDA SIN LENTES''', 5),
(238, 'IF (N4A=1 OR N4A=2 OR N4A=3) AND (N5A=1 OR N5A=2) AND (N6A=1 OR N6A=2) THEN VISTA= DISMINUIDA CON LENTES', 5),
(239, 'IF (N4A=1 OR N4A=2 OR N4A=3) AND (N5A=4) AND (N6A=4) THEN VISTA= CORREGIDA CON LENTES', 5),
(240, 'IF (N4A=1 OR N4A=2 OR N4A=3) AND (N5A=3 OR N5A=4) AND (N6A=3) THEN VISTA= VISTA LIMÍTROFE CON LENTES', 5),
(241, 'IF (N7A=2 OR N7A=3) AND (N56A=2 AND N80A=2) THEN AUDICION= HIPOACUSIA', 7),
(243, 'IF (N7A=1 OR N7A=2) AND ((N56A=1 OR N80A=1)  THEN AUDICION=''SORDERA''', 7),
(244, 'IF (N7A=4) AND (N56A=2 AND N80A=2) THEN AUDICION=''AUDICION NORMAL''', 7),
(247, 'IF (N9A=1 OR N9A=2 OR N9A=3) THEN CERUMEN2=''PROBABLE TAPÓN DE CERUMEN', 3),
(248, 'IF (N4A=1 OR N4A=2 OR N4A=3) AND (N5A=4) AND (N6A=1 OR N6A=2) THEN AGUDEZA VISUAL=''VISTA DISMINUIDA CON LENTES''', 5),
(249, 'IF (N4A=1 OR N4A=2 OR N4A=3) AND (N5A=1 OR N5A=2) AND (N6A=3 OR N6A=4) THEN AGUDEZA VISUAL= ''VISTA DISMINUIDA CON LENTES''', 5),
(250, 'IF (N4A=4) AND (N5A=1 OR 2) AND (N6A=4) THEN AGUDEZA VISUAL = ''VISTA DISMINUIDA SIN LENTES.', 5),
(251, 'IF N4A=4 AND (N5A=4) AND (N6A=1 OR N6A=2) THEN AGUDEZA VISUAL= ''VISTA DISMINUIDA SIN LENTES''', 5),
(252, 'IF N44A= 2 THEN NUTRICION=''MODERADO CONSUMO DE VERDURAS''', 26),
(253, 'IF N44A=3 THEN NUTRICION=''DEFICIENTE CONSUMO DE VERDURAS''', 26),
(254, 'IF N44A=1 THEN NUTRICION=''ADECUADO CONSUMO DE VERDURAS', 26),
(255, 'IF N48A=1 THEN NUTRICION=''ALTO CONSUMO DE GRASAS TRANS', 26),
(256, 'IF N48A=2 THEN NUTRICION=''CONSUMO MODERADO DE GRASAS TRANS''', 26),
(257, 'IF N48A=3 THEN NUTRICION=''BAJO CONSUMO DE GRASAS TRANS''', 26),
(258, 'IF N48A=4 THEN NUTRICION=''NO CONSUMO DE GRASAS TRANS''', 26);

-- --------------------------------------------------------

--
-- Estructura de tabla para la tabla `estado_civil`
--

CREATE TABLE IF NOT EXISTS `estado_civil` (
  `idestado_civil` int(11) NOT NULL AUTO_INCREMENT,
  `nombre` varchar(100) NOT NULL,
  PRIMARY KEY (`idestado_civil`)
) ENGINE=InnoDB  DEFAULT CHARSET=utf8 AUTO_INCREMENT=6 ;

--
-- Volcado de datos para la tabla `estado_civil`
--

INSERT INTO `estado_civil` (`idestado_civil`, `nombre`) VALUES
(1, 'Solter@'),
(2, 'Casad@'),
(3, 'Viud@'),
(4, 'Unid@'),
(5, 'Divorciad@');

-- --------------------------------------------------------

--
-- Estructura de tabla para la tabla `grupo`
--

CREATE TABLE IF NOT EXISTS `grupo` (
  `idgrupo` int(11) NOT NULL AUTO_INCREMENT,
  `descripcion` varchar(100) DEFAULT NULL,
  PRIMARY KEY (`idgrupo`)
) ENGINE=InnoDB  DEFAULT CHARSET=utf8 AUTO_INCREMENT=7 ;

--
-- Volcado de datos para la tabla `grupo`
--

INSERT INTO `grupo` (`idgrupo`, `descripcion`) VALUES
(1, 'Siempre, Frecuentemente, Ocasionalmente, No'),
(2, 'A diario, 1 a 5 Veces/Semana, Ocasionalmente, No'),
(3, 'Muy pasado(a) de peso, Pasado(a) de peso, Bien de peso, Bajo(a) de peso'),
(4, 'SI, NO'),
(5, 'Grupo Familiar'),
(6, 'Siempre, A veces, Nunca');

-- --------------------------------------------------------

--
-- Estructura de tabla para la tabla `grupo_familiar`
--

CREATE TABLE IF NOT EXISTS `grupo_familiar` (
  `idpaciente` int(20) NOT NULL,
  `idgrupo_familiar` int(20) NOT NULL AUTO_INCREMENT,
  `idparentesco` int(11) NOT NULL,
  `genero` int(10) NOT NULL,
  `ocupacion` varchar(30) DEFAULT NULL,
  `ingreso` double DEFAULT NULL,
  `salud` int(10) NOT NULL,
  `lugar` varchar(50) NOT NULL,
  `edad` int(10) DEFAULT '0',
  `aporte` double DEFAULT NULL,
  PRIMARY KEY (`idgrupo_familiar`),
  KEY `FKgrupo_fami983612` (`idpaciente`),
  KEY `FKgrupo_fami391739` (`idparentesco`)
) ENGINE=InnoDB  DEFAULT CHARSET=utf8 AUTO_INCREMENT=55 ;

--
-- Volcado de datos para la tabla `grupo_familiar`
--

INSERT INTO `grupo_familiar` (`idpaciente`, `idgrupo_familiar`, `idparentesco`, `genero`, `ocupacion`, `ingreso`, `salud`, `lugar`, `edad`, `aporte`) VALUES
(206, 31, 1, 1, 'maestra', 2500, 2, 'san juan sacatepequez', 45, NULL),
(206, 32, 2, 0, 'comerciante', 3000, 1, 'san juan sactepequez', 45, NULL),
(206, 33, 4, 1, 'estudiante', 0, 1, 'san juan sactepequez', 15, NULL),
(209, 35, 1, 1, 'ama de asa', 0, 2, 'lote 58 manzana e sector 6 prados de villa hermosa', 45, NULL),
(209, 36, 2, 0, 'contador publico y auditor', 25000, 1, 'lote 58 manzana e sector 6 prados de villa hermosa', 45, NULL),
(209, 37, 4, 1, 'estudiante', 0, 1, 'lote 58 manzana e sector 6 prados de villa hermosa', 13, NULL),
(209, 38, 4, 0, 'estudiante', 0, 1, 'lote 58 manzana e sector 6 prados de villa hermosa', 8, NULL),
(210, 39, 1, 1, 'AUXILIAR DE CONTABILIDAD', 5000, 1, 'GUATEMALA', 45, NULL),
(210, 40, 2, 0, 'CONTADOR PUBLICO Y AUDITOR', 10000, 2, 'GUATEMALA', 48, NULL),
(208, 41, 1, 1, 'ama de casa', 0, 1, 'zona 7', 42, NULL),
(210, 43, 4, 1, 'ESTUDIANTE', 0, 1, 'GUATEMALA', 8, NULL),
(210, 44, 4, 0, 'MECANICO', 0, 1, 'GUATEMALA', 17, NULL),
(208, 45, 2, 0, 'comerciante', 0, 1, 'antigua guatemala', 45, NULL),
(211, 46, 1, 1, 'ama de casa', 0, 1, 'zona 3 el Gallito', 38, NULL),
(211, 47, 2, 0, 'Comerciante', 0, 1, 'zona 3 el Gallito', 47, NULL),
(211, 48, 4, 0, 'Perito Contador', 2500, 1, 'zona 3 el Gallito', 23, NULL),
(211, 49, 4, 1, '', 0, 1, 'zona 3 el Gallito', 21, NULL),
(212, 50, 2, 0, 'COMERCIANTE', 2000, 1, 'GUATEMALA', 48, NULL),
(225, 51, 1, 1, 'MAESTRA', 2000, 1, 'AMATITLAN', 46, NULL),
(225, 52, 5, 0, '', 0, 1, 'Amatitlan', 79, NULL),
(226, 53, 1, 1, 'ADMINISTRADORA DE EMPRESAS', 0, 1, 'GUATEMALA', 44, 0),
(226, 54, 4, 0, 'ESTUDIANTE', 0, 1, 'GUATEMALA', 20, 0);

-- --------------------------------------------------------

--
-- Estructura de tabla para la tabla `grupo_titulo_respuesta`
--

CREATE TABLE IF NOT EXISTS `grupo_titulo_respuesta` (
  `idgrupo` int(10) NOT NULL,
  `idtitulo_respuesta` int(11) NOT NULL,
  `orden` int(11) NOT NULL,
  PRIMARY KEY (`idgrupo`,`idtitulo_respuesta`),
  KEY `FKgrupo_titu883601` (`idtitulo_respuesta`)
) ENGINE=InnoDB DEFAULT CHARSET=utf8;

--
-- Volcado de datos para la tabla `grupo_titulo_respuesta`
--

INSERT INTO `grupo_titulo_respuesta` (`idgrupo`, `idtitulo_respuesta`, `orden`) VALUES
(1, 1, 1),
(1, 2, 2),
(1, 3, 3),
(1, 4, 4),
(2, 3, 3),
(2, 4, 4),
(2, 5, 1),
(2, 6, 2),
(3, 7, 1),
(3, 8, 2),
(3, 9, 3),
(3, 10, 4),
(4, 4, 2),
(4, 11, 1),
(5, 12, 1),
(5, 13, 2),
(5, 14, 3),
(5, 15, 4),
(5, 16, 5),
(6, 1, 1),
(6, 17, 2),
(6, 18, 3);

-- --------------------------------------------------------

--
-- Estructura de tabla para la tabla `menu`
--

CREATE TABLE IF NOT EXISTS `menu` (
  `idmenu` int(11) NOT NULL AUTO_INCREMENT,
  `descripcion` varchar(50) NOT NULL,
  `areaidarea` int(11) NOT NULL COMMENT '1 HABILITADO, 0 DESHABILITADO',
  `contenido` text,
  `idmenu_rec` int(11) DEFAULT NULL,
  `size` int(11) NOT NULL DEFAULT '4',
  `estado` int(11) NOT NULL,
  PRIMARY KEY (`idmenu`),
  KEY `FKmenu590668` (`areaidarea`),
  KEY `FKmenu855382` (`idmenu_rec`)
) ENGINE=InnoDB  DEFAULT CHARSET=utf8 AUTO_INCREMENT=48 ;

--
-- Volcado de datos para la tabla `menu`
--

INSERT INTO `menu` (`idmenu`, `descripcion`, `areaidarea`, `contenido`, `idmenu_rec`, `size`, `estado`) VALUES
(1, 'Quienes Somos', 1, '<div align=''justify''><font size=''4''><b>La Unidad de Salud</b> secci&oacute;n de la Divisi&oacute;n de Bienestar Estudiantil Universitario, es una dependencia de la Universidad de San Carlos de Guatemala, creada para velar por la salud del estudiante, realiza sus actividades en funci&oacute;n de la Docencia, Investigaci&oacute;n y Servicio enfocandose en la prevenci&oacute;n de la salud.<br><br><br>Dentro de las actividades de servicio, se encuentra la realizaci&oacute;n del examen obligatorio de salud a todos los estudiantes que ingresan a nuestra Universidad, a&ntilde;o con a&ntilde;o. Debido al incremento de esta poblaci&oacute;n, se realizan dos modalidades de examen para cubrir al 100% de los j&oacute;venes.<br><br>Para nuestro control epidemiol&oacute;gico, se efect&uacute;a en el 20% de estudiantes de ingreso un examen multidisciplinario de Salud (evaluaciones m&eacute;dicas, odontol&oacute;gicas, Psicol&oacute;gicas y ex&aacute;menes de Laboratorio Cl&iacute;nico), el cual hemos denominado ''MULTIF&Aacute;SICO''<br><br>El estudiante deber&aacute; completar un cuestionario de salud y luego se le asigna una fecha para las evaluaciones medicas, las cuales incluyen: ex&aacute;men de la vista, presi&oacute;n arterial y pulso, medidas antropom&eacute;tricas, prueba de condici&oacute;n f&iacute;sica. Se les practica tambi&eacute;n una entrevista psicol&oacute;gica, una evaluaci&oacute;n odontol&oacute;gica y ex&aacute;menes de laboratorio: Hematrocr&iacute;to, tipo de sangre, heces y orina..<br><br>Al 80% restante de los estudiantes se les efect&uacute;a un Cuestionario Autoadministrado de Salud, combinandolo con charlas educativas con temas de cada especialidad de salud.<br><br>Tambi&eacute;n se examinan estudiantes de nivel intermedio y estudiantes de egreso, cuando la unidad acad&eacute;mica lo requiera.<br><br>La actividad docente se efectua de manera pr&aacute;ctica y te&oacute;rica a estudiantes de Quimica Biol&oacute;gica, Nutrici&oacute;n, Humanidades, Ingenieria, Psicolog&iacute;a y Publicidad (Estudiantes de cuarto, quinto a&ntilde;o de las difentes carreras y estudiantes de EPS), proporcionandoles multidisciplinariamente un Programa Docente Integrado, el cual incluye temas de prevenci&oacute;n de la salud con el prop&oacute;sito de ampliar el conocimiento de los practicantes.<br><br>La investigaci&oacute;n es otra de las actividades realizadas por los docentes, tanto dentro como fuera de nuestra dependencia, incluyendo tesis de grado &oacute; post grado.<br><br>El &aacute;rea medica cuenta con 4 profesores m&eacute;dicos, 3 m&eacute;dicos fuera de carrera docente, 3 enfermeras, 2 tecnicos deportivos <br>El &aacute;rea Psicol&oacute;gica cuenta con 4 profesores psic&oacute;logos, 1 psic&oacute;loga fuera de carrera docente. <br>El &aacute;rea Odontol&oacute;gica cuenta con 1 profesor odont&oacute;logo, 2 odont&oacute;logos fuera de carrera docente, 2 asistentes. <br>El Laboratorio Cl&iacute;nico cuenta con 3 profesoras Qu&iacute;micas Bi&oacute;logas, 2 Qu&iacute;micas Bi&oacute;logas fuera de carrera docente.<br></font></div>', NULL, 4, 1),
(2, 'Administraci&oacute;n', 1, '<div align=''center''><font size=''4''><b>Jefatura</b><br>Licenciada MAR&Iacute;A SANDRA ARMAS DE VARGAS <br><br><b>Secretar&iacute;a</b><br><br>ROSA ELIZABETH GIR&Oacute;N DE BRAN <br>Secretaria Jefatura <br><br>IRMA YOLANDA CHANAX SARMIENTO <br>Secretaria de Recepci&oacute;n Jornada Matutina <br><br>ANNA GABRIELA MONTERROSO CABRERA <br>Secretaria de Recepci&oacute;n Jornada Vespertina <br><br>ROSA ALCIRA TRIJILIO DE FIGUEROA <br>Secretaria Archivo <br><br><b>C&oacute;mputo</b><br>HELEN JOHANA L&Oacute;PEZ MONTERROSO<br>Operadora Informatica I<br><br><b>Servicios</b><br>VIRGILIO J. JOL&Oacute;N ALVIZ&Uacute;RES <br>HERLINDO V&Eacute;LIZ CATAL&Aacute;N <br>MARIO FUENTES</font></div>', NULL, 4, 1),
(3, 'Misi&oacute;n', 1, '<div align=''justify''><font size=''4''><br>Detectar y contribuir a la recuperaci&oacute;n de la salud del estudiante universitario, cumpliendo a la responsabilidad de preservar y mantener sana a la poblaci&oacute;n estudiantil, basado en la creaci&oacute;n y coordinaci&oacute;n de programas confiables y efectivos que contribuyan a la prevenci&oacute;n y promoci&oacute;n de la salud integral del estudiante.</font></div>', NULL, 1, 1),
(4, 'Visi&oacute;n', 1, '<div align=''justify''><font size=''4''><br>Ser la dependencia l&iacute;der, experta, confiable multiprofesional e interdisciplinaria de la Universidad de San Carlos de Guatemala, de la cual emanen las directrices en cuanto a la educaci&oacute;n, promoci&oacute;n y prevenci&oacute;n de la salud integral del estudiante universitario, que le hagan participe de las responsabilidad de adquirir conocimientos necesarios para llevar un estilo de vida sano que se traduzca en un mejor rendimiento acad&eacute;mico y cuyos programas se realicen bajo una supervisi&oacute;n directa que permita la calidad y cubran las necesidades de salud.&nbsp;</font></div>', NULL, 2, 1),
(5, 'Antecedentes', 1, '<div align=''justify''><font size=''4''><br></font></div><div align=''justify''><font size=''4''><br></font></div><div align=''justify''><font size=''4''>El 10 de Octubre de 1959, el Consejo Superior Universitario, seg&uacute;n punto DECIMO CUARTO, del Acta 703, cre&oacute; el Departamento de Bienestar Estudiantil, Secci&oacute;n de Orientaci&oacute;n y Selecci&oacute;n Profesional. El 30 de julio de 1975 en el Punto CUARTO, inciso 4.4.7 del Acta 16-7 del mismo Organismo, fue aprobado el Reglamento de dicho Departamento.&nbsp;</font></div><div align=''justify''><font size=''4''><br>El 10 de noviembre de 1971, por Acuerdo de Rector&iacute;a No. 7,735 fue creada la Unidad de Salud como parte del Departamento de Bienestar Estudiantil, autorizada por el Consejo Superior Universitario en el Punto TERCERO, inciso 3.1 del Acta N&uacute;mero 1130 de fecha 13 de noviembre de 1,971.&nbsp;</font></div><div align=''justify''><font size=''4''><br>El 25 de agosto de 1981, por Acuerdo de Rector&iacute;a No. 699-81, se le da a &eacute;ste Departamento la categor&iacute;a <br>de Divisi&oacute;nde Bienestar Estudiantil Universitario, conformada por la Secci&oacute;n<br><br></font></div><div align=''justify''><font size=''4''>Socioecon&oacute;mica, Secci&oacute;n de Orientaci&oacute;n Vocacional y Unidad de Salud. <br>El 7 de julio de 1999, se integra la Divisi&oacute;n de Bienestar Estudiantil Universitario a la estructura org&aacute;nica de la Direcci&oacute;n General de Docencia, seg&uacute;n Punto SEGUNDO del Acta No. 21-99 del Consejo Superior Universitario.&nbsp;</font></div>', NULL, 4, 1),
(6, 'Investigaci&oacute;n Docencia', 1, '<div align=''center''><br><div align=''center''><font size=''4''>Investigaciones Multidisciplinarias de la Unidad de Salud<br><br>Programa Docente Integrado ( PDI )</font></div></div>', NULL, 1, 1),
(7, 'Quienes Somos', 2, '<div style=''font-family: Arial, Verdana; font-style: normal; font-variant: normal; line-height: normal; text-align: center; ''><b><font size=''4''>Cl&iacute;nica de Odontolog&iacute;a</font></b></div><div style=''font-family: Arial, Verdana; font-style: normal; font-variant: normal; line-height: normal; text-align: center; font-weight: normal; ''><font size=''4''><br></font></div><div style=''font-family: Arial, Verdana; font-style: normal; font-variant: normal; line-height: normal; text-align: center; font-weight: normal; ''><font size=''4''>Tus Dientes se ven m&aacute;s brillantes y se mantienen sanos si te cepillas despu&eacute;s de cada comida.&nbsp;</font></div><div style=''font-family: Arial, Verdana; font-style: normal; font-variant: normal; line-height: normal; text-align: center; font-weight: normal; ''><font size=''4''><br></font></div><div style=''font-family: Arial, Verdana; font-style: normal; font-variant: normal; line-height: normal; text-align: center; font-weight: normal; ''><font size=''4''>Sonr&iacute;e Feliz si te cepillas correctamente usa hilo dental todos los d&iacute;as y visita al dentista cada 6 meses.</font></div><div style=''font-family: Arial, Verdana; font-style: normal; font-variant: normal; line-height: normal; text-align: center; font-weight: normal; ''><font size=''4''><br></font></div><div style=''font-family: Arial, Verdana; font-style: normal; font-variant: normal; line-height: normal; text-align: center; ''><b><font size=''4''>Horarios de Atenci&oacute;n</font></b></div><div style=''font-family: Arial, Verdana; font-style: normal; font-variant: normal; line-height: normal; text-align: center; font-weight: normal; ''><font size=''4''>Lunes a Viernes</font></div><div style=''font-family: Arial, Verdana; font-style: normal; font-variant: normal; line-height: normal; text-align: center; font-weight: normal; ''><font size=''4''>De 12:00 a 19:00 Hrs.</font></div><div style=''text-align: center; ''><font face=''Arial, Verdana'' size=''4''>S&aacute;bado</font></div><div style=''font-family: Arial, Verdana; font-style: normal; font-variant: normal; line-height: normal; text-align: center; font-weight: normal; ''><font size=''4''>De 8:00 a 13:00 Hrs.</font></div>', NULL, 3, 1),
(8, 'Docencia', 2, 'Proximamente...<div>&nbsp;</div>', NULL, 1, 1),
(9, 'Investigaci&oacute;n', 2, 'proximamente ....', NULL, 1, 1),
(10, 'Extensi&oacute;n', 2, 'proximamente ...', NULL, 1, 1),
(11, 'Quienes Somos', 3, '<div align=''justify''><font size=''4''>Desde su fundaci&oacute;n la Unidad de salud cuenta entre sus ''&Aacute;reas'' de trabajo con el Laboratorio cl&iacute;nico, el que actualmente est&aacute; atendiendo por dos Qu&iacute;micas Bi&oacute;logas, una en calidad de Jefe y la otra como Profesora Auxiliar. Ambas profesionales forman parte del personal docente de dicha Unidad.<br><br></font><br></div>', NULL, 2, 1),
(12, 'Docencia', 3, '<font size=''4''><b><font size=''5''>Examen Multif&aacute;sico<br></font></b><br></font><ol><li><font size=''4''>30% del total de estudiantes de primer ingreso de la Universidad de San Carlos, escogidos seg&uacute;n n&uacute;mero de carnet.</font></li><li><font size=''4''>Egresados de 6 Unidades Acad&eacute;micas de la USAC:</font></li><ol><li><font size=''4''>Estudiantes asignados a EPS de Ciencias Econ&oacute;micas.</font></li><li><font size=''4''>Estudiantes asignados a EPS de Arquitectura.</font></li><li><font size=''4''>Estudiantes asignados a EPS de Agronom&iacute;a</font></li><li><font size=''4''>Estudiantes asignados a EPS de Trabajo Social.</font></li><li><font size=''4''>Estudiantes que solicitan Examen P&uacute;blico de Ciencias M&eacute;dicas</font></li><li><font size=''4''>Estudiantes que solicitan Examen privado de Ingenier&iacute;a</font></li></ol><li><font size=''4''>Otros</font></li><ol><li><font size=''4''>Estudiantes de otros niveles acad&eacute;micos y personal que solicitan el examen expresamente.</font></li></ol></ol><p><b><font size=''5''>Consulta Externa</font></b></p><ol><li><font size=''4''>Estudiantes de la USAC de cualquier nivel acad&eacute;mico</font></li><li><font size=''4''>Personal administrativo y docente de la USAC.</font></li><li><font size=''4''>Parientes de estudiantes y personal atendido por cortes&iacute;a</font></li></ol><p><br></p>', NULL, 4, 1),
(13, 'Investigaci&oacute;n', 3, '<div align=''justify''><font size=''5''>Programa<br></font><br><font size=''4''>El programa de la Unidad de Salud constituye las experiencias docentes con la comunidad -EDC- que los estudiantes de la carrera Qu&iacute;mica Biol&oacute;gica realizan en el medio universitario y tienen como prop&oacute;sito, como una derivaci&oacute;n del proceso de ense&ntilde;anza-aprendizaje, brindar servicios de diagnostico de laboratorio cl&iacute;nico especialmente al sector estudiantil de primer ingreso a la Universidad y realizar trabajos de investigaci&oacute;n en relaci&oacute;n con la tecnolog&iacute;a del laboratorio cl&iacute;nico y los problemas de salud de la poblaci&oacute;n atendida. Su sede es la Unidad de Salud de la Universidad y se realizan en cooperaci&oacute;n con estudiantes de otras profesiones.<br></font><br><font size=''5''>Justificaciones<br></font><br><font size=''4''>Al crearse la Unidad de Salud en 1972, se establecieron como justificaciones para la participaci&oacute;n de profesionales y estudiantes de Qu&iacute;mica Biol&oacute;gica han realizando su actividad intramuros efectuando elaboraci&oacute;n te&oacute;rica y pr&aacute;ticas ''con muestras'' de pacientes a los cuales raras vez se les conoc&iacute;a como personas o colectividades con caracter&iacute;sticas que no pueden aprenderse al investigar especimes biol&oacute;gicos que solo las identifican en una forma muy parcial y fragmentada.<br>Tales justificaciones, v&aacute;lidas en aquella &eacute;poca y que en la actualidad han sido ampliamente superadas con una diversidad de Programas de EDC incluyendo EPS, ponen de manifiesto las motivaciones esenciales docentes que originaron la participaci&oacute;n de estudiantes de Qu&iacute;mica Biol&oacute;gicas en el Laboratorio Cl&iacute;nico de la Unidad de Salud, para satisfacer intereses acad&eacute;micos de la Facultad.<br></font><br></div>', NULL, 4, 1),
(14, 'Extensi&oacute;n', 3, 'Proximamente...', NULL, 1, 1),
(15, 'Quienes Somos', 4, '<div align=''center'' style=''font-size: 10pt; ''><div align=''justify''><font size=''4''>El <b>&Aacute;rea de Psicolog&iacute;a</b> de Unidad de Salud, esta comprometida en fomentar la Salud Mental del estudiante de la Universidad de San Carlos, enfoc&aacute;ndose en actividades de promoci&oacute;n de la salud.</font><br></div><font size=''4'' style=''font-weight: normal; ''><br><b>PROFESIONALES DEL &Aacute;REA DE PSICOLOG&Iacute;A</b><br>Licda. Ana Guadalupe P&eacute;rez Batres, M.A. <br>Psic&oacute;loga Cl&iacute;nica con Maestr&iacute;a en Educaci&oacute;n Superior. Profesora Titular X<br><br>Lic. Jorge Concepci&oacute;n Ram&iacute;rez &Aacute;lvarez, M.A.<br>Psic&oacute;logo Cl&iacute;nico e Industrial con Maestr&iacute;a en Consejer&iacute;a Cl&iacute;nica e Intervenci&oacute;n Psico-Social en Salud Mental. <br>Profesor Titular IV<br><br>Lic. V&iacute;ctor Rodolfo Comparini Estrada, M.A.<br>Psic&oacute;logo Cl&iacute;nico con Maestr&iacute;a en Psicolog&iacute;a Cl&iacute;nica y Salud Mental<br>Profesor Titular VI <br><br>Licda. Dora Ren&eacute; Guerra, M.A.<br>Psic&oacute;loga Cl&iacute;nica con Maestr&iacute;a en Psicolog&iacute;a Cl&iacute;nica y Salud Mental<br>Profesor Titular III<br><br>Licda. Ana Luisa Palomo Valiente<br>Psic&oacute;loga Cl&iacute;nica<br></font></div><div align=''center'' style=''font-weight: normal; ''><font size=''4''><br></font></div>', NULL, 4, 1),
(16, 'Docencia', 4, '<div align=''justify''><font size=''4''>El &Aacute;rea de Psicolog&iacute;a, participa en tres programas distintos de Docencia:<br><br><b>a) Programa Docente Integrado<br></b><br>Consiste en la Docencia Presencial que a lo largo del ciclo acad&eacute;mico cada uno de los docentes del &Aacute;rea de psicolog&iacute;a ofrece al grupo de alumnos practicantes y a estudiantes que hacen el EPS en la Unidad de Salud, de acuerdo a calendarizaci&oacute;n previamente establecida por la Coordinaci&oacute;n de Docencia de la Unidad de Salud, los temas correspondientes al &aacute;rea de Psicolog&iacute;a son: Salud Mental, Patolog&iacute;as m&aacute;s frecuentes en Psicolog&iacute;a, Autoestima.<br><b><br>b) Programa Docente para los alumnos de la Escuela de Ciencias Psicol&oacute;gicas de la Universidad de San Carlos de Guatemala.<br></b><br>Siendo el &Aacute;rea de Psicolog&iacute;a de la Unidad de Salud un centro de pr&aacute;ctica para los alumnos de tercero, cuarto y quinto a&ntilde;o de la carrera de Licenciatura en Psicolog&iacute;a, como apoyo a la formaci&oacute;n de dichos estudiantes y para la optimizaci&oacute;n de la atenci&oacute;n se ofrecen los siguientes programas docentes:<br><br></font><div align=''left''><ul><li><font size=''4''>    Entrevista Cl&iacute;nica<br></font></li><li><font size=''4''>    Psicoterapia</font></li><li><font size=''4''>    Psicopatolog&iacute;a</font></li><li><font size=''4''>    DSM IV</font></li><li><font size=''4''>    MMPI</font></li></ul></div><font size=''4''><br><b>Talleres de crecimiento y desarrollo personal<br></b></font><div align=''justify''><font size=''4''><br>Asesor&iacute;a individual para los casos de Consulta Externa que atienden los alumnos practicantes.</font><br></div><font size=''4''><br><b>C)Docencia General:<br></b><br>Es la docencia que reciben los profesores de la Unidad de Salud como parte de la programaci&oacute;n de las actividades de docencia de la instituci&oacute;n y consiste en participar como oyente o como disertante de conferencias relacionadas con un tema central seleccionado por el pleno de docentes. </font><br></div>', NULL, 4, 1),
(17, 'Investigaci&oacute;n', 4, 'AREA DE PSICOLOG&Iacute;A<div><br></div><div>&nbsp;</div>', NULL, 3, 0),
(18, 'Extensi&oacute;n', 4, '<div align=''justify''><font size=''4''>Son todas aquellas actividades de proyecci&oacute;n a la comunidad universitaria en especial, que el &Aacute;rea de psicolog&iacute;a lleva a cabo siendo estas: Consulta Externa (Psicoterapia individual, Familiar, Pareja y Grupal) charlas de la especialidad, dentro y fuera de la Ciudad Universitaria, Evaluaciones para extender constancias a estudiantes universitarios que as&iacute; lo soliciten (previa evaluaci&oacute;n del caso).</font><br><font size=''4''>Atenci&oacute;n a emergencias dentro del Campus Central.</font><br><br><font size=''4''>Talleres de Crecimiento y Desarrollo Personal dentro y fuera del Campus Universitario.</font><br><font size=''4''>Las actividades que a continuaci&oacute;n se indican no tienen ning&uacute;n costo econ&oacute;mico para los miembros de la comunidad universitaria; en el caso de que personas no universitarias que expresen inter&eacute;s por recibir apoyo del &aacute;rea por medio de estas actividades, deben acercarse a las oficinas y hacer la consulta respectiva con el personal ya que existe la posibilidad de recibir atenci&oacute;n por medio del concepto Cortes&iacute;a.</font></div>', NULL, 3, 1),
(19, 'Quienes Somos', 5, '<div align=''center''><div align=''justify''><font size=''4''><br>El &aacute;rea de Medicina de Unidad de Salud, esta comprometida en velar por la salud del estudiante de la Universidad de San Carlos, enfocandose en actividades de promoci&oacute;n de la salud y prevenci&oacute;n de la enfermedad. <br><br></font></div><br><font size=''4''>PROFESIONALES DEL &Aacute;REA DE MEDICINA<br>Dr. M.A., MsC. RODERICO RAM&Oacute;N GUERRA OBANDO <br>Medicina Interna, Profesor titular XI<br>rguerra@usac.edu.gt<br><br>Dr. M.A. CARLOS ENRIQUE CATAL&Aacute;N G&Oacute;MEZ <br>Profesor titular X<br>carlosen@usac.edu.gt<br><br>Dr. SA&Uacute;L ERNESTO ROJAS CASTILLO <br>Profesor titular VIII<br>srojas@usac.edu.gt<br><br>Dr. MsC. DANILO OLIVERIO MORALES ANDRADE <br>Medicina Interna , Profesor titular VII <br>dmorales@usac.edu.gt<br><br>Dra. LIGIA ESTER AR&Eacute;VALO VERAS<br>Consulta Externa Jornada Matutina<br><br>Dra. RITA MARIA FIGUEROA FIGUEROA<br>Consulta Externa Jornada Vespertina<br><br>Enfermera MAGNOLIA ELIZABETH GUZM&Aacute;N CASTA&Ntilde;EDA<br>Consulta Externa Jornada Matutina<br><br>Enfermera AURA YOLANDA QUIROA RAM&Iacute;REZ<br>Consulta Externa Jornada Matutina<br><br>Enfermera BEATRIZ DE JESUS BACA L&Oacute;PEZ<br>Consulta Externa Jornada Vespertina<br></font><br></div>', NULL, 4, 1),
(20, 'Docencia', 5, '<br><b><font size=''5''>DOCENCIA<br></font></b><br><div align=''justify''><font size=''4''>El &aacute;rea m&eacute;dica de Unidad de Salud realiza actividades docentes, enfoc&aacute;ndose en temas de medicina preventiva, dirigidos a estudiantes practicantes y a estudiantes que ingresan a nuestra Universidad, cre&aacute;ndose programas especificos, los cuales se detallan a continuaci&oacute;n.</font><br></div><br><b><font size=''5''>PROGRAMA DOCENTE INTEGRADO<br></font></b><br><div align=''justify''><font size=''4''>Este programa fue creado con el objetivo de proporcionar a los estudiantes practicantes que rotan por nuestra dependencia, conocimiento integral sobre temas de salud, enfoc&aacute;ndonos en temas preventivos y temas relacionados con estilos de vida que puedan afectar &oacute; favorecer nuestra salud. La clases magistrales son programadas de acuerdo a la rotaci&oacute;n de los estudiantes, imparti&eacute;ndose en coordinaci&oacute;n con las otras &aacute;reas profesionales, 13 temas.<br></font><br><font size=''4''>Los temas que imparte el &aacute;rea medica son:<br>Tabaco y Salud<br>Estilos de Vida Saludable<br>Medicina Preventiva<br><br><b><font size=''5''>DOCENCIA A PRACTICANTES DE NUTRICI&Oacute;N<br></font></b><br>El &aacute;rea m&eacute;dica, ha contado con estudiantes practicantes de diferentes unidades acad&eacute;micas desde su creaci&oacute;n. Actualmente cuenta con estudiantes de la Escuela de Nutrici&oacute;n de la Facultad de Ciencias Qu&iacute;micas y Farmacia. Contamos con una estudiante de Ejercicio Profesional Supervisado (EPS), por un periodo de 6 meses y 3 estudiantes de EDC, por un periodo de 3 meses. Desarrollan actividdes de docencia servicio e investigaci&oacute;n.<br>Se ha desarrollado un programa de clases magistrales con temas m&eacute;dicos y nutricionales como parte del proceso de ense&ntilde;anza aprendizaje que nuestra &aacute;rea ofrece. Las clases se desarrollan durante el periodo de practica, incluyendo: Presentaci&oacute;n de casos interesantes, presentaci&oacute;n, discuci&oacute;n y an&aacute;lisis de articulos de revisi&oacute;n. Finalmente se imparten en el periodo, 6 clases magistrales con los siguientes temas:<br></font><ul><li><font size=''4''>Metabolismo de los Carbohidratos</font></li><li><font size=''4''>Metabolismo de las Grasas</font></li><li><font size=''4''>Metabolismo de las Prote&iacute;nas</font></li><li><font size=''4''>Obesidad</font></li><li><font size=''4''>Desnutrici&oacute;n</font></li><li><font size=''4''>Hipertesi&oacute;n Arterial y nutrici&oacute;n</font></li><li><font size=''4''>Diabetes, nutrici&oacute;n y aterosclerosis </font></li></ul></div>', NULL, 4, 1),
(21, 'Investigaci&oacute;n', 5, '<div align=''justify''><font size=''4''><br>Es funci&oacute;n del &aacute;rea de medicina investigar los problema de salud que afectan a los estudiantes de la Universidad de San Carlos, aportar y transferir conocimiento y proponer intervenciones de salud, para solucionarlos a corto mediano &oacute; largo plazo. Se presentan estudios realizados enfocados en temas prevalentes y que consideramos importantes.&nbsp;</font></div>', NULL, 1, 1),
(22, 'Extensi&oacute;n', 5, 'El &aacute;rea de medicina participa en actividades asistenciales dentro y fuera del campus central de la USAC, brindando atenci&oacute;n clinica en jornadas de salud en centros regionales, fincas de nuestra universidad, formaci&oacute;n de brigadas de atenci&oacute;n en emergencias nacionales, cobertura medica en eventos deportivos.<br><div align=''center''><font size=''4''><br></font></div> <br><div align=''center''><font size=''4''><br></font></div>', NULL, 3, 1),
(23, 'Quienes Somos', 6, '<div align=''center'' style=''font-size: 10pt; ''><div align=''justify''>El &aacute;rea de Medicina de Unidad de Salud, esta comprometida en velar por la salud del estudiante de la Universidad de San Carlos, enfoc&aacute;ndose en actividades de promoci&oacute;n de la salud y prevenci&oacute;n de la enfermedad.<br></div><br><br><font size=''4''>Dr. Efra&iacute;n Medina, Coordinador</font></div><div align=''center'' style=''font-size: 10pt; ''><font size=''4''>Licda. Gretel Samayoa, Alianzas Estrat&eacute;gicas</font></div><div align=''center''><font size=''4''>Licda. Loida Ram&iacute;rez, Material Educativo</font></div><div align=''center''><font size=''4''>Licda. Karla de Jim&eacute;nez, Estrategia de Comunicaci&oacute;n</font></div><div align=''center''><font size=''4''>Lic. Mario Rojo, Voluntariado</font></div><div align=''center'' style=''font-size: 10pt; ''><font size=''4''><br></font></div><br>', NULL, 3, 1),
(24, 'Docencia', 6, '1', NULL, 0, 1),
(25, 'Investigaci&oacute;n', 6, 'Proximamente ...', NULL, 1, 1),
(26, 'Extensi&oacute;n', 6, '<div align=''center''><font size=''5''><br><font color=''#000099''><b>L&iacute;neas Estrat&eacute;gicas</b></font><br></font></div><div align=''center''><font size=''4''><br>Informaci&oacute;n y sensibilizaci&oacute;n<br>Voluntariado<br>Alianzas estrat&eacute;gicas</font></div>', NULL, 1, 0),
(27, 'Quienes Somos', 7, '<div style=''text-align: justify;''><font size=''4''><br></font></div><div style=''text-align: justify;''><font size=''4''><br></font></div><div style=''text-align: justify;''><font size=''4''>El departamento de Nutrici&oacute;n es dependiente del &Aacute;rea M&eacute;dica de la Unidad de Salud, conjuntajuntamente trabaja  con la medicina preventiva, cl&iacute;nica y t&eacute;cnica deportiva. No existe  Nutricionista contratada, &uacute;nicamente se cuenta con una estudiante de EPS de la Escuela de Nutrici&oacute;n en horario convenido de 8:00 a 16:00 horas, de lunes a viernes.</font></div><div style=''text-align: justify;''><br></div>', NULL, 2, 1),
(28, 'Docencia', 7, '<ol><li><font size=''4''>Talleres de Nutrici&oacute;n de Evaluaci&oacute;n del Estado Nutricional  a estudiantes, deportistas y personal que asistan a la Unidad de Salud.</font></li><li><font size=''4''>Actualizaci&oacute;n de la cartelera de Nutrici&oacute;n, atravez del area de docencia presentando  temas relacionados con alimentaci&oacute;n, nutrici&oacute;n y estilos de vida saludable.</font></li><li><font size=''4''><font face=''Arial, Verdana''>Apoyo&nbsp;multidisciplinario&nbsp;al area de medicina preventiva.</font></font></li><li><font size=''4''><font face=''Arial, Verdana''>Elaboraci&oacute;n de&nbsp;Investigaciones&nbsp;sobre determinados temas relacionados con salud-nutrici&oacute;n&nbsp;</font></font></li></ol><font face=''Arial, Verdana''>&nbsp;</font>', NULL, 2, 1),
(29, 'Investigaci&oacute;n', 7, 'Proximamente...', NULL, 1, 1),
(30, 'Extensi&oacute;n', 7, '<div style=''font-family: Arial, Verdana; font-style: normal; font-variant: normal; font-weight: normal; line-height: normal; font-size: 10pt; ''><font size=''4''><br></font></div><font size=''4'' style=''font-family: Arial, Verdana; font-style: normal; font-variant: normal; font-weight: normal; line-height: normal; ''><div style=''text-align: justify; ''>&#8226; Participaci&oacute;n en  las Ferias de Salud que organiza la  Instituci&oacute;n, para as&iacute; brindar consejer&iacute;a nutricional promoviendo la cl&iacute;nica de nutrici&oacute;n a pacientes con bajo peso, sobrepeso, obesidad y otras&nbsp;patolog&iacute;as.</div></font><div><div style=''text-align: justify;''><font face=''Arial, Verdana'' size=''4''><br></font></div><font size=''4'' style=''font-family: Arial, Verdana; font-style: normal; font-variant: normal; font-weight: normal; line-height: normal; ''><div style=''text-align: justify; ''>&#8226; Coordinar con deportes una peque&ntilde;a participaci&oacute;n dentro de la elaboraci&oacute;n del taller de primera consulta de nutrici&oacute;n.</div><div style=''font-size: 10pt; text-align: justify; ''><span style=''font-size: 10pt; ''>&nbsp;</span></div></font></div>', NULL, 2, 1),
(31, 'Quienes Somos', 8, '<br><br><div align=''justify''><font size=''4''>Somos un equipo especializado en la materia de la cultura fisica y el deporte, capacitados para estructurar, elaborar y trabajar distintos programas de actividad y ejercicio fisico as&iacute; tambi&eacute;n como deportivos.  Enfocados en una sola menta <br><br>VEN A LA UNIDAD DE SALUD<br><br><font size=''3''><b>''MEJORAR LA SALUD Y ELIMINAR EL SEDENTARISMO EN EL ESTUDIANTE UNIVERSITARIO''<br></b></font><b><br></b></font><div align=''center''><font size=''4''><b>David Vel&aacute;squez</b><br>T&eacute;cnico Deportivo<br>&Aacute;rea M&eacute;dica<br>USAC - BEU</font></div><br></div>', NULL, 3, 1),
(32, 'Docencia', 8, 'proximamente ...<br>', NULL, 1, 1),
(33, 'Investigaci&oacute;n', 8, 'proximamente ...&nbsp;', NULL, 1, 0),
(34, 'Extensi&oacute;n', 8, 'proximamente', NULL, 1, 1),
(35, 'Quienes Somos', 9, '<font size=''4''>Asiste a Consulta externa, si siente un malestar para que seas atendido dentro de la unidad de salud.</font><div><font size=''4''><br></font><div>La cual funciona de lunes a viernes en horario de 7:30 a 19:00 horas y d&iacute;as s&aacute;bados de 8:00 a 13:00 horas.<font size=''4''><br></font><div style=''font-size: 10pt; ''>&nbsp;</div></div></div>', NULL, 1, 1),
(36, 'Docencia', 9, '1&nbsp;', NULL, 0, 1),
(37, 'Investigaci&oacute;n', 9, '1&nbsp;', NULL, 1, 0),
(38, 'Extensi&oacute;n', 9, '1', NULL, 1, 1),
(39, 'Organigrama', 1, '', 2, 0, 1),
(40, 'Antecedentes', 6, '<div align=''center''><font size=''4''><font size=''5''>ANTECEDENTES:<br></font><br></font><div align=''justify''><ul><li><font size=''4''>    2004 Se cre&oacute; el Programa para la Prevenci&oacute;n de ITS, VIH y SIDA &#8211;PPIVS&#8211; en alianza la Universidad de San Carlos de Guatemala con M&eacute;dicos del Mundo.</font></li><li><font size=''4''>    2006 Se asign&oacute; un espacio f&iacute;sico al Programa dentro de la Unidad de Salud.</font></li><li><font size=''4''>    2010 Se asume la administraci&oacute;n del Programa desde la Unidad de Salud.</font></li><li><font size=''4''>    2011 Se incluyen nuevas tem&aacute;ticas en el Programa.</font></li></ul></div></div>', 23, 2, 1),
(41, 'Programa Docente Integrado', 1, '<div align=''justify''><font size=''4''>El Programa Docente Integrado fue creado y estructurado por los profesores de la Unidad de Salud para ser desarrollado con los estudiantes practicantes durante el tiempo que los asignen las unidades acad&eacute;micas a esta Unidad. <br><br><b>DESCRIPCI&Oacute;N: <br></b>El PDI engloba conocimientos te&oacute;ricos-pr&aacute;cticos sobre prevenci&oacute;n en salud que los estudiantes practicantes de la Unidad de Salud, han de adquirir como parte de su formaci&oacute;n cient&iacute;fica. <br><br>Dentro de este proceso de ense&ntilde;anza-aprendizaje el estudiante conocer&aacute; aspectos generales de promoci&oacute;n de la salud y prevenci&oacute;n de la enfermedad, adquirir&aacute; habilidades diagn&oacute;sticas de detecci&oacute;n temprana, con una visi&oacute;n multidisciplinaria del ser humano. Se refrescar&aacute;n aspectos b&aacute;sicos sobre investigaci&oacute;n relacionados a circunstancias de salud-enfermedad de nuestra poblaci&oacute;n. <br>Las actividades se desarrollan una vez por semana en horario de 8:15 a 9:00 horas. <br><br><b>FINALIDAD: <br></b>Su finalidad, adem&aacute;s de la docencia espec&iacute;fica requerida seg&uacute;n los programas elaborados conjuntamente con las unidades acad&eacute;micas, impartida por cada una de las &aacute;reas, el estudiante adquiera conocimientos de disciplinas afines. <br>Al mismo tiempo que lograr&aacute; que las diferentes &aacute;reas trabajen en conjunto y se realicen actividades de prevenci&oacute;n y atenci&oacute;n en salud en forma integral. <br><br><b>OBJETIVOS: <br></b>1) Fomentar en el estudiante practicante una visi&oacute;n integral y multidisciplinaria de la salud del ser humano. <br>2) Generar en el estudiante actitudes y acciones permanentes de promoci&oacute;n y prevenci&oacute;n en salud.<br>3) Propiciar una mejora continua en la calidad de vida del estudiante universitario y su entorno.</font></div>', 6, 4, 1),
(42, 'Investigaciones de multidisciplinarias de la UDS', 1, '<br>', 6, 0, 1),
(44, 'Examen de Salud', 1, '<font style=''font-size: 10pt;'' size=''4''><b><br><br>PASOS PARA GENERAR BOLETA DE PAGO DE EXAMEN DE SALUD:<br></b></font><br><ul><li style=''font-size: 10pt;''><font size=''4''>Ingresa a la PAGINA <a href=''http://estudiante.usac.edu.gt/pagousac/faces/menu/sgi_inicio.jsp''>GESTOR DE PAGOS</a></font></li><li style=''font-size: 10pt;''><font size=''4''>Ingresa tu USUARIO (No. de Carn&eacute;) Y PASSWORD (No sabes tu pin recup&eacute;ralo En <a href=''http://www.registro.usac.edu.gt/''>click aqu&iacute;</a>,&nbsp;reingreso, anotar no.carn&eacute; y fecha de nacimiento.</font></li><li style=''font-size: 10pt;''><font size=''4''>Siguiente</font></li><li style=''font-size: 10pt;''><font size=''4''>Selecciona examen de salud 2012</font></li><li style=''font-size: 10pt;''><font size=''4''>Agregar pago</font></li><li style=''font-size: 10pt;''><font size=''4''>Generar orden de pago</font></li><li style=''font-size: 10pt;''><font size=''4''>Cancelar en G&amp;T o Banrural</font></li><li style=''font-size: 10pt;''><span style=''font-size: large;''>Ven a la Unidad de Salud a solitcitar tu cita</span></li></ul><p style=''font-size: 10pt;'' align=''justify''><font size=''4''><br></font></p><p style=''font-size: 10pt;'' align=''justify''><font size=''4''>NOTA: Se le extender&aacute; una tarjeta que debe presentarla para su reinscripci&oacute;n y cada vez que solicite consulta m&eacute;dica, psicol&oacute;gica y odontol&oacute;gica. <br></font></p><p style=''font-size: 10pt;'' align=''justify''><font size=''4''>Por favor informa a tus compa&ntilde;eros de primer a&ntilde;o sobre el examen de salud para evitar contratiempos en la reinscripci&oacute;n<br></font></p><p style=''font-size: 10pt;''><br></p>', NULL, 4, 1),
(45, 'Trifoliar Informativo', 1, '', 1, 0, 1),
(46, 'Clases de aerobicos', 8, '<div style=''text-align: center;''><span style=''font-size: large; ''>VEN A LA UNIDAD DE SALUD A RECIBIR TUS CLASES</span></div><div style=''font-size: 10pt; ''><br></div>', 31, 1, 1),
(47, 'Jornada libre de tabaco', 5, '<div align=''justify''><font size=''4''>El dia mundial sin fumar fue instituido por la OMS, con el proposito de llamar la atenci&oacute;n de los efectos nocivos a la salud. A nivel mundial se celebra el dia 31 de mayo.<br>La Unidad de Salud, a trav&eacute;s del &aacute;rea de medicina, desde 1,997 viene organizando una jornada deportiva y cultural la &uacute;ltima semana de mayo, periodo en el cual&nbsp; aproximadamente 2,000 j&oacute;venes participan en campeonatos de papi y mami f&uacute;tbol, basketbol, tenis de mesa, ajedrez, marathon acuatica, carrera y caminata, obras de teatro, concurso de afiche y el taller de cesacion de tabaquismo, otorgando a los estudiantes que han dejado de fumar el equivalente en dinero al a&ntilde;o en curso.<br>Actualmente participan ademas de la USAC,&nbsp; estudiantes de la Universidad Rafael Landivar, Facultad de Medicina de la Universidad Francisco Marroquin, Universidad Mariano Galvez y Universidad del Valle de Guatemala.<br></font> </div>', 22, 3, 1);

-- --------------------------------------------------------

--
-- Estructura de tabla para la tabla `menu_categoria`
--

CREATE TABLE IF NOT EXISTS `menu_categoria` (
  `idmenu_categoria` int(11) NOT NULL AUTO_INCREMENT,
  `nombre` varchar(80) NOT NULL,
  `instruccion` text,
  `idarea_examen` int(11) NOT NULL DEFAULT '1',
  PRIMARY KEY (`idmenu_categoria`),
  KEY `FKmenu_categ91506` (`idarea_examen`)
) ENGINE=InnoDB  DEFAULT CHARSET=utf8 AUTO_INCREMENT=37 ;

--
-- Volcado de datos para la tabla `menu_categoria`
--

INSERT INTO `menu_categoria` (`idmenu_categoria`, `nombre`, `instruccion`, `idarea_examen`) VALUES
(1, 'AMBIENTE FAMILIAR', '<br>', 2),
(17, 'TRABAJO', ' ', 2),
(18, 'ALERGIAS', '<font size=''4''><b>INSTRUCCIONES</b></font><br><br>La informaci&oacute;n de este documento es <font color=''#ff0000''><b>CONFIDENCIAL Y DE USO INTERNO.</b></font><br>Cualquier duda puedes consultarla al personal de Unidad de Salud.<br><br>RESPONDE LAS SIGUIENTES PREGUNTAS  DE ACUERDO A TU ESTADO DE SALUD Y H&Aacute;BITOS DE VIDA, <font color=''#ff0000''><u><b>LOS &Uacute;LTIMOS 3 MESES</b></u></font>,  selecciona con el mouse la opci&oacute;n que m&aacute;s se identifique contigo. <br>', 1),
(19, 'HOSPITALIZACION', '<font size=''4''><b>INSTRUCCIONES</b></font><br><br>La informaci&oacute;n de este documento es <font color=''#ff0000''><b>CONFIDENCIAL Y DE USO INTERNO.</b></font><br>Cualquier duda puedes consultarla al personal de Unidad de Salud.<br><br>RESPONDE LAS SIGUIENTES PREGUNTAS  DE ACUERDO A TU ESTADO DE SALUD Y H&Aacute;BITOS DE VIDA, LOS <font color=''#ff0000''><u><b>&Uacute;LTIMOS 3 MESES</b></u></font>,  selecciona con el mouse la opci&oacute;n que m&aacute;s se identifique contigo. <br>', 1),
(20, 'ANTECEDENTES', '<font size=''4''><b>INSTRUCCIONES</b></font><br><br>La informaci&oacute;n de este documento es <font color=''#ff0000''><b>CONFIDENCIAL Y DE USO INTERNO</b></font>.<br>Cualquier duda puedes consultarla al personal de Unidad de Salud.<br><br>RESPONDE LAS SIGUIENTES PREGUNTAS  DE ACUERDO A TU ESTADO DE SALUD Y H&Aacute;BITOS DE VIDA,<font color=''#ff0000''> <u><b>LOS &Uacute;LTIMOS 3 MESES</b></u></font>,  selecciona con el mouse la opci&oacute;n que m&aacute;s se identifique contigo. <br>', 1),
(22, 'MEDICAMENTOS', ' ', 2),
(24, 'NUTRICION', '<font size=''4''><b>INSTRUCCIONES</b></font><br><br>La informaci&oacute;n de este documento es <b><font color=''#ff0000''>CONFIDENCIAL Y DE USO INTERNO.</font></b><br>Cualquier duda puedes consultarla al personal de Unidad de Salud.<br><br>RESPONDE LAS SIGUIENTES PREGUNTAS  DE ACUERDO A TU ESTADO DE SALUD Y H&Aacute;BITOS DE VIDA, <font color=''#ff0000''><u><b>LOS &Uacute;LTIMOS 3 MESES</b></u></font>,  selecciona con el mouse la opci&oacute;n que m&aacute;s se identifique contigo. <br>', 1),
(25, 'HABITOS DE VIDA', '<font size=''4''><b>INSTRUCCIONES</b></font><br><br>La informaci&oacute;n de este documento es <font color=''#ff0000''><b>CONFIDENCIAL Y DE USO INTERNO</b></font>.<br>Cualquier duda puedes consultarla al personal de Unidad de Salud.<br><br>RESPONDE LAS SIGUIENTES PREGUNTAS  DE ACUERDO A TU ESTADO DE SALUD Y H&Aacute;BITOS DE VIDA,<font color=''#ff0000''><u><b> LOS &Uacute;LTIMOS 3 MESES</b></u></font>,  selecciona con el mouse la opci&oacute;n que m&aacute;s se identifique contigo. <br>', 1),
(26, 'SITUACIONES DE PELIGRO', '', 2),
(27, 'CABEZA', '<font size=''4''><b>INSTRUCCIONES</b></font><br><br>La informaci&oacute;n de este documento es <b><font color=''#ff0000''>CONFIDENCIAL Y DE USO INTERNO</font></b>.<br>Cualquier duda puedes consultarla al personal de Unidad de Salud.<br><br>RESPONDE LAS SIGUIENTES PREGUNTAS  DE ACUERDO A TU ESTADO DE SALUD Y H&Aacute;BITOS DE VIDA, <font color=''#ff0000''><u><b>LOS &Uacute;LTIMOS 3 MESES</b></u></font>,  selecciona con el mouse la opci&oacute;n que m&aacute;s se identifique contigo. <br>', 1),
(28, 'GENITOURINARIO', '<font size=''4''><b>INSTRUCCIONES</b></font><br><br>La informaci&oacute;n de este documento es <font color=''#ff0000''><b>CONFIDENCIAL Y DE USO INTERNO</b></font>.<br>Cualquier duda puedes consultarla al personal de Unidad de Salud.<br><br>RESPONDE LAS SIGUIENTES PREGUNTAS  DE ACUERDO A TU ESTADO DE SALUD Y H&Aacute;BITOS DE VIDA,<font color=''#ff0000''><b> LOS &Uacute;LTIMOS 3 MESES</b></font>,  selecciona con el mouse la opci&oacute;n que m&aacute;s se identifique contigo. <br>', 1),
(29, 'GASTROINTESTINAL', '<font size=''4''><b>INSTRUCCIONES</b></font><br><br>La informaci&oacute;n de este documento es <b><font color=''#ff0000''>CONFIDENCIAL  Y DE USO INTERNO</font>.</b><br>Cualquier duda puedes consultarla al personal de Unidad de Salud.<br><br><font color=''#000000''>RESPONDE LAS SIGUIENTES PREGUNTAS&nbsp; DE ACUERDO A TU ESTADO DE SALUD Y H&Aacute;BITOS DE VIDA,<font color=''#ff0000''> </font><font color=''#ff0000''><u><b> LOS &Uacute;LTIMOS 3 MESES</b></u></font></font><u><font color=''#000000''>,</font></u>&nbsp; selecciona con el mouse la opci&oacute;n que m&aacute;s se identifique contigo.  <br>', 1),
(30, 'MUSCULOS Y HUESOS', '<font size=''4''><b>INSTRUCCIONES</b></font><br><br>La informaci&oacute;n de este documento es<b><font color=''#ff0000''> CONFIDENCIAL Y DE USO INTERNO</font></b>.<br>Cualquier duda puedes consultarla al personal de Unidad de Salud.<br><br>RESPONDE LAS SIGUIENTES PREGUNTAS  DE ACUERDO A TU ESTADO DE SALUD Y H&Aacute;BITOS DE VIDA, <font color=''#ff0000''><b>LOS &Uacute;LTIMOS 3 MESES</b></font>,  selecciona con el mouse la opci&oacute;n que m&aacute;s se identifique contigo. <br>', 1),
(31, 'SENTIMIENTOS', ' ', 2),
(32, 'OCIO', '<br>', 2),
(33, 'BOCA', '', 3),
(34, 'SALUD ORAL', '', 3),
(35, 'SALUD MENTAL', '', 2),
(36, 'H&Aacute;BITOS HIGI&Eacute;NICOS', '', 4);

-- --------------------------------------------------------

--
-- Estructura de tabla para la tabla `multimedia`
--

CREATE TABLE IF NOT EXISTS `multimedia` (
  `idmultimedia` int(11) NOT NULL AUTO_INCREMENT,
  `direccion` varchar(255) NOT NULL,
  `direccion_relativa` varchar(255) NOT NULL,
  `tamanio` longtext NOT NULL,
  `usuarioidusuario` int(10) NOT NULL,
  `createtime` timestamp NOT NULL DEFAULT CURRENT_TIMESTAMP,
  `tipo` int(11) NOT NULL DEFAULT '1' COMMENT '1-> imagen 2-> pdf',
  PRIMARY KEY (`idmultimedia`),
  KEY `FKmultimedia696932` (`usuarioidusuario`)
) ENGINE=InnoDB  DEFAULT CHARSET=utf8 AUTO_INCREMENT=192 ;

--
-- Volcado de datos para la tabla `multimedia`
--

INSERT INTO `multimedia` (`idmultimedia`, `direccion`, `direccion_relativa`, `tamanio`, `usuarioidusuario`, `createtime`, `tipo`) VALUES
(14, '/usr/share/apache-tomcat-7.0.27/webapps/websalud/images/upload/imagen/8dsc02695.jpg', 'images/upload/imagen/8dsc02695.jpg', '27599', 1, '2012-04-26 21:26:36', 1),
(15, '/usr/share/apache-tomcat-7.0.27/webapps/websalud/images/upload/imagen/9dsc02696.jpg', 'images/upload/imagen/9dsc02696.jpg', '28349', 1, '2012-04-26 21:26:46', 1),
(16, '/usr/share/apache-tomcat-7.0.27/webapps/websalud/images/upload/imagen/10dsc02702.jpg', 'images/upload/imagen/10dsc02702.jpg', '28587', 1, '2012-04-26 21:26:55', 1),
(17, '/usr/share/apache-tomcat-7.0.27/webapps/websalud/images/upload/imagen/11dscn3713.jpg', 'images/upload/imagen/11dscn3713.jpg', '24704', 1, '2012-04-26 21:27:17', 1),
(18, '/usr/share/apache-tomcat-7.0.27/webapps/websalud/images/upload/imagen/12dscn1298.jpg', 'images/upload/imagen/12dscn1298.jpg', '27174', 1, '2012-04-26 21:27:26', 1),
(19, '/usr/share/apache-tomcat-7.0.27/webapps/websalud/images/upload/imagen/13dsc02712.jpg', 'images/upload/imagen/13dsc02712.jpg', '29148', 1, '2012-04-26 21:27:33', 1),
(20, '/usr/share/apache-tomcat-7.0.27/webapps/websalud/images/upload/imagen/14dsc02710.jpg', 'images/upload/imagen/14dsc02710.jpg', '28695', 1, '2012-04-26 21:27:45', 1),
(21, '/usr/share/apache-tomcat-7.0.27/webapps/websalud/images/upload/imagen/15dsc02708.jpg', 'images/upload/imagen/15dsc02708.jpg', '29030', 1, '2012-04-26 21:27:56', 1),
(22, '/usr/share/apache-tomcat-7.0.27/webapps/websalud/images/upload/imagen/16dsc02700.jpg', 'images/upload/imagen/16dsc02700.jpg', '27619', 1, '2012-04-26 21:35:15', 1),
(23, '/usr/share/apache-tomcat-7.0.27/webapps/websalud/images/upload/imagen/17dsc02702.jpg', 'images/upload/imagen/17dsc02702.jpg', '28587', 1, '2012-04-26 21:35:22', 1),
(24, '/usr/share/apache-tomcat-7.0.27/webapps/websalud/images/upload/imagen/18dsc02703.jpg', 'images/upload/imagen/18dsc02703.jpg', '29265', 1, '2012-04-26 21:35:30', 1),
(25, '/usr/share/apache-tomcat-7.0.27/webapps/websalud/images/upload/imagen/19dsc02704.jpg', 'images/upload/imagen/19dsc02704.jpg', '29381', 1, '2012-04-26 21:35:37', 1),
(40, '/usr/share/apache-tomcat-7.0.27/webapps/websalud/images/upload/imagen/34dsc02691.jpg', 'images/upload/imagen/34dsc02691.jpg', '137415', 1, '2012-04-26 21:54:50', 1),
(41, '/usr/share/apache-tomcat-7.0.27/webapps/websalud/images/upload/imagen/35dsc02695.jpg', 'images/upload/imagen/35dsc02695.jpg', '141470', 1, '2012-04-26 21:55:06', 1),
(42, '/usr/share/apache-tomcat-7.0.27/webapps/websalud/images/upload/imagen/36dsc02706.jpg', 'images/upload/imagen/36dsc02706.jpg', '143809', 1, '2012-04-26 21:55:15', 1),
(43, '/usr/share/apache-tomcat-7.0.27/webapps/websalud/images/upload/imagen/37dscn1836.jpg', 'images/upload/imagen/37dscn1836.jpg', '30617', 1, '2012-04-26 21:56:13', 1),
(44, '/usr/share/apache-tomcat-7.0.27/webapps/websalud/images/upload/imagen/38dscn1836.jpg', 'images/upload/imagen/38dscn1836.jpg', '30617', 1, '2012-04-26 21:56:38', 1),
(45, '/usr/share/apache-tomcat-7.0.27/webapps/websalud/images/upload/imagen/39dscn2452.jpg', 'images/upload/imagen/39dscn2452.jpg', '30042', 1, '2012-04-26 21:56:48', 1),
(46, '/usr/share/apache-tomcat-7.0.27/webapps/websalud/images/upload/imagen/40dscn3713.jpg', 'images/upload/imagen/40dscn3713.jpg', '24704', 1, '2012-04-26 21:56:56', 1),
(47, '/usr/share/apache-tomcat-7.0.27/webapps/websalud/images/upload/imagen/41dsc02696.jpg', 'images/upload/imagen/41dsc02696.jpg', '28349', 1, '2012-04-26 21:57:31', 1),
(48, '/usr/share/apache-tomcat-7.0.27/webapps/websalud/images/upload/imagen/42organigrama.png', 'images/upload/imagen/42organigrama.png', '98765', 1, '2012-04-26 22:56:17', 1),
(49, '/usr/share/apache-tomcat-7.0.27/webapps/websalud/images/upload/pdf/4328tabaquismo.pdf', 'images/upload/pdf/4328tabaquismo.pdf', '45557', 1, '2012-04-27 02:04:48', 2),
(50, '/usr/share/apache-tomcat-7.0.27/webapps/websalud/images/upload/pdf/4429prueba_harvard.pdf', 'images/upload/pdf/4429prueba_harvard.pdf', '276609', 1, '2012-04-27 02:05:50', 2),
(51, '/usr/share/apache-tomcat-7.0.27/webapps/websalud/images/upload/pdf/4530gradadeharvard2006.pdf', 'images/upload/pdf/4530gradadeharvard2006.pdf', '85001', 1, '2012-04-27 02:07:04', 2),
(52, '/usr/share/apache-tomcat-7.0.27/webapps/websalud/images/upload/pdf/4631acuerdo_tabaquismo.pdf', 'images/upload/pdf/4631acuerdo_tabaquismo.pdf', '36188', 1, '2012-04-27 02:07:59', 2),
(53, '/usr/share/apache-tomcat-7.0.27/webapps/websalud/images/upload/pdf/4732calidad_vida.pdf', 'images/upload/pdf/4732calidad_vida.pdf', '194262', 1, '2012-04-27 02:09:16', 2),
(54, '/usr/share/apache-tomcat-7.0.27/webapps/websalud/images/upload/pdf/4833acuerdo_de_rectoria.pdf', 'images/upload/pdf/4833acuerdo_de_rectoria.pdf', '589846', 1, '2012-04-27 02:10:12', 2),
(55, '/usr/share/apache-tomcat-7.0.27/webapps/websalud/images/upload/imagen/49docencia.png', 'images/upload/imagen/49docencia.png', '477054', 1, '2012-04-27 03:07:52', 1),
(56, '/usr/share/apache-tomcat-7.0.27/webapps/websalud/images/upload/pdf/50afichemayo2012.pdf', 'images/upload/pdf/50afichemayo2012.pdf', '207459', 1, '2012-04-27 04:59:24', 2),
(57, '/usr/share/apache-tomcat-7.0.27/webapps/websalud/images/upload/imagen/51jefes_uds.jpg', 'images/upload/imagen/51jefes_uds.jpg', '50590', 1, '2012-04-27 05:12:43', 1),
(58, '/usr/share/apache-tomcat-7.0.27/webapps/websalud/images/upload/pdf/5224glicemia.pdf', 'images/upload/pdf/5224glicemia.pdf', '112713', 1, '2012-04-27 05:26:45', 2),
(59, '/usr/share/apache-tomcat-7.0.27/webapps/websalud/images/upload/pdf/5325calidad2.pdf', 'images/upload/pdf/5325calidad2.pdf', '413556', 1, '2012-04-27 05:27:39', 2),
(60, '/usr/share/apache-tomcat-7.0.27/webapps/websalud/images/upload/pdf/5426autoevaluacion.pdf', 'images/upload/pdf/5426autoevaluacion.pdf', '538956', 1, '2012-04-27 05:28:55', 2),
(61, '/usr/share/apache-tomcat-7.0.27/webapps/websalud/images/upload/pdf/5527ayuno_14horas.pdf', 'images/upload/pdf/5527ayuno_14horas.pdf', '87090', 1, '2012-04-27 05:29:44', 2),
(62, '/usr/share/apache-tomcat-7.0.27/webapps/websalud/images/upload/pdf/4035p1.pdf', 'images/upload/pdf/4035p1.pdf', '45247', 1, '2012-04-27 06:39:45', 2),
(63, '/usr/share/apache-tomcat-7.0.27/webapps/websalud/images/upload/pdf/4137p2.pdf', 'images/upload/pdf/4137p2.pdf', '45010', 1, '2012-04-27 06:40:35', 2),
(64, '/usr/share/apache-tomcat-7.0.27/webapps/websalud/images/upload/pdf/4238p3.pdf', 'images/upload/pdf/4238p3.pdf', '45104', 1, '2012-04-27 06:41:10', 2),
(65, '/usr/share/apache-tomcat-7.0.27/webapps/websalud/images/upload/pdf/4339p4.pdf', 'images/upload/pdf/4339p4.pdf', '45121', 1, '2012-04-27 06:41:50', 2),
(66, '/usr/share/apache-tomcat-7.0.27/webapps/websalud/images/upload/pdf/4440p5.pdf', 'images/upload/pdf/4440p5.pdf', '45294', 1, '2012-04-27 06:42:27', 2),
(67, '/usr/share/apache-tomcat-7.0.27/webapps/websalud/images/upload/pdf/4541p6.pdf', 'images/upload/pdf/4541p6.pdf', '45502', 1, '2012-04-27 06:43:22', 2),
(68, '/usr/share/apache-tomcat-7.0.27/webapps/websalud/images/upload/pdf/4645p8.pdf', 'images/upload/pdf/4645p8.pdf', '45007', 1, '2012-04-27 06:48:19', 2),
(69, '/usr/share/apache-tomcat-7.0.27/webapps/websalud/images/upload/pdf/4744p9.pdf', 'images/upload/pdf/4744p9.pdf', '44946', 1, '2012-04-27 06:49:08', 2),
(70, '/usr/share/apache-tomcat-7.0.27/webapps/websalud/images/upload/pdf/4846p7.pdf', 'images/upload/pdf/4846p7.pdf', '45058', 1, '2012-04-27 06:49:54', 2),
(71, '/usr/share/apache-tomcat-7.0.27/webapps/websalud/images/upload/imagen/49dsc02710.jpg', 'images/upload/imagen/49dsc02710.jpg', '28695', 2, '2012-04-27 12:40:08', 1),
(72, '/usr/share/apache-tomcat-7.0.27/webapps/websalud/images/upload/imagen/50dscn0131.jpg', 'images/upload/imagen/50dscn0131.jpg', '71511', 3, '2012-04-27 14:45:27', 1),
(73, '/usr/share/apache-tomcat-7.0.27/webapps/websalud/images/upload/imagen/51dscn0141.jpg', 'images/upload/imagen/51dscn0141.jpg', '76978', 3, '2012-04-27 14:46:33', 1),
(74, '/usr/share/apache-tomcat-7.0.27/webapps/websalud/images/upload/imagen/52dscn1149.jpg', 'images/upload/imagen/52dscn1149.jpg', '29346', 3, '2012-04-27 14:46:43', 1),
(75, '/usr/share/apache-tomcat-7.0.27/webapps/websalud/images/upload/imagen/53dscn1191.jpg', 'images/upload/imagen/53dscn1191.jpg', '27806', 3, '2012-04-27 14:46:57', 1),
(76, '/usr/share/apache-tomcat-7.0.27/webapps/websalud/images/upload/imagen/54dscn1207.jpg', 'images/upload/imagen/54dscn1207.jpg', '28458', 3, '2012-04-27 14:47:04', 1),
(77, '/usr/share/apache-tomcat-7.0.27/webapps/websalud/images/upload/imagen/55dscn1265.jpg', 'images/upload/imagen/55dscn1265.jpg', '27514', 3, '2012-04-27 14:47:13', 1),
(78, '/usr/share/apache-tomcat-7.0.27/webapps/websalud/images/upload/imagen/56dscn2382.jpg', 'images/upload/imagen/56dscn2382.jpg', '22111', 3, '2012-04-27 14:47:21', 1),
(79, '/usr/share/apache-tomcat-7.0.27/webapps/websalud/images/upload/imagen/57dscn3669.jpg', 'images/upload/imagen/57dscn3669.jpg', '20966', 3, '2012-04-27 14:47:34', 1),
(81, '/usr/share/apache-tomcat-7.0.27/webapps/websalud/images/upload/imagen/59dscn1921-copy.jpg', 'images/upload/imagen/59dscn1921-copy.jpg', '152427', 3, '2012-04-27 15:07:50', 1),
(91, '/usr/share/apache-tomcat-7.0.27/webapps/websalud/images/upload/pdf/54mypdf.pdf', 'images/upload/pdf/54mypdf.pdf', '960305', 1, '2012-04-30 15:39:59', 2),
(92, '/usr/share/apache-tomcat-7.0.27/webapps/websalud/images/upload/pdf/55mypdf.pdf', 'images/upload/pdf/55mypdf.pdf', '92711', 4, '2012-05-02 15:24:56', 2),
(94, '/usr/share/apache-tomcat-7.0.27/webapps/websalud/images/upload/imagen/57myimagen.jpg', 'images/upload/imagen/57myimagen.jpg', '97103', 4, '2012-05-02 15:26:43', 1),
(116, '/usr/share/apache-tomcat-7.0.27/webapps/websalud/images/upload/imagen/66myimagen.jpg', 'images/upload/imagen/66myimagen.jpg', '145127', 1, '2012-05-04 20:19:36', 1),
(127, '/usr/share/apache-tomcat-7.0.27/webapps/websalud/images/upload/imagen/69myimagen.jpg', 'images/upload/imagen/69myimagen.jpg', '24704', 1, '2012-05-07 13:46:42', 1),
(152, '/usr/share/apache-tomcat-7.0.27/webapps/websalud/images/upload/imagen/72usalud1336404478917.jpg', 'images/upload/imagen/72usalud1336404478917.jpg', '33747', 1, '2012-05-07 15:27:58', 1),
(153, '/usr/share/apache-tomcat-7.0.27/webapps/websalud/images/upload/imagen/73usalud1336404486753.jpg', 'images/upload/imagen/73usalud1336404486753.jpg', '27360', 1, '2012-05-07 15:28:06', 1),
(154, '/usr/share/apache-tomcat-7.0.27/webapps/websalud/images/upload/imagen/74usalud1336404495478.jpg', 'images/upload/imagen/74usalud1336404495478.jpg', '32688', 1, '2012-05-07 15:28:15', 1),
(155, '/usr/share/apache-tomcat-7.0.27/webapps/websalud/images/upload/imagen/75usalud1336404503128.jpg', 'images/upload/imagen/75usalud1336404503128.jpg', '34148', 1, '2012-05-07 15:28:23', 1),
(157, '/usr/share/apache-tomcat-7.0.27/webapps/websalud/images/upload/imagen/77usalud1336404597864.jpg', 'images/upload/imagen/77usalud1336404597864.jpg', '186094', 1, '2012-05-07 15:29:57', 1),
(158, '/usr/share/apache-tomcat-7.0.27/webapps/websalud/images/upload/imagen/78usalud1336404612299.jpg', 'images/upload/imagen/78usalud1336404612299.jpg', '175883', 1, '2012-05-07 15:30:12', 1),
(159, '/usr/share/apache-tomcat-7.0.27/webapps/websalud/images/upload/imagen/79usalud1336404694432.jpg', 'images/upload/imagen/79usalud1336404694432.jpg', '139880', 1, '2012-05-07 15:31:34', 1),
(160, '/usr/share/apache-tomcat-7.0.27/webapps/websalud/images/upload/imagen/80usalud1336404710894.jpg', 'images/upload/imagen/80usalud1336404710894.jpg', '147111', 1, '2012-05-07 15:31:50', 1),
(161, '/usr/share/apache-tomcat-7.0.27/webapps/websalud/images/upload/imagen/81usalud1336404723689.jpg', 'images/upload/imagen/81usalud1336404723689.jpg', '135934', 1, '2012-05-07 15:32:03', 1),
(162, '/usr/share/apache-tomcat-7.0.27/webapps/websalud/images/upload/imagen/82usalud1336404736207.jpg', 'images/upload/imagen/82usalud1336404736207.jpg', '133383', 1, '2012-05-07 15:32:16', 1),
(163, '/usr/share/apache-tomcat-7.0.27/webapps/websalud/images/upload/imagen/83usalud1336404753225.jpg', 'images/upload/imagen/83usalud1336404753225.jpg', '141470', 1, '2012-05-07 15:32:33', 1),
(164, '/usr/share/apache-tomcat-7.0.27/webapps/websalud/images/upload/imagen/84usalud1336404784739.jpg', 'images/upload/imagen/84usalud1336404784739.jpg', '142732', 1, '2012-05-07 15:33:04', 1),
(165, '/usr/share/apache-tomcat-7.0.27/webapps/websalud/images/upload/imagen/85usalud1336404864139.jpg', 'images/upload/imagen/85usalud1336404864139.jpg', '30151', 1, '2012-05-07 15:34:24', 1),
(167, '/usr/share/apache-tomcat-7.0.27/webapps/websalud/images/upload/imagen/76usalud1336417820432.jpg', 'images/upload/imagen/76usalud1336417820432.jpg', '138394', 1, '2012-05-07 19:10:20', 1),
(169, '/usr/share/apache-tomcat-7.0.27/webapps/websalud/images/upload/imagen/78usalud1336483882426.jpg', 'images/upload/imagen/78usalud1336483882426.jpg', '13124', 1, '2012-05-08 13:31:22', 1),
(170, '/usr/share/apache-tomcat-7.0.27/webapps/websalud/images/upload/imagen/79usalud1336483891099.jpg', 'images/upload/imagen/79usalud1336483891099.jpg', '16077', 1, '2012-05-08 13:31:31', 1),
(171, '/usr/share/apache-tomcat-7.0.27/webapps/websalud/images/upload/imagen/80usalud1336484150716.jpg', 'images/upload/imagen/80usalud1336484150716.jpg', '29262', 1, '2012-05-08 13:35:50', 1),
(172, '/usr/share/apache-tomcat-7.0.27/webapps/websalud/images/upload/imagen/76usalud1336581445124.jpg', 'images/upload/imagen/76usalud1336581445124.jpg', '82925', 8, '2012-05-09 16:37:25', 1),
(173, '/usr/share/apache-tomcat-7.0.27/webapps/websalud/images/upload/pdf/77usalud1336581592696.pdf', 'images/upload/pdf/77usalud1336581592696.pdf', '82515', 8, '2012-05-09 16:39:52', 2),
(174, '/usr/share/apache-tomcat-7.0.27/webapps/websalud/images/upload/pdf/78usalud1336583122695.pdf', 'images/upload/pdf/78usalud1336583122695.pdf', '2389052', 8, '2012-05-09 17:05:22', 2),
(187, '/usr/share/apache-tomcat-7.0.27/webapps/websalud/images/upload/pdf/91usalud1337883364750.pdf', 'images/upload/pdf/91usalud1337883364750.pdf', '208142', 1, '2012-05-24 18:16:04', 2),
(189, '/usr/share/apache-tomcat-7.0.27/webapps/websalud/images/upload/pdf/93usalud1338604349272.pdf', 'images/upload/pdf/93usalud1338604349272.pdf', '893099', 1, '2012-06-02 02:32:29', 2),
(190, '/usr/share/apache-tomcat-7.0.27/webapps/websalud/images/upload/pdf/94usalud1338911135152.pdf', 'images/upload/pdf/94usalud1338911135152.pdf', '1346771', 1, '2012-06-05 15:45:35', 2),
(191, '/usr/share/apache-tomcat-7.0.27/webapps/websalud/images/upload/pdf/95usalud1338911631204.pdf', 'images/upload/pdf/95usalud1338911631204.pdf', '2135448', 1, '2012-06-05 15:53:51', 2);

-- --------------------------------------------------------

--
-- Estructura de tabla para la tabla `nacionalidad`
--

CREATE TABLE IF NOT EXISTS `nacionalidad` (
  `idnacionalidad` int(10) NOT NULL AUTO_INCREMENT,
  `nombre` varchar(100) NOT NULL,
  `codigo` int(11) NOT NULL,
  PRIMARY KEY (`idnacionalidad`),
  UNIQUE KEY `codigo` (`codigo`)
) ENGINE=InnoDB  DEFAULT CHARSET=utf8 AUTO_INCREMENT=7 ;

--
-- Volcado de datos para la tabla `nacionalidad`
--

INSERT INTO `nacionalidad` (`idnacionalidad`, `nombre`, `codigo`) VALUES
(3, 'guatemalteca', 30),
(4, 'INGLESA', 55),
(5, 'SALVADOREÑA', 28),
(6, 'CANADIENCE', 23);

-- --------------------------------------------------------

--
-- Estructura de tabla para la tabla `noticia`
--

CREATE TABLE IF NOT EXISTS `noticia` (
  `idnoticia` int(11) NOT NULL AUTO_INCREMENT,
  `titulo` varchar(100) NOT NULL,
  `descripcion` text NOT NULL,
  `areaidarea` int(11) NOT NULL,
  `fecha_inicio` datetime NOT NULL,
  `fecha_fin` datetime NOT NULL,
  `prioridad` int(11) NOT NULL DEFAULT '1',
  `multimediaidmultimedia` int(11) DEFAULT NULL,
  `descripcion_corta` varchar(100) DEFAULT NULL,
  `estado` int(10) DEFAULT '1' COMMENT '1-> activo, 0 -> inactivo',
  `createtime` timestamp NOT NULL DEFAULT CURRENT_TIMESTAMP,
  `multimediaidmultimedia_pdf` int(11) DEFAULT NULL,
  PRIMARY KEY (`idnoticia`),
  KEY `FKnoticia378758` (`areaidarea`),
  KEY `FKnoticia914947` (`multimediaidmultimedia`),
  KEY `FKnoticia744912` (`multimediaidmultimedia_pdf`)
) ENGINE=InnoDB  DEFAULT CHARSET=utf8 AUTO_INCREMENT=8 ;

--
-- Volcado de datos para la tabla `noticia`
--

INSERT INTO `noticia` (`idnoticia`, `titulo`, `descripcion`, `areaidarea`, `fecha_inicio`, `fecha_fin`, `prioridad`, `multimediaidmultimedia`, `descripcion_corta`, `estado`, `createtime`, `multimediaidmultimedia_pdf`) VALUES
(1, 'TALLERES DE  CRECIMIENTO Y DESARROLLO PERSONAL', '<div align=''center''><b>DIRECCI&Oacute;N GENERAL DE DOCENCIA<br>BIENESTAR ESTUDIANTIL UNIVERSITARIO<br>  UNIDAD DE SALUD, &Aacute;REA DE PSICOLOG&Iacute;A<br></b><br>TALLERES DE  CRECIMIENTO Y DESARROLLO PERSONAL<br><br>SESIONES DE DOS HORAS CADA UNA<br>DIPLOMA DE PARTICIPACI&Oacute;N. <br>INFORMACI&Oacute;N &Aacute;REA DE PSICOLOG&Iacute;A  TEL.  24439633,   EXT. 1183.     <br><br><br>TE ESPERAMOS!<br></div>', 4, '2012-04-26 00:00:00', '2012-05-31 00:00:00', 1, NULL, 'SESIONES DE DOS HORAS CADA UNA DIPLOMA DE PARTICIPACI&Oacute;N.', 1, '2012-04-27 05:00:05', 56),
(2, 'Bolet&iacute;n No. 2', '<div style=''font-weight: normal; text-align: center; ''><b><u><font color=''#cc9933'' size=''4''>Bolet&iacute;n Informativo Marzo 2012</font></u></b></div><div style=''text-align: center; ''><font color=''#cc9933'' size=''4''><b><u>PPIVS</u></b></font></div>', 6, '2012-04-27 00:00:00', '2012-04-30 00:00:00', 1, NULL, 'Bolet&iacute;n Informativo Marzo 2012', 1, '2012-04-27 15:26:49', 91),
(4, 'CLASES DE AER&Oacute;BICOS', '<div style=''font-family: Arial, Verdana; font-size: 10pt; text-align: center; ''><span style=''font-size: 10pt; ''>CLASES DE AER&Oacute;BICOS EN UNIDAD DE SALUD</span></div><div style=''font-family: Arial, Verdana; font-size: 10pt; text-align: center; ''>3er Nivel, Edificio de Bienestar Estudiantil</div><div style=''font-family: Arial, Verdana; font-size: 10pt; text-align: center; ''><br></div><div style=''font-family: Arial, Verdana; font-size: 10pt; text-align: center; ''>D&iacute;as: lunes, mi&eacute;rcoles y viernes</div><div style=''font-family: Arial, Verdana; font-size: 10pt; text-align: center; ''>Horarios:</div><div style=''font-family: Arial, Verdana; font-size: 10pt; text-align: center; ''>12:10 a 12:50 hrs</div><div style=''font-family: Arial, Verdana; font-size: 10pt; text-align: center; ''>13:00 a 13:45 hrs</div><div style=''font-family: Arial, Verdana; font-size: 10pt; text-align: center; ''>15:00 a 15:50 hrs</div><div style=''font-family: Arial, Verdana; font-size: 10pt; text-align: center; ''>15:50 a 16:30 hrs</div><div style=''font-family: Arial, Verdana; font-size: 10pt; text-align: center; ''><br></div><div style=''font-family: Arial, Verdana; font-size: 10pt; text-align: center; ''>Modalidades: Aer&oacute;bicos coreogr&aacute;fico, tae-bo, step, pesas, colchonetas, baile latino y mucho m&aacute;s!</div><div style=''font-family: Arial, Verdana; font-size: 10pt; text-align: center; ''><br></div><div style=''text-align: center; ''><font face=''Arial, Verdana'' size=''2''>PROGRAMA&nbsp;COMPLETAMENTE&nbsp;GRATUITO DE ENERO A NOVIEMBRE</font></div><div style=''font-family: Arial, Verdana; font-size: 10pt; text-align: center; ''><br></div><div style=''font-family: Arial, Verdana; font-size: 10pt; text-align: center; ''>Te invitamos a nuestra S&uacute;per Clase este 29 de mayo de 15:00 a 17:00 hrs. Ven y ap&uacute;ntate ya!</div>', 8, '2012-05-01 00:00:00', '2012-05-31 00:00:00', 1, NULL, 'Programa completamente gratuito de ENERO a NOVIEMBRE!', 1, '2012-05-07 13:25:24', NULL),
(5, 'Examen de Salud', '<font size=\\''4\\''><b>PASOS PARA GENERAR BOLETA DE PAGO DE EXAMEN DE SALUD 2012:</b></font><br><br><ul><li>Ingresa a la PAGINA <a href=\\''http://estudiante.usac.edu.gt/pagousac/faces/menu/sgi_inicio.jsp\\''>GESTOR DE PAGOS</a></li><li>Ingresa tu USUARIO (No. de Carn&eacute;) Y PASSWORD (No sabes tu pin recup&eacute;ralo En <a href=\\''http://rye.usac.edu.gt/\\''>click aqu&iacute;</a>)</li><li>Siguiente</li><li>Selecciona examen de salud 2012</li><li>Agregar pago</li><li>Generar orden de pago</li><li>PAGAR EN BANRURAL O G&amp;T&nbsp;</li><li>Ven a la Unidad de a pedir tu cita</li></ul><br><br>NOTA: Se te extender&aacute; la tarjeta de salud, la cual debes presentar en tu reinscripci&oacute;n del pr&oacute;ximo a&ntilde;o y cada vez que solicites consulta m&eacute;dica, psicol&oacute;gica u odontol&oacute;gica. <br><br>Por favor informar a tus compa&ntilde;eros de primer a&ntilde;o sobre el examen de salud, para evitar problemas en la reinscripci&oacute;n.<br>', 1, '2012-05-01 00:00:00', '2012-12-31 00:00:00', 3, NULL, 'La tarjeta de salud que debe presentarla para su reinscripci&oacute;n de su segundo a&ntilde;o.', 1, '2012-05-07 13:38:39', NULL),
(6, 'XV Jornada Deportiva y Cultural Contra el Tabaco', '<div style=''font-family: Arial, Verdana; font-style: normal; font-variant: normal; line-height: normal; text-align: center; ''><font size=''4''>Esta actividad esta dirigida a estudiantes docentes y administrativo de los de la USAC, para motivarlos a la lucha contra <b>el nocivo humo de tabaco</b> en nuestras vidas tanto como el que fuma como el que esta cerca de un fumador</font></div><div style=''font-family: Arial, Verdana; font-style: normal; font-variant: normal; line-height: normal; text-align: center; ''><font size=''4''><br></font></div><div style=''text-align: center; ''><font face=''Arial, Verdana'' size=''4''>Inscribirte</font><font size=''4'' style=''font-family: Arial, Verdana; font-style: normal; font-variant: normal; line-height: normal; ''>&nbsp;ya en la Unidad de salud</font></div><div style=''text-align: center; ''><font size=''4''><font face=''Arial, Verdana''>ultima fecha de&nbsp;inscripci&oacute;n&nbsp;el 22 mayo&nbsp;</font></font></div>', 5, '2012-05-09 00:00:00', '2012-05-31 00:00:00', 3, NULL, 'participa dejando de fumar', 1, '2012-05-09 16:59:29', 174),
(7, 'TALLERES DE CRECIMIENTO PERSONAL', 'TALLERES DE DESARROLLO Y CRECIMIENTO PERSONAL<br>PSICOLOGIA AFICHE JUNIO 2012<br>', 1, '2012-05-21 00:00:00', '2012-06-30 00:00:00', 3, NULL, 'TALLERES DE CRECIMIENTO PERSONAL JUNIO', 1, '2012-05-24 18:19:52', 187);

-- --------------------------------------------------------

--
-- Estructura de tabla para la tabla `paciente`
--

CREATE TABLE IF NOT EXISTS `paciente` (
  `idpaciente` int(20) NOT NULL AUTO_INCREMENT,
  `nombre` varchar(100) NOT NULL,
  `apellido` varchar(100) DEFAULT NULL,
  `fecha_nac` datetime NOT NULL,
  `carne` int(11) DEFAULT NULL,
  `direccion` varchar(300) NOT NULL,
  `telefono` varchar(50) NOT NULL,
  `movil` varchar(50) NOT NULL,
  `email` varchar(80) NOT NULL,
  `emer_nombre` varchar(200) DEFAULT NULL,
  `idemer_parentesco` int(11) DEFAULT NULL,
  `emer_telefono` varchar(50) DEFAULT NULL,
  `emer_movil` varchar(50) DEFAULT NULL,
  `tipo_sangreidtipo_sangre` int(11) DEFAULT NULL,
  `estado_civilidestado_civil` int(11) DEFAULT NULL,
  `usuario` varchar(20) DEFAULT NULL,
  `sexo` int(11) NOT NULL DEFAULT '1',
  `titulo_secundaria` varchar(150) DEFAULT NULL,
  `crecio_en` varchar(100) DEFAULT NULL,
  `estado` int(11) NOT NULL DEFAULT '1',
  `iddepartamento` int(11) DEFAULT NULL,
  `idnacionalidad` int(11) DEFAULT NULL,
  `examen_linea` int(11) NOT NULL DEFAULT '0',
  `idunidad_academica` int(11) DEFAULT NULL,
  `fecha_exam` varchar(45) DEFAULT NULL,
  PRIMARY KEY (`idpaciente`),
  UNIQUE KEY `carne` (`carne`),
  KEY `FKpaciente761424` (`idemer_parentesco`),
  KEY `FKpaciente497631` (`tipo_sangreidtipo_sangre`),
  KEY `FKpaciente544904` (`estado_civilidestado_civil`),
  KEY `Index12` (`carne`),
  KEY `Index13` (`usuario`),
  KEY `FKpaciente283056` (`idunidad_academica`)
) ENGINE=InnoDB  DEFAULT CHARSET=utf8 AUTO_INCREMENT=629 ;

--
-- Volcado de datos para la tabla `paciente`
--

INSERT INTO `paciente` (`idpaciente`, `nombre`, `apellido`, `fecha_nac`, `carne`, `direccion`, `telefono`, `movil`, `email`, `emer_nombre`, `idemer_parentesco`, `emer_telefono`, `emer_movil`, `tipo_sangreidtipo_sangre`, `estado_civilidestado_civil`, `usuario`, `sexo`, `titulo_secundaria`, `crecio_en`, `estado`, `iddepartamento`, `idnacionalidad`, `examen_linea`, `idunidad_academica`, `fecha_exam`) VALUES
(206, 'JHONATAN JEHU', 'GIL AGUILAR', '1993-11-12 00:00:00', 201210080, 'MANZANA B LOTE 21 BOSQUES DEL ENSUEÑO, San Juan Sacatepequez', '', '59985900', 'jehu200@hotmail.com', 'magali oralia aguilar gomez', 1, '59985900', '50305642', 9, 1, '201210080', 1, 'bachiller en ciencias y letras', 'ciudad capital de guatemala', 3, 2, 3, 7, 15, '2012-06-20 13:49:43'),
(207, 'AURA LUZ', 'CIFUENTES REYES', '1987-12-01 00:00:00', 200614790, '31 AVENIDA C 14-33 ZONA 7 COLONIA SAN MARTIN, Ciudad de Guatemala', '24328221', '42144987', 'lucita287@gmail.com', NULL, NULL, NULL, NULL, NULL, NULL, '200614790', 2, NULL, NULL, 1, 2, 3, 0, 1, NULL),
(208, 'VANEZA MARLENY', 'CULUM TURQUER', '1990-08-05 00:00:00', 201215610, '21 AV A 3-28 Z 9, Mixco', '', '59192196', 'marleny--culum@hotmail.com', 'felicita turquer', 1, '40097051', '59192196', 9, 1, '201215610', 2, 'PERITO CONTADOR CON ORIENTACION EN COMPUTACION', 'ciudad capital de guatemala', 3, 2, 3, 7, 13, '2012-06-20 14:47:17'),
(209, 'KEVIN ESTUARDO', 'GODINEZ MENDEZ', '1993-07-17 00:00:00', 201211399, 'LOTE 56 MANZANA E SECCION 6 PRADOS DE VILLA HERMOSA, San Miguel Petapa', '52185883', '47426246', 'kevingodinez17@hotmail.com', 'Rosa Elvira Mendez Fallas', 1, '52185883', '52185883', 9, 1, '201211399', 1, 'PERITO CONTADOR CON ORIENTACION EN COMPUTACION', 'Guatemala', 3, 2, 3, 7, 14, '2012-06-20 14:49:54'),
(210, 'YOSELIN MIREYA', 'FUENTES CASTAÑON', '1993-09-28 00:00:00', 201211984, 'LOTE 13 -14 MANZANA D SECTOR 3 PRADOS DE VILLA HERMOSA, San Miguel Petapa', '24647113', '56300122', 'yosi.15@hotmail.com', 'YOLANDA LETICIA CASTAÑON BARRIOS', 1, '24647113', '52085345', 9, 1, '201211984', 2, 'PERITO CONTADOR CON ORIENTACION EN COMPUTACION', 'GUATEMALA', 3, 2, 3, 7, 14, '2012-06-20 14:56:14'),
(211, 'LAURA ADELA', 'ABAC CELIS', '1993-01-10 00:00:00', 201211259, '10 CALLE FINAL LOTE 3 B COLONIA BUENA VISTA ZONA 3 EL GALLITO, Ciudad de Guatemala', '22203867', '47616963', 'laurabaceliz@hotmail.com', 'Laura Marina Celis Yat', 1, '22203867', '46609728', 9, 1, '201211259', 2, 'Maestra de educación primaria', 'ciudad capital de guatemala', 3, 2, 3, 7, 14, '2012-06-20 15:36:09'),
(212, 'KARLA JENNIFFER', 'ABAC CELIS', '1991-05-25 00:00:00', 201211257, '10 CALLE FINAL LOTE 3B COLONIA BUENA VISTA, Ciudad de Guatemala', '22203867', '53194952', 'jenycelis.91@hotmail.com', 'Laura Marina Celis De Abac', 1, '22203867', '53194952', 9, 1, '201211257', 2, 'PERITO EN ADMINISTRACION DE EMPRESAS', 'guatemala', 3, 2, 3, 7, 14, '2012-06-20 15:40:35'),
(213, 'AMANDA BEATRIZ', 'CHAVEZ RAMIREZ', '1993-03-22 00:00:00', 201216519, '6 AVENIDA 7-60 ZONA 12 COLONIA  MEZQUITAL, Villa Nueva', '24800424', '46220570', 'awanda-2203@hotmail.com', NULL, NULL, NULL, NULL, NULL, NULL, '201216519', 2, NULL, NULL, 1, 2, 3, 0, 23, NULL),
(214, 'JORGE ORLANDO', 'CASTILLO RIVAS', '1989-02-07 00:00:00', 201211020, '15 AVENIDA 11-78 ZONA 6  SAN JOSE LAS ROSAS, Mixco', '', '47291050', 'jorge_castillor@hotmail.com', NULL, NULL, NULL, NULL, NULL, NULL, '201211020', 1, NULL, NULL, 1, 2, 3, 0, 14, NULL),
(215, 'ANA LUCIA', 'LARA MARTINEZ', '1993-08-07 00:00:00', 201211714, '4 CALLE 3-58 COLONIA DE MONTE MARIA SUR ZONA 7, Villa Nueva', '24600997', '30367470', 'analu.lara93@gmail.com', NULL, NULL, NULL, NULL, NULL, NULL, '201211714', 2, NULL, NULL, 1, 2, 3, 0, 14, NULL),
(216, 'NAUMY CHANDEL', 'PINEDA ROCHE', '1993-05-01 00:00:00', 201212173, '5 CALLE 15-62 ZONA 4 VILLA NUEVA, Villa Nueva', '51122143', '51122143', 'shandellpineda@hotmail.com', NULL, NULL, NULL, NULL, NULL, NULL, '201212173', 2, NULL, NULL, 1, 2, 3, 0, 14, NULL),
(217, 'MARCO VINICIO', 'HERNANDEZ ', '1991-09-04 00:00:00', 201212361, 'LOTE 9 MZ K LOS ANGELES ZONA 25, Ciudad de Guatemala', '', '40543357', 'hmarc1@hotmail.com', NULL, NULL, NULL, NULL, NULL, NULL, '201212361', 1, NULL, NULL, 1, 2, 3, 0, 14, NULL),
(218, 'VICTOR HUGO', 'MAYEN GARCIA', '1994-03-11 00:00:00', 201211389, '12 AVENIDA A 18-63 COLONIA SAN JOSE LAS ROSAS SECCION 3 ZONA 6, Mixco', '47687637', '40288190', 'mayen.garcia@hotmail.com', NULL, NULL, NULL, NULL, NULL, NULL, '201211389', 1, NULL, NULL, 1, 2, 3, 0, 14, NULL),
(219, 'JOSE SAMUEL', 'PEREDA ARRIOLA', '1990-06-04 00:00:00', 201211676, '1 CALLLE 1-64 ZONA 1, Ciudad de Guatemala', '', '58070678', 'samuel-4997@hotmail.com', NULL, NULL, NULL, NULL, NULL, NULL, '201211676', 1, NULL, NULL, 1, 2, 3, 0, 14, NULL),
(220, 'ALEJANDRA MARIA', 'CIFUENTES DE LEON', '1993-12-21 00:00:00', 201210303, '8 CALLE 27-00 ZONA 11 MARISCAL CONDOMINIO VILLAS DE MARISCAL, Ciudad de Guatemala', '24761813', '42177701', 'lindays_14@hotmail.com', NULL, NULL, NULL, NULL, NULL, NULL, '201210303', 2, NULL, NULL, 1, 2, 3, 0, 15, NULL),
(221, 'CINDY RAQUEL', 'HERNANDEZ CALDERON', '1992-09-22 00:00:00', 201216515, '11 C A 7-29 Z 7 RES PARAISO II, Mixco', '24392153', '55886498', 'cindy_arena@hotmail.es', NULL, NULL, NULL, NULL, NULL, NULL, '201216515', 2, NULL, NULL, 1, 2, 3, 0, 20, NULL),
(222, 'ERWIN HORACIO', 'PIRIR TEPEU', '1993-01-06 00:00:00', 201211957, 'ALDEA PACHALI KILOMETRO 40 PUNTO 2 CASA 48, San Juan Sacatepequez', '', '47878404', 'erwinpirir52@gmail.com', NULL, NULL, NULL, NULL, NULL, NULL, '201211957', 1, NULL, NULL, 1, 2, 3, 0, 14, NULL),
(223, 'ELMER ESTUARDO', 'ESTEBEZ RODRIGUEZ', '1993-04-20 00:00:00', 201216250, '3 AV 39-27 ZONA 8, Ciudad de Guatemala', '24712162', '41218567', 'tatiringo_014@hotmail.com', NULL, NULL, NULL, NULL, NULL, NULL, '201216250', 1, NULL, NULL, 1, 2, 3, 0, 13, NULL),
(224, 'CARLA MARISOL', 'ORELLANA MACAL', '1992-07-28 00:00:00', 201214899, 'L 71 MZ I SEC 1 VILLA HERMOSA II, San Miguel Petapa', '', '50722056', 'orellana.14@hotmail.com', NULL, NULL, NULL, NULL, NULL, NULL, '201214899', 2, NULL, NULL, 1, 2, 3, 0, 13, NULL),
(225, 'ANGEL GUILLERMO', 'FAJARDO ALVAREZ', '1992-09-28 00:00:00', 201211662, '4 CALLE A 0-14 LOTE 14 COLONIA LOLITA, Amatitlan', '66334507', '44677543', 'agfajardo09@hotmail.com', 'ALICIA ALVAREZ', 1, '66334507', '56657705', 1, 1, '201211662', 1, 'BACHILLER INDUSTRIAL Y PERITO EN MECANICA AUTOMOTRIZ', 'AMATITLAN', 3, 2, 3, 7, 14, '2012-06-20 21:28:02'),
(226, 'MARIA DE LOS ANGELES', 'RODAS MONTENEGRO', '1993-08-27 00:00:00', 201210219, '1 AVENIDA 29-47 ZONA 12 EL CARMEN, Ciudad de Guatemala', '24423066', '58264451', 'marielos.rcm@gmail.com', 'CELIA MONTENEGRO', 1, '24423066', '52054528', 1, 1, '201210219', 2, 'BACH CIENCIAS Y LETRAS', 'GUATEMALA', 3, 2, 3, 7, 15, '2012-06-21 10:50:35'),
(227, 'JUAN CARLOS', 'MORALES PALACIOS', '1992-02-09 00:00:00', 201222599, 'SEC 2 LOTE 62 COL SN JULIAN Z 6, Chinautla', '', '42502664', 'halo_7jc@hotmail.com', 'Clementina Palacios Quiroa', 1, '', '42989482', 9, 1, '201222599', 1, 'perito en mecanica automotriz gasolina', 'ciudad capital de guatemala', 3, 2, 3, 7, 1, '2012-06-21 10:55:50'),
(228, 'OLGA MARIELA', 'DEL CID EQUITE', '1988-05-27 00:00:00', 201222822, '5ta avenida 3-20 Pueblo Nuevo Palencia, Palencia', '30677507', '31171359', 'juanalbertomorles@ymail.com', NULL, NULL, NULL, NULL, NULL, NULL, '201222822', 2, NULL, NULL, 1, 2, 3, 0, 17, NULL),
(229, 'ABNER DANIEL', 'PEREZ GARCIA', '1994-02-06 00:00:00', 201213414, '4 C 13-28 ZONA 2 COL ESCUADRILLA, Mixco', '51018800', '56060908', 'danielperez90@hotmail.es', 'JUAN PASTOR PEREZ LOPEZ', 2, '22508017', '49843943', 9, 1, '201213414', 1, 'BACHILLERATO EN CIENCIAS Y LETRAS CON ORIENTACION EN COMPUTACION', 'ciudad capital de guatemala', 2, 2, 3, 8, 1, '2012-06-21 11:20:09'),
(230, 'JOSE PABLO', 'MONZON CERNA', '1993-02-26 00:00:00', 201212513, 'MZ E LOTE 40 VILLAS CLUB EL DORADO SN CRISTOBAL, Mixco', '24436949', '47026506', 'jose-pmc@hotmail.com', 'Fabian Agapito Monzon Brindis', 2, '2443-6949', '57095645', 9, 1, '201212513', 1, 'BACHILLERATO EN COMPUTACION CON ORIENTACION COMERCIAL', 'Ciudad San Cristobal zona 8 de Mixco', 2, 2, 3, 8, 1, '2012-06-21 11:29:38'),
(231, 'RICARDO ', 'AYALA QUIRAN', '1991-09-27 00:00:00', 201212629, 'CON STA BARBARA CALLE BARCELONA LOTE 419 SN CRIS, Mixco', '24605746', '41110302', 'ayala_ricardo9119@hotmail.com', 'Evangelina Quirán', 1, '24605746', '41099923', 9, 1, '201212629', 1, 'BACHILLER INDUST.Y PERITO EN MECANICA AUTOMOTRIZ', 'Guatemala', 2, 2, 3, 8, 1, '2012-06-21 11:34:36'),
(232, 'OSCAR ENRIQUE', 'MONROY MEJIA', '1993-12-16 00:00:00', 201220014, '22 AVENIDA A 15-44 ZONA 10, Ciudad de Guatemala', '23667226', '47403736', 'cruzitotaz@hotmail.com', 'Hector Leonel Monroy Contreras', 2, '23667226', '47403736', 9, 1, '201220014', 1, 'bachillerato dibujo tecnico y construccion', 'Ciudad de Guatemala', 2, 2, 3, 8, 15, '2012-06-21 11:42:00'),
(233, 'KELVIN MANFREDY', 'VASQUEZ GOMEZ', '1991-12-18 00:00:00', 201212490, '9 AV 0-47 Z 7 MIXCO, Mixco', '24376659', '54444012', 'kelvin_cplay@hotmail.com', NULL, NULL, NULL, NULL, NULL, NULL, '201212490', 1, NULL, NULL, 1, 2, 3, 0, 1, NULL),
(234, 'JIMENA ANDREA', 'GAETANI LOPEZ', '1991-09-17 00:00:00', 201220018, '8 AVENIDA A 2-17 ZONA 15 COLONIA TRINIDAD II, Ciudad de Guatemala', '23691907', '42147384', 'jarocio_gstricker@hotmail.com', NULL, NULL, NULL, NULL, NULL, NULL, '201220018', 2, NULL, NULL, 1, 2, 3, 0, 15, NULL),
(235, 'NELIDA MELISSA', 'SOLORZANO CASTRO', '1992-08-27 00:00:00', 201216741, '12 CALLE A 31-80 Z 7 TIKAL III, Ciudad de Guatemala', '24398965', '48302042', 'meli.sc7@hotmail.com', NULL, NULL, NULL, NULL, NULL, NULL, '201216741', 2, NULL, NULL, 1, 2, 3, 0, 23, NULL),
(236, 'MELANY MARIBEL', 'LOPEZ QUIÑONEZ', '1993-04-18 00:00:00', 201215764, 'L 72 MAZ C SEC 4 VH I, San Miguel Petapa', '24806422', '43216813', 'melalq18@hotmail.com', NULL, NULL, NULL, NULL, NULL, NULL, '201215764', 2, NULL, NULL, 1, 2, 3, 0, 13, NULL),
(237, 'WALTER ALEJANDRO', 'CAMEY HERNANDEZ', '1992-02-22 00:00:00', 201215770, 'M H L 3 EL NUEVO MEZQUITAL Z 12, Villa Nueva', '47089642', '53048953', 'walter.hernandez022@gmail.com', NULL, NULL, NULL, NULL, NULL, NULL, '201215770', 1, NULL, NULL, 1, 2, 3, 0, 13, NULL),
(238, 'MARIO ROBERTO', 'VELASQUEZ ORTIZ', '1993-02-11 00:00:00', 201215643, 'SEC 5 L 28 SAN JULIAN JOCOTALES, Chinautla', '22869732', '57316772', 'cabovelasquez205@hotmail.com', NULL, NULL, NULL, NULL, NULL, NULL, '201215643', 1, NULL, NULL, 1, 2, 3, 0, 13, NULL),
(239, 'ELIAS BERNABE', 'MUNDO MELCHOR', '1992-06-11 00:00:00', 201215041, 'ALDEA EL PAJON L 205, Santa Catarina Pinula', '49388626', '48907654', 'eliasmundo02@hotmail.com', NULL, NULL, NULL, NULL, NULL, NULL, '201215041', 1, NULL, NULL, 1, 2, 3, 0, 13, NULL),
(240, 'BRANDON MIGUEL', 'PEREZ CUTZAL', '1990-02-15 00:00:00', 201216194, '1 AVE A 17-62 ZONA 6 STA FAZ, Chinautla', '22865145', '47822061', 'kyokofiori@hotmail.com', NULL, NULL, NULL, NULL, NULL, NULL, '201216194', 1, NULL, NULL, 1, 2, 3, 0, 13, NULL),
(241, 'DIEGO ALEJANDRO', 'NAJERA GONZALEZ', '1993-03-08 00:00:00', 201216265, '4 AV 7-15 ZONA 6 SANTA FAZ, Chinautla', '22867312', '41950791', 'diegoel_massexy.2008@hotmail.com', NULL, NULL, NULL, NULL, NULL, NULL, '201216265', 1, NULL, NULL, 1, 2, 3, 0, 13, NULL),
(242, 'LISHA CAROLINA', 'CASTILLO GATICA', '1993-07-16 00:00:00', 201216246, '5 AV 16-33 ZONA 6 COL SANTA FAZ, Chinautla', '22866099', '58910533', 'lishacarolina@hotmail.com', NULL, NULL, NULL, NULL, NULL, NULL, '201216246', 2, NULL, NULL, 1, 2, 3, 0, 13, NULL),
(243, 'ISAIAS ANTONIO', 'JUAREZ LOPEZ', '1981-09-23 00:00:00', 201216798, '3 AV 29-30 Z 3, Ciudad de Guatemala', '22513245', '45325278', 'iaju.arez@hotmail.com', NULL, NULL, NULL, NULL, NULL, NULL, '201216798', 1, NULL, NULL, 1, 2, 3, 0, 23, NULL),
(244, 'JOSELINE SCARLETT', 'HERRERA ESCOBAR', '1992-10-16 00:00:00', 201216689, '19 C 5-41 Z 1, Ciudad de Guatemala', '22321816', '41613142', 'scarlettherrera2010@hotmail.com', NULL, NULL, NULL, NULL, NULL, NULL, '201216689', 2, NULL, NULL, 1, 2, 3, 0, 20, NULL),
(245, 'EVELYN MARGARITA', 'PEREZ CORADO', '1974-03-06 00:00:00', 201216796, 'CASA 11 MZ  E  ZONA 18 COLONIA  VALLE DE JESUS I, Ciudad de Guatemala', '22603747', '41927429', 'eveperez@hotmail.com', NULL, NULL, NULL, NULL, NULL, NULL, '201216796', 2, NULL, NULL, 1, 2, 3, 0, 23, NULL),
(246, 'KIMBERLY MAYRA', 'VALENZUELA TOJ', '1992-10-06 00:00:00', 201210691, '33 AVENIDA LOTE 10 ZONA 7 GALILEA, Ciudad de Guatemala', '52449925', '43816362', 'k.imst@yahoo.com.mx', NULL, NULL, NULL, NULL, NULL, NULL, '201210691', 2, NULL, NULL, 1, 2, 3, 0, 19, NULL),
(247, 'JOSSELINE CAROLINA', 'HERNANDEZ MENDOZA', '1993-04-27 00:00:00', 201215812, '33 AV LOTE 37 COL GALILEA Z 7, Ciudad de Guatemala', '24316875', '57970950', 'josskrolinahernandez@hotmail.com', NULL, NULL, NULL, NULL, NULL, NULL, '201215812', 2, NULL, NULL, 1, 2, 3, 0, 13, NULL),
(248, 'JOSEFINA ESMERALDA', 'ROSALES VASQUEZ', '1993-05-24 00:00:00', 201280030, '16 CALLE 6-20 ZONA 11, Coban', '57368879', '58975333', 'jesmeraldarosalesv@gmail.com', NULL, NULL, NULL, NULL, NULL, NULL, '201280030', 2, NULL, NULL, 1, 7, 5, 0, 15, NULL),
(249, 'JULIO RODOLFO', 'MATZDORF RUANO', '1992-08-14 00:00:00', 201210622, '19 CALLE 12-126 ZONA 7  SAN IGNACIO, Mixco', '23841253', '50018011', 'juliomatzdorf@hotmail.com', NULL, NULL, NULL, NULL, NULL, NULL, '201210622', 1, NULL, NULL, 1, 2, 3, 0, 19, NULL),
(250, 'GERSON RODOLFO', 'SEC PRERA', '1993-10-20 00:00:00', 201210244, '3 AVENIDA 4-10 ZONA 1, Sumpango', '58242168', '41201473', 'shark_15_dm@hotmail.es', NULL, NULL, NULL, NULL, NULL, NULL, '201210244', 1, NULL, NULL, 1, 3, 3, 0, 15, NULL),
(251, 'MELANIE JAZMIN', 'JUAREZ MAZARIEGOS', '1994-02-21 00:00:00', 201210374, '27 AVENIDA 10-13 ZONA 18 PARAISO II, Ciudad de Guatemala', '22420737', '46298476', 'jas16jm@hotmail.com', NULL, NULL, NULL, NULL, NULL, NULL, '201210374', 2, NULL, NULL, 1, 2, 3, 0, 15, NULL),
(252, 'MONICA FERNANDA', 'GONZALEZ MENDEZ', '1994-07-27 00:00:00', 201211140, '1 AVENIDA 1-117 ZONA 4 LO DE DIEGUEZ CONDOMINIO CAÑADAS DEL BOSQUE CASA 5, Fraijanes', '', '51118141', 'mfgonzalez94@hotmail.com', NULL, NULL, NULL, NULL, NULL, NULL, '201211140', 2, NULL, NULL, 1, 2, 3, 0, 14, NULL),
(253, 'WENDY KAREN', 'SALGUERO TEJADA', '1993-07-06 00:00:00', 201220044, '2 AV 4-57 Z 1, Ciudad de Guatemala', '52483094', '41410663', 'wsendy_linda35@hotmail.com', NULL, NULL, NULL, NULL, NULL, NULL, '201220044', 2, NULL, NULL, 1, 2, 3, 0, 20, NULL),
(254, 'VICTOR DAVID', 'FLORES BARRIOS', '1993-09-25 00:00:00', 201210179, '8 CALLE A 6-62 ZONA 16 SANTA ROSITA, Ciudad de Guatemala', '22558496', '55246497', 'victorflow1@hotmail.com', NULL, NULL, NULL, NULL, NULL, NULL, '201210179', 1, NULL, NULL, 1, 2, 3, 0, 15, NULL),
(255, 'JORGE FERNANDO', 'NOLASCO VASQUEZ', '1992-09-11 00:00:00', 201220358, '12 CALLE A 15-25 ZONA 11 COL MIRAFLORES II, Ciudad de Guatemala', '56805822', '44285035', 'fer11nolazko@hotmail.com', NULL, NULL, NULL, NULL, NULL, NULL, '201220358', 1, NULL, NULL, 1, 2, 3, 0, 12, NULL),
(256, 'MAGDA LIZETH', 'AVILA PERNILLO', '1993-03-25 00:00:00', 201216682, '4 AV 3-66 Z 1, Chimaltenango', '78494349', '50855187', 'mgdlissy@hotmail.com', NULL, NULL, NULL, NULL, NULL, NULL, '201216682', 2, NULL, NULL, 1, 8, 3, 0, 20, NULL),
(257, 'FLAVIO WILFREDO', 'GARCIA MERIDA', '1990-11-22 00:00:00', 201213850, '18 AV 1-32 Z 21 RES EUREKA, Ciudad de Guatemala', '24490783', '59471745', 'f_la_viuss@hotmail.com', NULL, NULL, NULL, NULL, NULL, NULL, '201213850', 1, NULL, NULL, 1, 2, 3, 0, 12, NULL),
(258, 'GRETZIA GARDENIA', 'CARDONA GONZALEZ', '1995-01-26 00:00:00', 201213671, '25 C 11-58 Z 11 GRANAI II, Ciudad de Guatemala', '24762675', '54465822', 'gretzia3@hotmail.com', NULL, NULL, NULL, NULL, NULL, NULL, '201213671', 2, NULL, NULL, 1, 2, 3, 0, 12, NULL),
(259, 'CARLOS MANUEL', 'ROCA CABREJO', '1994-05-11 00:00:00', 201220416, 'L 85 COL RELICARIO, Santa Lucía Cotzumalguapa', '50363226', '59914431', 'meme_1194@hotmail.com', NULL, NULL, NULL, NULL, NULL, NULL, '201220416', 1, NULL, NULL, 1, 6, 3, 0, 12, NULL),
(260, 'ROSSIO ALEJANDRA', 'ZOMETA HERRARTE', '1994-04-26 00:00:00', 201213588, '7 AV 4-29 ZONA 8 COND VISTA REAL, Mixco', '24456631', '51665293', 'chochizometa@hotmail.com', NULL, NULL, NULL, NULL, NULL, NULL, '201213588', 2, NULL, NULL, 1, 2, 3, 0, 1, NULL),
(261, 'KAREN LUCIA', 'GARCIA SANDOVAL', '1992-08-14 00:00:00', 201220204, '9 AV 44-74 ZONA 12 MONTE MARIA III, Ciudad de Guatemala', '24791459', '54604805', 'karengarciasandoval@gmail.com', NULL, NULL, NULL, NULL, NULL, NULL, '201220204', 2, NULL, NULL, 1, 2, 3, 0, 12, NULL),
(262, 'ANA BEATRIZ', 'CIFUENTES JUAREZ', '1993-08-17 00:00:00', 201210172, '1 CALLE 1-90 ZONA 2 COLONIA EL RELICARIO, Mazatenango', '78722446', '51674797', 'abcj93@hotmail.com', NULL, NULL, NULL, NULL, NULL, NULL, '201210172', 2, NULL, NULL, 1, 9, 3, 0, 15, NULL),
(263, 'ALIS PAOLA', 'BELTRAN CANTE', '1989-07-09 00:00:00', 201210098, 'MANZANA 12 LOTE 427 ZONA 18 COLONIA MAYA, Ciudad de Guatemala', '56353770', '59920028', 'alis_pao@yahoo.com', NULL, NULL, NULL, NULL, NULL, NULL, '201210098', 2, NULL, NULL, 1, 2, 3, 0, 15, NULL),
(264, 'KARLA BELEN', 'MORALES ROMAN', '1992-03-15 00:00:00', 201210396, '7 CALLE A 10-10 ZONA 11 COLONIA ROOSEVELT, Ciudad de Guatemala', '', '30141138', 'kbmoralesr@hotmail.com', NULL, NULL, NULL, NULL, NULL, NULL, '201210396', 2, NULL, NULL, 1, 2, 3, 0, 15, NULL),
(265, 'BALQUIRIA ELIZABETH', 'COLINDRES ARREAGA', '1992-08-16 00:00:00', 201211777, '1 CALLE 4-30 ZONA 2, San Miguel Petapa', '51701889', '51701889', 'balquiria15arreaga@hotmail.com', NULL, NULL, NULL, NULL, NULL, NULL, '201211777', 2, NULL, NULL, 1, 2, 3, 0, 14, NULL),
(266, 'FRANCO ', 'FUMAGALLI BARRIOS', '1993-04-22 00:00:00', 201212783, '4 C 31-39 ZONA 11 UTATLAN  2, Ciudad de Guatemala', '24346566', '43957228', 'edfajuca@gmail.com', NULL, NULL, NULL, NULL, NULL, NULL, '201212783', 1, NULL, NULL, 1, 2, 3, 0, 1, NULL),
(267, 'AIDA EVANGELINA', 'AJCUC CURUP', '1993-05-16 00:00:00', 201213772, 'KM 21 L 21 ALDEA VISTA HERMOSA COL LA PASCUA, San Pedro Sacatepequez', '', '42908627', 'aida.e1993@hotmail.com', NULL, NULL, NULL, NULL, NULL, NULL, '201213772', 2, NULL, NULL, 1, 2, 3, 0, 12, NULL),
(268, 'EDGAR ALEXANDER', 'JIMENEZ GONZALEZ', '1993-10-21 00:00:00', 201214750, 'SECC U L 115 Z 6 DE MIXCO COL EL MILAGRO, Mixco', '24348523', '45518306', 'alexmania_97@hotmail.com', NULL, NULL, NULL, NULL, NULL, NULL, '201214750', 1, NULL, NULL, 1, 2, 3, 0, 13, NULL),
(269, 'MARCO ANTONIO', 'CHOMO SAZO', '1993-07-25 00:00:00', 201214991, '10 AVENIDA 3-31 RESIDENCIAL VALLE DE LA MARIPOSA, Amatitlan', '66335209', '49714062', 'machs2@hotmail.es', NULL, NULL, NULL, NULL, NULL, NULL, '201214991', 1, NULL, NULL, 1, 2, 3, 0, 13, NULL),
(270, 'WALBERTO ELICEO', 'RAMIREZ MENDEZ', '1990-07-09 00:00:00', 201215975, 'SEC 5 L 13 COL UNIDOS POR LA PAZ Z 12 VN, Villa Nueva', '', '43187974', 'waleli24@hotmail.com', NULL, NULL, NULL, NULL, NULL, NULL, '201215975', 1, NULL, NULL, 1, 2, 3, 0, 13, NULL),
(271, 'CARLOS EDUARDO', 'OROZCO LOPEZ', '1993-12-22 00:00:00', 201212790, 'ZONA 4 TULAN TZU 4 LOTE 7 M G, Mixco', '24369084', '58579042', 'ocoloco_18@hotmail.com', NULL, NULL, NULL, NULL, NULL, NULL, '201212790', 1, NULL, NULL, 1, 2, 3, 0, 1, NULL),
(272, 'JOSE MANUEL', 'LEMUS MAYORA', '1993-07-03 00:00:00', 201213492, '3 C CASA 62 ZONA 2 SAN ANGEL 2, Ciudad de Guatemala', '22542360', '56562803', 'jo_mayora@hotmail.com', NULL, NULL, NULL, NULL, NULL, NULL, '201213492', 1, NULL, NULL, 1, 2, 3, 0, 1, NULL),
(273, 'EUNICE MADAI', 'BONILLA CABRERA', '1990-05-21 00:00:00', 201220279, 'AV RAMIRO GALVEZ 4-74 ZONA 6 COL SANTA LUISA, Chinautla', '22867222', '59557343', 'euysl_215@hotmail.com', NULL, NULL, NULL, NULL, NULL, NULL, '201220279', 2, NULL, NULL, 1, 2, 3, 0, 12, NULL),
(274, 'LUIS FELIPE', 'VELASQUEZ GONZALEZ', '1992-04-12 00:00:00', 201213881, '24 C A 16-29 Z 12 COL EL ROSARIO, Ciudad de Guatemala', '', '51653900', 'luisfealbo@hotmail.com', NULL, NULL, NULL, NULL, NULL, NULL, '201213881', 1, NULL, NULL, 1, 2, 3, 0, 12, NULL),
(275, 'JAIME ALEJANDRO', 'ALVAREZ NUFIO', '1994-05-03 00:00:00', 201210445, '10 AVENIDA 21-50 ZONA 12 REFORMITA, Ciudad de Guatemala', '', '58578587', 'jaimealealv_16@hotmail.com', NULL, NULL, NULL, NULL, NULL, NULL, '201210445', 1, NULL, NULL, 1, 2, 3, 0, 15, NULL),
(276, 'IVAN EBANI', 'AGUSTIN MORALES', '1990-05-20 00:00:00', 201220033, 'LOTE 5 SEC L1 ZONA 4 MARTINES, Villa Nueva', '44720610', '40514287', 'always_2o5ebani@hotmail.com', NULL, NULL, NULL, NULL, NULL, NULL, '201220033', 1, NULL, NULL, 1, 2, 3, 0, 15, NULL),
(277, 'MYNOR OSWALDO', 'QUIROA RODRIGUEZ', '1993-08-20 00:00:00', 201210163, 'LOTE 12 MANANAZ G SECTOR II ZONA 4 JARDINES DE TULAM TZU, Mixco', '24378115', '42770234', 'quiroa_mynor@hotmail.com', NULL, NULL, NULL, NULL, NULL, NULL, '201210163', 1, NULL, NULL, 1, 2, 3, 0, 15, NULL),
(278, 'JAQUELINE JUDITH', 'MONROY CARRILLO', '1993-11-27 00:00:00', 201210180, '25 AVENIDA 10-60 ZONA 18 PARAISO II, Ciudad de Guatemala', '22570682', '41561278', 'jaquelinemonroy@gmail.com', NULL, NULL, NULL, NULL, NULL, NULL, '201210180', 2, NULL, NULL, 1, 2, 3, 0, 15, NULL),
(279, 'CINDY FAVIOLA', 'MORALES RAMIREZ', '1992-09-03 00:00:00', 201215022, '1 AV 1 C Z 21 LOMA BLANCA COL LA PAZ, Ciudad de Guatemala', '24496004', '55367288', 'cindyfmr@yahoo.com', NULL, NULL, NULL, NULL, NULL, NULL, '201215022', 2, NULL, NULL, 1, 2, 3, 0, 13, NULL),
(280, 'YOLANDA MICHELLE', 'CASTAÑEDA HERNANDEZ', '1992-07-13 00:00:00', 201216478, '2 CALLE 3 AVENIDA 2-23 ZONA 10, Ciudad de Guatemala', '22890956', '42199543', 'michelle_castaneda@hotmail.com', NULL, NULL, NULL, NULL, NULL, NULL, '201216478', 2, NULL, NULL, 1, 2, 3, 0, 13, NULL),
(281, 'SANDRA EUNICE', 'ARANGO ACEITUNO', '1993-01-24 00:00:00', 201210385, '9 CALLE 33-89 ZONA 7 TIKAL II, Ciudad de Guatemala', '24394913', '40023091', 'tq-eunice@hotmail.com', NULL, NULL, NULL, NULL, NULL, NULL, '201210385', 2, NULL, NULL, 1, 2, 3, 0, 15, NULL),
(282, 'CRISTIAN MIGUEL', 'VILLATORO CHIGUICHON', '1993-06-10 00:00:00', 201215294, '34 CALLE 12 AV A 33-57 Z 11, Ciudad de Guatemala', '', '40662000', 'miguel_villachigui@hotmail.com', NULL, NULL, NULL, NULL, NULL, NULL, '201215294', 1, NULL, NULL, 1, 2, 3, 0, 13, NULL),
(283, 'LUIS EDUARDO', 'CATU LOPEZ', '1988-12-08 00:00:00', 201215300, 'ALDEA CHICAZANGA SAN ANDRES ITZAPA CHIMALTENANGO, San Andres Itzapa', '', '49357188', 'catu_luis@hotmail.com', NULL, NULL, NULL, NULL, NULL, NULL, '201215300', 1, NULL, NULL, 1, 8, 3, 0, 13, NULL),
(284, 'PEDRO MIGUEL', 'RIVERA GODOY', '1992-07-10 00:00:00', 201215235, '1 C L 8-B JOCOTALES, Chinautla', '22897208', '41984092', 'pedro_godoy14@hotmail.com', NULL, NULL, NULL, NULL, NULL, NULL, '201215235', 1, NULL, NULL, 1, 2, 3, 0, 13, NULL),
(285, 'ANGELA CRISTINA', 'CHAMALE SICAN', '1994-06-29 00:00:00', 201215113, '8 AV 7-11 Z 1, San Juan Sacatepequez', '40075845', '51565493', 'angelitacris_chs@hotmail.com', NULL, NULL, NULL, NULL, NULL, NULL, '201215113', 2, NULL, NULL, 1, 2, 3, 0, 13, NULL),
(286, 'KIMBERLY RENEE', 'VIANA ARREOLA', '1994-08-02 00:00:00', 201215122, '4 C A 1-22 MONTSERRAT 1 Z 4, Mixco', '24375476', '57045641', 'kimy_viana@hotmail.com', NULL, NULL, NULL, NULL, NULL, NULL, '201215122', 2, NULL, NULL, 1, 2, 3, 0, 13, NULL),
(287, 'ASTRID CAROLINA', 'CAZALI CASTILLO', '1994-02-23 00:00:00', 201216183, '2 AV 3-61 ZONA 4 COL ETERNA PRIMAVERA, Villa Nueva', '66366833', '51367390', 'accc_febrero@yahoo.es', NULL, NULL, NULL, NULL, NULL, NULL, '201216183', 2, NULL, NULL, 1, 2, 3, 0, 13, NULL),
(288, 'JUAN PABLO', 'MARROQUIN VILLATORO', '1993-08-12 00:00:00', 201216193, '43 AV 7-15 ZONA 5 COL MONJA BLANCA, Ciudad de Guatemala', '23349403', '41301658', 'pablomarroquin17@gmail.com', NULL, NULL, NULL, NULL, NULL, NULL, '201216193', 1, NULL, NULL, 1, 2, 3, 0, 13, NULL),
(289, 'RICARDO JOSE', 'MORENO MENDEZ', '1994-04-09 00:00:00', 201217163, '1 AVENIDA 37-73 ZONA 12  COLONIA  JAVIER, Ciudad de Guatemala', '52987294', '42422138', 'rik_mmen@hotmail.com', NULL, NULL, NULL, NULL, NULL, NULL, '201217163', 1, NULL, NULL, 1, 2, 3, 0, 23, NULL),
(290, 'JEFRY ALEXANDER', 'HERNANDEZ ARIAS', '1994-10-03 00:00:00', 201213289, 'MZ B L 16 ZONA 17 COL EL PINITO, Ciudad de Guatemala', '', '42643673', 'jefal003@hotmail.es', NULL, NULL, NULL, NULL, NULL, NULL, '201213289', 1, NULL, NULL, 1, 2, 3, 0, 1, NULL),
(291, 'EDISON ALEJANDRO', 'CATU CHAJ', '1992-04-14 00:00:00', 201212633, '2 AVE COL LAS QUINTAS II 2-63 ZONA 2 CHIMALTENANGO, Chimaltenango', '78404968', '41320143', 'edisonkt21@hotmail.com', NULL, NULL, NULL, NULL, NULL, NULL, '201212633', 1, NULL, NULL, 1, 8, 3, 0, 1, NULL),
(292, 'HENRY EDUARDO', 'AGUILAR BAUTISTA', '1991-12-11 00:00:00', 201213222, '2 C D 6-63 ZONA 8 TERRAZAS 2 PERONIA, Villa Nueva', '24786333', '53749854', 'henryeduardo1@hotmail.es', NULL, NULL, NULL, NULL, NULL, NULL, '201213222', 1, NULL, NULL, 1, 2, 3, 0, 1, NULL),
(293, 'MARIA JOSE', 'GOMEZ ULUAN', '1992-11-28 00:00:00', 201215114, '8 AV 17-58 Z 12 COL REFORMITA, Ciudad de Guatemala', '24745070', '59210254', 'maj0_84@hotmail.com', NULL, NULL, NULL, NULL, NULL, NULL, '201215114', 2, NULL, NULL, 1, 2, 3, 0, 13, NULL),
(294, 'JONATHAN DAVID', 'TOLEDO LOPEZ', '1992-02-12 00:00:00', 201216342, '13 AV A 32-10 ZONA 7 COL BAMUI I, Ciudad de Guatemala', '', '44619265', 'jonathandavid_360@hotmail.com', NULL, NULL, NULL, NULL, NULL, NULL, '201216342', 1, NULL, NULL, 1, 2, 3, 0, 13, NULL),
(295, 'WILLIAM ENRIQUE', 'QUIÑONEZ LOPEZ', '1992-04-09 00:00:00', 201212985, '3 AV 0-52 ZONA 1 CIUDAD VIEJA, Ciudad Vieja', '78340033', '44143510', 'william_9_4@hotmail.com', NULL, NULL, NULL, NULL, NULL, NULL, '201212985', 1, NULL, NULL, 1, 3, 3, 0, 1, NULL),
(296, 'EDUARDO JAVIER', 'FELIPE GUARAN', '1992-10-21 00:00:00', 201215695, '6 AV 25-19 Z 12 VILLA LOBOS 1, Ciudad de Guatemala', '24798943', '56663388', 'javfelipe@gmail.com', NULL, NULL, NULL, NULL, NULL, NULL, '201215695', 1, NULL, NULL, 1, 2, 3, 0, 13, NULL),
(297, 'NARCY VIRGINIA', 'ALVAREZ GOMEZ', '1993-05-02 00:00:00', 201214907, '4 AV 23-49 Z 12 COL VILLA LOBOS I, Ciudad de Guatemala', '24804178', '45044076', 'vicky0071@hotmail.com', NULL, NULL, NULL, NULL, NULL, NULL, '201214907', 2, NULL, NULL, 1, 2, 3, 0, 13, NULL),
(298, 'MARLON DANIEL', 'PENAGOS RUIZ', '1992-10-30 00:00:00', 201216306, '7 AV 2-19 ZONA 2 COL EL TESORO, Mixco', '56628994', '56813030', 'marlon_301092@hotmail.com', NULL, NULL, NULL, NULL, NULL, NULL, '201216306', 1, NULL, NULL, 1, 2, 3, 0, 13, NULL),
(299, 'MYNOR ALEXANDER', 'CANEL BOROR', '1991-04-17 00:00:00', 201216166, '72 CALLE C 13-38 ZONA 6 SACOJ GRANDE, Mixco', '24849419', '58274701', 'alexmycb@gmail.com', NULL, NULL, NULL, NULL, NULL, NULL, '201216166', 1, NULL, NULL, 1, 2, 3, 0, 13, NULL),
(300, 'NELSON GEOVANI', 'DE LA CRUZ SANTIAGO', '1993-03-13 00:00:00', 201215640, 'ARCO 7 LOTE 42 COL. FATIMA Z. 18, Ciudad de Guatemala', '', '51501768', 'n.a.delacruz@hotmail.com', NULL, NULL, NULL, NULL, NULL, NULL, '201215640', 1, NULL, NULL, 1, 2, 3, 0, 13, NULL),
(301, 'JENNIFER KARINA', 'ABAJ XILOJ', '1994-05-11 00:00:00', 201220942, '2 AV 5-34 Z.3, Chimaltenango', '78396232', '52556897', 'jenn_ify@hotmail.es', NULL, NULL, NULL, NULL, NULL, NULL, '201220942', 2, NULL, NULL, 1, 8, 3, 0, 22, NULL),
(302, 'EVELYN JOSE', 'VERBENA GARCIA', '1992-09-04 00:00:00', 201215048, '3 C 5-05 Z 3 COL. NUEVA MONSERRAT, Mixco', '24326811', '42151311', 'evejo_49@hotmail.com', NULL, NULL, NULL, NULL, NULL, NULL, '201215048', 2, NULL, NULL, 1, 2, 3, 0, 13, NULL),
(303, 'MILSY KARINA', 'RODRIGUEZ BARILLAS', '1991-11-24 00:00:00', 201215584, '26 C 5-31 COL LAS VICTORIAS, Mixco', '', '52551122', 'milsy.rodriguez@hotmail.es', NULL, NULL, NULL, NULL, NULL, NULL, '201215584', 2, NULL, NULL, 1, 2, 3, 0, 13, NULL),
(304, 'GLADIS SUSANA', 'MELCHOR ALVAREZ', '1992-06-29 00:00:00', 201215029, 'ALDEA EL PAJON L 102 B, Santa Catarina Pinula', '46995119', '43182241', 'sgladism_a@yahoo.com', NULL, NULL, NULL, NULL, NULL, NULL, '201215029', 2, NULL, NULL, 1, 2, 3, 0, 13, NULL),
(305, 'GERSON ANIBAL', 'GONZALEZ SUAREZ', '1988-10-25 00:00:00', 201215453, 'SAN JOSE EL TABLON VILLA CANALES CASA 23 CALLEJON EL SOMPOPERO, Villa Canales', '24591505', '42256476', 'gerson.gonzalez01@gmail.com', NULL, NULL, NULL, NULL, NULL, NULL, '201215453', 1, NULL, NULL, 1, 2, 3, 0, 13, NULL),
(306, 'AURORA OTILIA', 'OSCAL REYES', '1993-02-09 00:00:00', 201222809, 'ALDEA SAN LUIS SAN JOSEPINULA, San Jose Pinula', '51991964', '47397252', 'auroris9f@hotmail.com', NULL, NULL, NULL, NULL, NULL, NULL, '201222809', 2, NULL, NULL, 1, 2, 3, 0, 17, NULL),
(307, 'MARIA ANTONIA', 'SALAY PEREZ', '1991-05-16 00:00:00', 201221400, '4CALLE 4-40 ZONA 2, San Jose Pinula', '46940973', '53367412', 'anto9241@hotmail.com', NULL, NULL, NULL, NULL, NULL, NULL, '201221400', 2, NULL, NULL, 1, 2, 3, 0, 17, NULL),
(308, 'JACKELLINE AMABEL', 'MARROQUIN CASTILLO', '1990-12-04 00:00:00', 201223391, 'SN JOSE PINULA  Z 2, San Jose Pinula', '31205879', '40546241', 'pez.fish_01@hotmail.com', NULL, NULL, NULL, NULL, NULL, NULL, '201223391', 2, NULL, NULL, 1, 2, 3, 0, 17, NULL),
(309, 'PAULINA ISABEL', 'ORDOÑEZ LORENZANA', '1993-05-13 00:00:00', 201221389, '4AV 7-29 Z 3 SANJOSE PINULA, San Jose Pinula', '66343032', '42677901', 'pau.0@hotmail.com', NULL, NULL, NULL, NULL, NULL, NULL, '201221389', 2, NULL, NULL, 1, 2, 3, 0, 17, NULL),
(310, 'KATRIN STEFFI', 'KLEIN FLORES', '1994-03-26 00:00:00', 201220386, '4 CALLE 3-31 Z 3, Ciudad de Guatemala', '52936028', '50833566', 'ks_kflores@live.com', NULL, NULL, NULL, NULL, NULL, NULL, '201220386', 2, NULL, NULL, 1, 2, 3, 0, 12, NULL),
(311, 'CESAR BENJAMIN', 'CHIROY REYES', '1991-11-13 00:00:00', 201214118, '7 CALLE FINAL 1-46 ZONA  5 MIXCO SANTA MARTA, Mixco', '24408919', '40181592', 'cesarbenjamin_9113@hotmail.com', NULL, NULL, NULL, NULL, NULL, NULL, '201214118', 1, NULL, NULL, 1, 2, 3, 0, 25, NULL),
(312, 'WILSON ENRIQUE', 'LOPEZ MURALLES', '1984-12-08 00:00:00', 201216780, '14 CALLE B 07-95 ZONA 7 COLONIA LA VERBENA, Ciudad de Guatemala', '', '52146952', 'wilsonlm77@hotmail.com', NULL, NULL, NULL, NULL, NULL, NULL, '201216780', 1, NULL, NULL, 1, 2, 3, 0, 23, NULL),
(313, 'LUIS FERNANDO', 'BOCANEGRA HERNANDEZ', '1992-11-29 00:00:00', 201213449, '2 C 5-74 ZONA 2 COLONIA MODELO 1, Escuintla', '78899871', '50176623', 'luif_fernando_13@hotmail.com', NULL, NULL, NULL, NULL, NULL, NULL, '201213449', 1, NULL, NULL, 1, 6, 3, 0, 1, NULL),
(314, 'KEVIN JEHRIEL', 'BARRENO DE LA CERDA', '1993-07-25 00:00:00', 201213535, '15 C B 10-83 ZONA 11 COL VILLAS DE MINERVA, Mixco', '24835733', '56263474', 'jehrielbarreno@gmail.com', NULL, NULL, NULL, NULL, NULL, NULL, '201213535', 1, NULL, NULL, 1, 2, 3, 0, 1, NULL),
(315, 'EDVIN ALEXANDER', 'GARCIA SOLANO', '1984-07-23 00:00:00', 201223085, '5 AV 5-38 Z 1 SN JOSE PINULA, San Jose Pinula', '', '55408998', 'edvingarcia-@hotmail.com', NULL, NULL, NULL, NULL, NULL, NULL, '201223085', 1, NULL, NULL, 1, 2, 3, 0, 17, NULL),
(316, 'SELVIN ALEXANDER', 'ORDOÑEZ GOMEZ', '1992-06-26 00:00:00', 201223007, 'RIO OCHO HUEHUE, San Pedro Necta', '', '57446677', 'selvinalexander10@hotmail.com', NULL, NULL, NULL, NULL, NULL, NULL, '201223007', 1, NULL, NULL, 1, 10, 3, 0, 17, NULL),
(317, 'WALTER FERNANDO', 'GARCIA MONTERROSO', '1983-09-08 00:00:00', 201223087, '6 C 4-48 Z SAN JOSE PINULA, San Jose Pinula', '66415395', '54845865', 'waltergar95@hotmail.com', NULL, NULL, NULL, NULL, NULL, NULL, '201223087', 1, NULL, NULL, 1, 2, 3, 0, 17, NULL),
(318, 'GERY ALBANY', 'SANCHEZ GATTAZ', '1987-05-27 00:00:00', 201223073, '5 CALLE 3-19 Z 2 SN JOSE PINULA, San Jose Pinula', '66455750', '52440601', 'morena639@hotmail.com', NULL, NULL, NULL, NULL, NULL, NULL, '201223073', 2, NULL, NULL, 1, 2, 3, 0, 17, NULL),
(319, 'SANDRA PAMELA', 'MAYEN MICHEO', '1993-04-05 00:00:00', 201219945, '12 CALLE B 39-46 ZONA 5 JARDINES DE LA ASUNCION, Ciudad de Guatemala', '23350484', '56333595', 'pamela.mayen.93@gmail.com', NULL, NULL, NULL, NULL, NULL, NULL, '201219945', 2, NULL, NULL, 1, 2, 3, 0, 15, NULL),
(320, 'CARLOS ALEJANDRO', 'GARCIA MONTERROSO', '1993-07-28 00:00:00', 201222036, ' 4-48 Z 1 SAN JOSE PINULA, San Jose Pinula', '66415395', '46563935', 'krlosmgarcia@hotmail.com', NULL, NULL, NULL, NULL, NULL, NULL, '201222036', 1, NULL, NULL, 1, 2, 3, 0, 17, NULL),
(321, 'LUISA MARIA', 'GODOY OLIVA', '1989-04-21 00:00:00', 201223083, '5TA CALLE 4-29 ZONA 1SAN JOSE PINULA, San Jose Pinula', '', '42170539', 'l.oliva2011@hotmail.com', NULL, NULL, NULL, NULL, NULL, NULL, '201223083', 2, NULL, NULL, 1, 2, 3, 0, 17, NULL),
(322, 'KEVIN JAHDIEL', 'BARRENO DE LA CERDA', '1993-07-25 00:00:00', 201213359, '15 C B 10-83 ZONA 11 VILLAS DE MINERVA, Mixco', '24835733', '54260799', 'jahdielbarreno@gmail.com', NULL, NULL, NULL, NULL, NULL, NULL, '201213359', 1, NULL, NULL, 1, 2, 3, 0, 1, NULL),
(323, 'ANA SOFIA', 'IBAÑEZ DE LA CRUZ', '1993-06-27 00:00:00', 201210306, '8 CALLE 8-84 SECTOR A-10 ZONA 8 CONDOMINIO LAS AREKAS SAN CRISTOBAL, Mixco', '24433482', '53384225', 'an.sofia136@hotmail.com', NULL, NULL, NULL, NULL, NULL, NULL, '201210306', 2, NULL, NULL, 1, 2, 3, 0, 15, NULL),
(324, 'LOURDES FABIOLA', 'MURGA FAJARDO', '1993-02-18 00:00:00', 201210013, 'KILOMETRO 16.5 A EL SALVADOR CASA 1 CONDOMINIO EL BOSQUE, Ciudad de Guatemala', '66596578', '47622648', 'fabiolamf40@hotmail.com', NULL, NULL, NULL, NULL, NULL, NULL, '201210013', 2, NULL, NULL, 1, 2, 3, 0, 15, NULL),
(325, 'JENNIFER MISHELLE', 'AYALA MERLOS', '1990-06-09 00:00:00', 201212055, '6 AVENIDA 9-40 SANTA ROSITA ZONA 16, Ciudad de Guatemala', '54381292', '48844601', 'jayala1990@hotmail.es', NULL, NULL, NULL, NULL, NULL, NULL, '201212055', 2, NULL, NULL, 1, 2, 3, 0, 14, NULL),
(326, 'MARIA REBECA', 'ITZEP MEREGILDO', '1987-10-19 00:00:00', 201222775, '5 calle 8-21 zona 2 San Jose Pinula, San Jose Pinula', '51984954', '57536852', 'rebecameregildo@hotmail.com', NULL, NULL, NULL, NULL, NULL, NULL, '201222775', 2, NULL, NULL, 1, 2, 3, 0, 17, NULL),
(327, 'DAMARIS BUALQUIRIA', 'GUZMAN LOPEZ', '1987-03-10 00:00:00', 201221992, 'SAN JOSE PINULA, San Jose Pinula', '57767867', '51575366', 'bualquigl@hotmail.com', NULL, NULL, NULL, NULL, NULL, NULL, '201221992', 2, NULL, NULL, 1, 2, 3, 0, 17, NULL),
(328, 'ERICKA SIOMARA', 'URIAS ', '1984-02-13 00:00:00', 201222901, 'SAN JOSE PINULA, San Jose Pinula', '48369190', '45797759', 'erickaurias@hotmail.com', NULL, NULL, NULL, NULL, NULL, NULL, '201222901', 2, NULL, NULL, 1, 2, 3, 0, 17, NULL),
(329, 'FRANCISCA ', 'OVANDO REYES', '1957-03-08 00:00:00', 201211088, '30 AVENIDA 17-80 ZONA 12 EDIFICIO A APARTAMENTO 102, Ciudad de Guatemala', '24727544', '43822637', 'francis132@hotmail.es', NULL, NULL, NULL, NULL, NULL, NULL, '201211088', 2, NULL, NULL, 1, 2, 3, 0, 14, NULL),
(330, 'JENNIFER FERNANDA', 'GUZMAN VENTURA', '1987-09-23 00:00:00', 201222749, 'LOTE 48 A ALDEA CIENAGA GRANDE SAN JOSE PINULA, San Jose Pinula', '', '49503410', 'sonrisabliss1@yahoo.com', NULL, NULL, NULL, NULL, NULL, NULL, '201222749', 2, NULL, NULL, 1, 2, 3, 0, 17, NULL),
(331, 'MARTA ELISA', 'SOTOJ YACH', '1988-01-15 00:00:00', 201222773, 'ALDEA EL PAJON LOTE 136 STA CATARINA PINULA, Santa Catarina Pinula', '', '42854229', 'martasotoj@gmail.com', NULL, NULL, NULL, NULL, NULL, NULL, '201222773', 2, NULL, NULL, 1, 2, 3, 0, 17, NULL),
(332, 'LILIAN ANABELLA', 'YAGUAZ ANDRADE', '1990-09-24 00:00:00', 201222764, 'L 8 SEC D COL SANTA SOFIA SAN JOSE PINULA, San Jose Pinula', '', '54036999', 'liliyaguaz@yahoo.com', NULL, NULL, NULL, NULL, NULL, NULL, '201222764', 2, NULL, NULL, 1, 2, 3, 0, 17, NULL),
(333, 'BYRON IVAN', 'CHANCHAVAC RUCAL', '1992-12-01 00:00:00', 201213576, '5 C 4-21 ZONA 1, Sumpango', '', '50675047', 'i_bic9@hotmail.com', NULL, NULL, NULL, NULL, NULL, NULL, '201213576', 1, NULL, NULL, 1, 3, 3, 0, 1, NULL),
(334, 'MAXIMILIANO NEFTALY', 'TUN GARCIA', '1991-07-31 00:00:00', 201213247, '2 C 4-122 ZONA NORTE BUENA VISTA, Chimaltenango', '78394470', '49340924', 'mx_2149@hotmail.com', NULL, NULL, NULL, NULL, NULL, NULL, '201213247', 1, NULL, NULL, 1, 8, 3, 0, 1, NULL),
(335, 'RENE DANIEL', 'VILLATORO MARTINEZ', '1994-01-16 00:00:00', 201210084, '2 AVENIDA 3-48 ZONA 5 RESIDENCIALES EL TABACAL, Villa Nueva', '66312434', '47695981', 'danielito094@hotmail.com', NULL, NULL, NULL, NULL, NULL, NULL, '201210084', 1, NULL, NULL, 1, 2, 3, 0, 15, NULL),
(336, 'LESLY ANDREA', 'MENCOS OBANDO', '1991-11-23 00:00:00', 201215911, 'SEC L L 41 COL EL MILAGRO Z 6, Mixco', '24365044', '49522474', 'lesly-mencos@hotmail.com', NULL, NULL, NULL, NULL, NULL, NULL, '201215911', 2, NULL, NULL, 1, 2, 3, 0, 13, NULL),
(337, 'EVELYN ANDREA', 'CHIN CHINCHILLA', '1992-11-29 00:00:00', 201220463, '12 AV A 0-44 ZONA 1, Mixco', '24386259', '46196121', 'evelyn.andrea.chin@hotmail.com', NULL, NULL, NULL, NULL, NULL, NULL, '201220463', 2, NULL, NULL, 1, 2, 3, 0, 13, NULL),
(338, 'NANCY PAOLA', 'SANTOS VELIZ', '1992-11-06 00:00:00', 201215481, '17 C 4-13 RES EL CEIBAL VILLA CANALES, Villa Canales', '', '40816022', 'nancylove24@gmail.com', NULL, NULL, NULL, NULL, NULL, NULL, '201215481', 2, NULL, NULL, 1, 2, 3, 0, 13, NULL),
(339, 'OSCAR DAVID', 'PERALTA MENDEZ', '1992-10-13 00:00:00', 201215776, '5 AV B COL STA INES COL GUAJITOS Z 21, Ciudad de Guatemala', '24794580', '46472258', 'oscar_pena1992@hotmail.com', NULL, NULL, NULL, NULL, NULL, NULL, '201215776', 1, NULL, NULL, 1, 2, 3, 0, 13, NULL),
(340, 'HEIDY LOURDES', 'IXCOT BOL', '1993-06-14 00:00:00', 201214879, '10 AV 9 C 10-21  Z 11 COL ROOSELVERT, Ciudad de Guatemala', '24710686', '50380520', 'heidylourdes_live93@hotmail.com', NULL, NULL, NULL, NULL, NULL, NULL, '201214879', 2, NULL, NULL, 1, 2, 3, 0, 13, NULL),
(341, 'JOSE ANTONIO', 'CAMEY SUAR', '1993-07-23 00:00:00', 201215977, '21 CALLE FINAL L 9 SEC II TIERRA SANTA II VILLA LOBOS I ZONA 12, Villa Nueva', '', '42296853', 'antonfree_0@hotmail.es', NULL, NULL, NULL, NULL, NULL, NULL, '201215977', 1, NULL, NULL, 1, 2, 3, 0, 13, NULL),
(342, 'CYNTHIA LISSETH', 'RIVERA FLORES', '1991-03-10 00:00:00', 201215225, '26 C A 1-A 11-32 Z 13 LA LIBERTAD, Ciudad de Guatemala', '', '47129951', 'lisseth-flores@hotmail.com', NULL, NULL, NULL, NULL, NULL, NULL, '201215225', 2, NULL, NULL, 1, 2, 3, 0, 13, NULL),
(343, 'CARMEN ELIZABETH', 'AREVALO HERNANDEZ', '1991-07-16 00:00:00', 201221981, 'SAN JOSE PINULA, San Jose Pinula', '40685997', '40625997', 'yuriperezgomez@hotmail.es', NULL, NULL, NULL, NULL, NULL, NULL, '201221981', 2, NULL, NULL, 1, 2, 3, 0, 17, NULL),
(344, 'YURI DEL ROSARIO', 'PEREZ GOMEZ', '1992-06-13 00:00:00', 201221975, 'L 9 APTO B COL SANTA DELFINA Z 18, Ciudad de Guatemala', '53791500', '53397079', 'yuriperezgomez@hotmail.com', NULL, NULL, NULL, NULL, NULL, NULL, '201221975', 2, NULL, NULL, 1, 2, 3, 0, 17, NULL),
(345, 'JEFFERSON ANTONIO', 'RAMIREZ FUENTES', '1994-02-18 00:00:00', 201210229, '33 AVENIDA 14-82 APARTAMENTO 18  ZONA 21 JUSTO RUFINO BARRIOS, Ciudad de Guatemala', '24496792', '59561582', 'jefferlx2@gmail.com', NULL, NULL, NULL, NULL, NULL, NULL, '201210229', 1, NULL, NULL, 1, 2, 3, 0, 15, NULL),
(346, 'MARIAJOSE ', 'CENTENO ALVARADO', '1993-05-06 00:00:00', 201210429, 'CASA C-11 ZONA 4 CONDOMINIO SAN ESTEBAN CONDADO NARANJO, Mixco', '24608020', '50175724', 'centeno.majo@gmail.com', NULL, NULL, NULL, NULL, NULL, NULL, '201210429', 2, NULL, NULL, 1, 2, 3, 0, 15, NULL),
(347, 'ARNULFO VIRGILIO', 'OVALLE XOCOY', '1992-09-21 00:00:00', 201210312, '12 CALLE A 0-70 ZONA 1, Ciudad de Guatemala', '22324451', '58256005', 'arnboss@hotmail.es', NULL, NULL, NULL, NULL, NULL, NULL, '201210312', 1, NULL, NULL, 1, 2, 3, 0, 15, NULL),
(348, 'PAMELA ', 'JACOBO DE LEON', '1993-10-13 00:00:00', 201210245, 'CALZADA JUSTO RUFINO BARRIOS 16-20 ZONA 21 COLONIA  MORSE, Ciudad de Guatemala', '24774503', '41497256', 'mikamushi@hotmail.com', NULL, NULL, NULL, NULL, NULL, NULL, '201210245', 2, NULL, NULL, 1, 2, 3, 0, 15, NULL),
(349, 'DERICK OSKAR', 'ARREAGA REGIL', '1993-10-24 00:00:00', 201210050, '12 AVENIDA 5-91 VALLE DE LA MARIPOSA, Amatitlan', '66336588', '56770890', 'oskararreaga@yahoo.es', NULL, NULL, NULL, NULL, NULL, NULL, '201210050', 1, NULL, NULL, 1, 2, 3, 0, 15, NULL),
(350, 'ALEJANDRO ANTULIO', 'VILLATORO LEAL', '1993-12-24 00:00:00', 201210199, '15 CALLE B 10-50 ZONA 11 LAS VILLAS DE MINERVA, Mixco', '24832542', '41769392', 'aavl_2412@hotmail.com', NULL, NULL, NULL, NULL, NULL, NULL, '201210199', 1, NULL, NULL, 1, 2, 3, 0, 15, NULL),
(351, 'KEVYN ALEJANDRO', 'DIAZ ARGUETA', '1993-11-21 00:00:00', 201211794, '6 CALLE 6 AVENIDA BARRIO CERRITO DE LA CRUZ, Barberena', '78870875', '47708746', 'kevynkornargueta@hotmail.com', NULL, NULL, NULL, NULL, NULL, NULL, '201211794', 1, NULL, NULL, 1, 11, 3, 0, 14, NULL),
(352, 'JESSY MABEL', 'ALFARO SOTO', '1994-02-28 00:00:00', 201213203, '8 AV A 5-74 ZONA 11 PLANES DE MINERVA, Mixco', '24840848', '56675882', 'jess.valen@hotmail.com', NULL, NULL, NULL, NULL, NULL, NULL, '201213203', 2, NULL, NULL, 1, 2, 3, 0, 1, NULL),
(353, 'MARIANDRE ', 'RAMAZZINI ORTEGA', '1994-04-09 00:00:00', 201213229, 'MZ L L 2 ZONA 11 COL 1RO DE MAYO, Mixco', '24835683', '59238661', 'marianramazzini@hotmail.com', NULL, NULL, NULL, NULL, NULL, NULL, '201213229', 2, NULL, NULL, 1, 2, 3, 0, 1, NULL),
(354, 'JEANNIFER ISABEL', 'REAL HERNANDEZ', '1993-05-07 00:00:00', 201220138, '14 AV 15-74 ZONA 7 RES PETAPA 2, San Miguel Petapa', '66325698', '47391509', 'jenni_princess13@hotmail.com', NULL, NULL, NULL, NULL, NULL, NULL, '201220138', 2, NULL, NULL, 1, 2, 3, 0, 1, NULL),
(355, 'EDWIN JOSUE', 'GONZALEZ BARRERA', '1994-03-05 00:00:00', 201220393, 'MZ 3 L 45 ZONA 11 COL PLANES DE MINERVA, Mixco', '24833830', '42181241', 'edwing.bar@gmail.com', NULL, NULL, NULL, NULL, NULL, NULL, '201220393', 1, NULL, NULL, 1, 2, 3, 0, 12, NULL),
(356, 'JOSELYN ANDREA', 'PINEDA MORALES', '1993-03-25 00:00:00', 201213982, '16 CALLE 15-46 ZONA 1, Ciudad de Guatemala', '22301129', '47041883', 'josandrinera@hotmail.com', NULL, NULL, NULL, NULL, NULL, NULL, '201213982', 2, NULL, NULL, 1, 2, 3, 0, 12, NULL),
(357, 'GERALDINE CELESTE', 'AREVALO LEMUS', '1992-12-22 00:00:00', 201220311, '5 CALLE E 60-52 ZONA 18 PINARES DEL NORTE, Ciudad de Guatemala', '22425051', '52888507', 'gmocha83@hotmail.com', NULL, NULL, NULL, NULL, NULL, NULL, '201220311', 2, NULL, NULL, 1, 2, 3, 0, 12, NULL),
(358, 'MILVIA ANABEL', 'HERNANDEZ MOLINA', '1991-11-02 00:00:00', 201213904, '3A. CALLE  C  2-79 Z 7 COLINAS DE MONTE  MARIA  SUR, Villa Nueva', '53066490', '51913722', 'milvia_hey@hotmail.com', NULL, NULL, NULL, NULL, NULL, NULL, '201213904', 2, NULL, NULL, 1, 2, 3, 0, 12, NULL),
(359, 'VICTOR ALEXANDER', 'MONZON MARTINEZ', '1993-02-10 00:00:00', 201215480, 'EL ROSARIO Z 18 LOTE 17 SECTOR 1 KM. 9, Ciudad de Guatemala', '22602700', '47245077', 'victor51993@hotmail.com', NULL, NULL, NULL, NULL, NULL, NULL, '201215480', 1, NULL, NULL, 1, 2, 3, 0, 13, NULL),
(360, 'STHEFANIE ANARUTH', 'RODAS SALGADO', '1989-11-30 00:00:00', 201213575, '8 C 19-41 ZONA 4 BOSQUES DE SAN NICOLAS, Mixco', '24835219', '44034113', 'anatephi@gmail.com', NULL, NULL, NULL, NULL, NULL, NULL, '201213575', 2, NULL, NULL, 1, 2, 3, 0, 1, NULL),
(361, 'EVELYN FLORIDALMA', 'AJCU CHAVEZ', '1991-06-29 00:00:00', 201211553, 'LOTE 2 MANZANA G COLONIA 10 DE FEBRERO  TIERRA NUEVA 2, Chinautla', '52522530', '51147998', 'evelyn4415@hotmail.com', NULL, NULL, NULL, NULL, NULL, NULL, '201211553', 2, NULL, NULL, 1, 2, 3, 0, 14, NULL),
(362, 'KAREN YESENIA', 'LUCAS SALVATIERRA', '1993-12-14 00:00:00', 201212455, '18 CALLE 3-61 VILLA LOBOS I Z 12, Ciudad de Guatemala', '', '46462759', 'karen.yesy@hotmail.es', NULL, NULL, NULL, NULL, NULL, NULL, '201212455', 2, NULL, NULL, 1, 2, 3, 0, 14, NULL),
(363, 'JAIME ALFREDO', 'SANTOS LOPEZ', '1983-09-05 00:00:00', 201213758, '5 CALLE A 2-87 ZONA 1 BOCA DEL MONTE, Villa Canales', '44510741', '56381055', 'santoslopezjaimealfredo46@gmail.com', NULL, NULL, NULL, NULL, NULL, NULL, '201213758', 1, NULL, NULL, 1, 2, 3, 0, 25, NULL),
(364, 'SAHARA IBETH', 'MELGAR ESCOBAR', '1991-09-04 00:00:00', 201216274, '20 C F L 34 ZONA 4 COL SATA CAT PINULA, Santa Catarina Pinula', '', '49170391', 'saharalove92@hotmail.com', NULL, NULL, NULL, NULL, NULL, NULL, '201216274', 2, NULL, NULL, 1, 2, 3, 0, 13, NULL),
(365, 'MARIA ANGELA', 'SANCHEZ MEJIA', '1991-11-24 00:00:00', 201216271, '17 AV 25 CALLE L 232 ZONA 5 COL 15 DE AGOSTO, Ciudad de Guatemala', '', '52553379', 'angie20sanchez@gmail.com', NULL, NULL, NULL, NULL, NULL, NULL, '201216271', 2, NULL, NULL, 1, 2, 3, 0, 13, NULL),
(366, 'PABLO DANIEL', 'SANTIZO ENRIQUEZ', '1990-11-06 00:00:00', 201212931, '5 AV D 1-75 ZONA 8 PRADOS DE SAN MIGUEL II, San Miguel Petapa', '66317045', '52423416', 'sspabl.1@gmail.com', NULL, NULL, NULL, NULL, NULL, NULL, '201212931', 1, NULL, NULL, 1, 2, 3, 0, 1, NULL),
(367, 'CHLOE YAMINA', 'AELVOET ', '1992-01-25 00:00:00', 201280022, '7 CALLE PONIENTE 27, Antigua Guatemala', '', '44359697', 'chlo_25@hotmail.com', NULL, NULL, NULL, NULL, NULL, NULL, '201280022', 2, NULL, NULL, 1, 3, 6, 0, 1, NULL),
(368, 'JOSUE ISMAEL', 'NAJERA CARDONA', '1989-10-15 00:00:00', 201220228, '33 CALLE 13-21  ZONA 6  LODEBRAN 1, Mixco', '', '41542843', 'jcardona_05@hotmail.com', NULL, NULL, NULL, NULL, NULL, NULL, '201220228', 1, NULL, NULL, 1, 2, 3, 0, 11, NULL),
(369, 'JOSEFINA SILVIA', 'SILVESTRE DIAZ', '1982-03-02 00:00:00', 201219183, 'LOTE 60 SEC 1 B VILLA HERMOSA, San Miguel Petapa', '56707631', '54785509', 'yaya892@hotmail.com', NULL, NULL, NULL, NULL, NULL, NULL, '201219183', 2, NULL, NULL, 1, 2, 3, 0, 17, NULL),
(370, 'MARCO TULIO', 'MEJIA GARCIA', '1993-06-14 00:00:00', 201210933, 'CARRETERA A EL SALVADOR KILOMETRO 36.5 JOCOTILLO, Villa Canales', '43013799', '50794589', 'macomejia62@hotmail.com', NULL, NULL, NULL, NULL, NULL, NULL, '201210933', 1, NULL, NULL, 1, 2, 3, 0, 14, NULL),
(371, 'JHOSELYN ROSEMARY', 'MENDEZ AJCUC', '1992-08-23 00:00:00', 201211735, 'LOTE 24 MANZANA N SECTOR 6 ZONA 7 PRADOS DE VILLA HERMOSA, San Miguel Petapa', '', '51290650', 'm.ery92@hotmail.es', NULL, NULL, NULL, NULL, NULL, NULL, '201211735', 2, NULL, NULL, 1, 2, 3, 0, 14, NULL),
(372, 'ROXANA AMANDA', 'DE LEON RUANO', '1990-04-18 00:00:00', 201217001, '35 AV 23-69 ZONA  7 COLONIA  KJELL LAUGERUD, Ciudad de Guatemala', '24367791', '55029905', 'roxy_xxoo@hotmail.com', NULL, NULL, NULL, NULL, NULL, NULL, '201217001', 2, NULL, NULL, 1, 2, 3, 0, 23, NULL),
(373, 'LESLIE MARIANA', 'GOMEZ ZABALETA', '1992-05-16 00:00:00', 201211417, 'L2B ENTRADA A COLONIA EL ROSARIO ZONA 18, Ciudad de Guatemala', '55014502', '55188463', 'lesliegomezza@hotmail.com', NULL, NULL, NULL, NULL, NULL, NULL, '201211417', 2, NULL, NULL, 1, 2, 3, 0, 14, NULL),
(374, 'MEYLING CELESTE', 'AGUIRRE CHAVEZ', '1992-09-19 00:00:00', 201222218, '14 AV C 13-46 Z 6 COLONIA QUINTANAL, Ciudad de Guatemala', '22883518', '54776315', 'mey_cele@hotmail.com', NULL, NULL, NULL, NULL, NULL, NULL, '201222218', 2, NULL, NULL, 1, 2, 3, 0, 13, NULL),
(375, 'FELIX SAMUEL', 'POYON CASTRO', '1992-06-30 00:00:00', 201214666, '17 AV 25 C L 20 A ZONA 5 COL 15 DE AGOSTO, Ciudad de Guatemala', '23364800', '41997068', 'sam2011_gua130@yahoo.com', NULL, NULL, NULL, NULL, NULL, NULL, '201214666', 1, NULL, NULL, 1, 2, 3, 0, 24, NULL),
(376, 'ROSA MARIA', 'AJU MENDEZ', '1992-11-22 00:00:00', 201215709, '13 AV 20-00 SANTA ISABEL II  ZONA 3, Villa Nueva', '24350512', '42299640', 'rosymendez_18a@hotmail.com', NULL, NULL, NULL, NULL, NULL, NULL, '201215709', 2, NULL, NULL, 1, 2, 3, 0, 13, NULL),
(377, 'TANIA GUADALUPE', 'INTERIANO ZACARIAS', '1993-07-31 00:00:00', 201222528, '6 C 5-30 Z 3 COLONIA EL INCIENSO, Ciudad de Guatemala', '22303322', '43371009', 'tania_linda258@hotmail.com', NULL, NULL, NULL, NULL, NULL, NULL, '201222528', 2, NULL, NULL, 1, 2, 3, 0, 13, NULL),
(378, 'LIDIA CECILIA', 'CHOCON DAVILA', '1985-09-01 00:00:00', 201221987, 'ALDEA CANTRERAS, San Jose Pinula', '', '50514062', 'lidiacecilia@yahoo.es', NULL, NULL, NULL, NULL, NULL, NULL, '201221987', 2, NULL, NULL, 1, 2, 3, 0, 17, NULL),
(379, 'CESAR DANIEL', 'SAQUEC TZUQUEN', '1991-10-12 00:00:00', 201212646, '2 CALLEJON 1-177 Z 1 LAS MAJADAS CHIMALTENANGO, Chimaltenango', '78394440', '42427233', 'i_love_mymusic@live.com', NULL, NULL, NULL, NULL, NULL, NULL, '201212646', 1, NULL, NULL, 1, 8, 3, 0, 1, NULL),
(380, 'MAYNOR GUSTAVO', 'LOPEZ XICAY', '1993-05-05 00:00:00', 201211639, '3 CALLE 3-06 ZONA 2, San Antonio Aguas Calientes', '51271349', '41816840', 'maynorlopez-55@hotmail.com', NULL, NULL, NULL, NULL, NULL, NULL, '201211639', 1, NULL, NULL, 1, 3, 3, 0, 14, NULL),
(381, 'ELVIS ALFREDO', 'GOMEZ GODINEZ', '1979-01-12 00:00:00', 201212230, '1 CALLE B 0-15 ZONA 4, San Antonio Aguas Calientes', '79439421', '53867141', 'ckhangaroo12@hotmail.com', NULL, NULL, NULL, NULL, NULL, NULL, '201212230', 1, NULL, NULL, 1, 3, 3, 0, 14, NULL),
(382, 'JESSICA MARLENY', 'SUNUN TUY', '1993-04-03 00:00:00', 201219813, '4 CANTON, Santa Maria de Jesus', '78323474', '53428344', 'jessicasunun@hotmail.com', NULL, NULL, NULL, NULL, NULL, NULL, '201219813', 2, NULL, NULL, 1, 3, 3, 0, 15, NULL),
(383, 'BENJAMIN AMADO', 'JEREZ SILIEZAR', '1992-04-09 00:00:00', 201214727, '16 AVENIDA 6-11 ZONA 6 PARROQUIA, Ciudad de Guatemala', '22891870', '50103052', 'siliezar-amado@hotmail.com', NULL, NULL, NULL, NULL, NULL, NULL, '201214727', 1, NULL, NULL, 1, 2, 3, 0, 21, NULL),
(384, 'CINTHYA GUADALUPE', 'ALFARO ROMAN', '1992-03-09 00:00:00', 201210785, '1 C 1-39 COL. MI ILUSION I, Amatitlan', '66332583', '42170625', 'cinthyaguadalupealfaro@hotmail.com', NULL, NULL, NULL, NULL, NULL, NULL, '201210785', 2, NULL, NULL, 1, 2, 3, 0, 11, NULL),
(385, 'FERNANDO JOSE', 'MAZARIEGOS CAMAS', '1993-09-01 00:00:00', 201220172, '5 C 1-37 ZONA 9, Ciudad de Guatemala', '23319677', '59783342', 'fernandito19_93@hotmail.com', NULL, NULL, NULL, NULL, NULL, NULL, '201220172', 1, NULL, NULL, 1, 2, 3, 0, 1, NULL),
(386, 'LUIS ALEJANDRO', 'MENDEZ ', '1992-12-02 00:00:00', 201213254, 'MZ F L 20 ZONA 8 VALLES DE SEVILLA CIUDAD SAN CRISTOBAL, Mixco', '24779081', '50280682', 'treo_06ale@hotmail.com', NULL, NULL, NULL, NULL, NULL, NULL, '201213254', 1, NULL, NULL, 1, 2, 3, 0, 1, NULL),
(387, 'LUVIA BEATRIZ', 'URIAS MONTERROSO', '1993-02-23 00:00:00', 201221386, 'KM 31 1/2 CARR A SANTA ROSA DE LIMA SANTA ROSA, Santa Rosa de Lima', '66371713', '42280791', 'luvia93urias@hotmail.com', NULL, NULL, NULL, NULL, NULL, NULL, '201221386', 2, NULL, NULL, 1, 11, 3, 0, 17, NULL);
INSERT INTO `paciente` (`idpaciente`, `nombre`, `apellido`, `fecha_nac`, `carne`, `direccion`, `telefono`, `movil`, `email`, `emer_nombre`, `idemer_parentesco`, `emer_telefono`, `emer_movil`, `tipo_sangreidtipo_sangre`, `estado_civilidestado_civil`, `usuario`, `sexo`, `titulo_secundaria`, `crecio_en`, `estado`, `iddepartamento`, `idnacionalidad`, `examen_linea`, `idunidad_academica`, `fecha_exam`) VALUES
(388, 'RODOLFO JOSE', 'SANDOVAL GATICA', '1993-06-10 00:00:00', 201210228, '14 AVENIDA 22-82 ZONA 11 GRANAI III, Ciudad de Guatemala', '24764963', '50165344', 'rodolfosandoval7@gmail.com', NULL, NULL, NULL, NULL, NULL, NULL, '201210228', 1, NULL, NULL, 1, 2, 3, 0, 15, NULL),
(389, 'MAYENCI YALILETH', 'ROMERO SANCHEZ', '1994-05-29 00:00:00', 201219933, '15 CALLE 3-06 ZONA 3 AVENIDA EL CEMENTERIO, Ciudad de Guatemala', '49101155', '41123683', 'mayenci_07@hotmail.com', NULL, NULL, NULL, NULL, NULL, NULL, '201219933', 2, NULL, NULL, 1, 2, 3, 0, 15, NULL),
(390, 'SAMUEL ESTUARDO', 'HERNANDEZ HERNANDEZ', '1992-03-04 00:00:00', 201216138, '7 C 17-16 ZONA 6 LA PARROQUIA, Ciudad de Guatemala', '22885592', '41409333', 'tato1992a-@hotmail.com', NULL, NULL, NULL, NULL, NULL, NULL, '201216138', 1, NULL, NULL, 1, 2, 3, 0, 13, NULL),
(391, 'ANDREA ISABEL', 'MORALES ALVIZURES', '1993-07-15 00:00:00', 201224248, '17 CALLE 48-21 ZONA  5, Ciudad de Guatemala', '23362015', '41623383', 'andrearenita@gmail.com', NULL, NULL, NULL, NULL, NULL, NULL, '201224248', 2, NULL, NULL, 1, 2, 3, 0, 20, NULL),
(392, 'DIEGO FERNANDO', 'HIGUEROS MARTINEZ', '1993-10-06 00:00:00', 201210196, '5 CALLE 34-42 ZONA 4 BOSQUES DE SAN NICOLAS, Mixco', '24343695', '54808983', 'diego.higueros@gmail.com', NULL, NULL, NULL, NULL, NULL, NULL, '201210196', 1, NULL, NULL, 1, 2, 3, 0, 15, NULL),
(393, 'JAQUELINE PAOLA', 'LEMUS ARRIAZA', '1993-11-02 00:00:00', 201210965, '5 CALLE 61-14 ZONA 18 PINARES DEL NORTE, Ciudad de Guatemala', '22574431', '51279326', 'j.paolalemus@gmail.com', NULL, NULL, NULL, NULL, NULL, NULL, '201210965', 2, NULL, NULL, 1, 2, 3, 0, 14, NULL),
(394, 'JUANA YOMARA', 'REYES CASTILLO', '1985-03-10 00:00:00', 201221299, '3 AV. 8 -43 Z 3 SN JOSE PINULA, San Jose Pinula', '66348357', '40073497', 'missyomara@hotmail.es', NULL, NULL, NULL, NULL, NULL, NULL, '201221299', 2, NULL, NULL, 1, 2, 3, 0, 17, NULL),
(395, 'SILVIA MARLENY', 'ANTONIO GONZALEZ', '1994-10-15 00:00:00', 201211847, 'COLONIA CHINA, Cuilapa', '78865645', '41288570', 'chinita_ansar@hotmail.com', NULL, NULL, NULL, NULL, NULL, NULL, '201211847', 2, NULL, NULL, 1, 11, 3, 0, 14, NULL),
(396, 'MARIAJOSE ', 'DURAN FIALKO', '1992-06-24 00:00:00', 201212918, '10 AVE 44-72 ZONA 12 PRADOS MONTE MARIA, Ciudad de Guatemala', '24772366', '54252674', 'majis_lindaduran@hotmail.com', NULL, NULL, NULL, NULL, NULL, NULL, '201212918', 2, NULL, NULL, 1, 2, 3, 0, 1, NULL),
(397, 'SILVIA GABRIELA', 'HERNANDEZ MAYEN', '1994-02-11 00:00:00', 201210139, '8 AVENIDA 3-21 ZONA 12 REFORMITA, Ciudad de Guatemala', '56404111', '45202949', 'perfect_danze@hotmail.com', NULL, NULL, NULL, NULL, NULL, NULL, '201210139', 2, NULL, NULL, 1, 2, 3, 0, 15, NULL),
(398, 'LESLI MELISSA', 'ESPINOZA SANDOVAL', '1993-04-04 00:00:00', 201215729, '8 C 12-92 COL EL TABLONCITO Z 1, Villa Nueva', '66366889', '46908816', 'lmes0404@hotmail.com', NULL, NULL, NULL, NULL, NULL, NULL, '201215729', 2, NULL, NULL, 1, 2, 3, 0, 13, NULL),
(399, 'MARITZA JOHANNA', 'ESQUINA MORALES', '1979-05-04 00:00:00', 201222762, 'lte 163 sec b Col. Sta. Sofia San Jose PIinula, San Jose Pinula', '48358652', '45567460', 'maritza221b@gmail.com', NULL, NULL, NULL, NULL, NULL, NULL, '201222762', 2, NULL, NULL, 1, 2, 3, 0, 17, NULL),
(400, 'DAVID ESTUARDO', 'RUANO CATALAN', '1994-11-21 00:00:00', 201210249, 'KILOMETRO 10.3 A ATLANTICO CASA 39 ZONA 18 CONDOMINIO ALTOS DE CASA GRANDE, Ciudad de Guatemala', '22608596', '50160382', 'dave93_ru@yahoo.com', NULL, NULL, NULL, NULL, NULL, NULL, '201210249', 1, NULL, NULL, 1, 2, 3, 0, 15, NULL),
(401, 'CARLOS ', 'LOPEZ ARRIAZA', '1993-08-23 00:00:00', 201210224, '9 AVENIDA 8-20 ZONA 17 RESIDENCIALES DEL NORTE, Ciudad de Guatemala', '22552235', '50162504', 'carlosloparr@gmail.com', NULL, NULL, NULL, NULL, NULL, NULL, '201210224', 1, NULL, NULL, 1, 2, 3, 0, 15, NULL),
(402, 'DIEGO ALFREDO', 'BRAN MONSANTO', '1994-04-05 00:00:00', 201210450, 'KM 19.5 A SAN JOSE PINULA CASA 7 VILLA LOS PINABETES CONDADO  LOS NARANJOS, Ciudad de Guatemala', '', '40444874', 'diegobran01@gmail.com', NULL, NULL, NULL, NULL, NULL, NULL, '201210450', 1, NULL, NULL, 1, 2, 3, 0, 15, NULL),
(403, 'MARIBEL MARLENY', 'PATZAN TIZOL', '1992-01-17 00:00:00', 201210490, '7 CALLE  9-89 ZONA 7  LA BRIGADA, Mixco', '57978571', '48565045', 'maribmar1@hotmail.com', NULL, NULL, NULL, NULL, NULL, NULL, '201210490', 2, NULL, NULL, 1, 2, 3, 0, 15, NULL),
(404, 'GLENDA VICTORIA', 'ALVARADO MENDEZ', '1992-07-05 00:00:00', 201219888, '9 AVENIDA 6-55 ZONA 7 QUINTA SAMAYOA, Ciudad de Guatemala', '24723699', '48629977', 'viglen_der@hotmail.com', NULL, NULL, NULL, NULL, NULL, NULL, '201219888', 2, NULL, NULL, 1, 2, 3, 0, 15, NULL),
(405, 'LORENA NOHEMY', 'HERNANDEZ HERRERA', '1992-09-16 00:00:00', 201210030, '27 CALLE FINAL LOTE 44 ZONA 5 COLONIA COVIAS, Ciudad de Guatemala', '23356952', '48469787', 'ymehonhernandeznohemy@hotmail.es', NULL, NULL, NULL, NULL, NULL, NULL, '201210030', 2, NULL, NULL, 1, 2, 3, 0, 15, NULL),
(406, 'JUAN ANTONIO', 'CHITI SEBASTIAN', '1989-05-24 00:00:00', 201211425, '2 AVENIDA 27 CALLE 27-49 COLONIA EL EDEN  SAN JOSE LA COMUNIDAD ZONA 10, Mixco', '', '41414717', 'chiti.juan@gmail.com', NULL, NULL, NULL, NULL, NULL, NULL, '201211425', 1, NULL, NULL, 1, 2, 3, 0, 14, NULL),
(407, 'NINETH MARICELY', 'CANO RODRIGUEZ', '1993-03-14 00:00:00', 201216445, '40 AV 24 CALLE 39-35 ZONA 5 COL ARRIVILLAGA, Ciudad de Guatemala', '59104564', '59104564', 'nineth17@live.com', NULL, NULL, NULL, NULL, NULL, NULL, '201216445', 2, NULL, NULL, 1, 2, 3, 0, 13, NULL),
(408, 'MIGUEL ANTONIO', 'ROSALES ', '1983-03-29 00:00:00', 201216882, '29 C 3-30 Z 12 COL EL CARMEN, Ciudad de Guatemala', '', '41611207', 'toblue83@hotmail.com', NULL, NULL, NULL, NULL, NULL, NULL, '201216882', 1, NULL, NULL, 1, 2, 3, 0, 23, NULL),
(409, 'MARIA DE LOS ANGELES', 'MARQUEZ GARCIA', '1992-11-21 00:00:00', 201222532, '5 CALLE 1-14 Z 7 COL BELENCITO, Mixco', '', '58932317', 'marquez.garcia@hotmail.es', NULL, NULL, NULL, NULL, NULL, NULL, '201222532', 2, NULL, NULL, 1, 2, 3, 0, 13, NULL),
(410, 'ANA GABRIELA', 'BUTTS LEMUS', '1990-08-24 00:00:00', 201220808, '31 AV C 4-47 Z 7, Ciudad de Guatemala', '24394521', '45173339', 'gabfresa@gmail.com', NULL, NULL, NULL, NULL, NULL, NULL, '201220808', 2, NULL, NULL, 1, 2, 3, 0, 14, NULL),
(411, 'LUISA FERNANDA', 'GUERRA RAMAZZINI', '1992-12-29 00:00:00', 201216665, 'AV ELENA 6-22 Z 3, Ciudad de Guatemala', '58940514', '47546750', 'luisa_112358@hotmail.com', NULL, NULL, NULL, NULL, NULL, NULL, '201216665', 2, NULL, NULL, 1, 2, 3, 0, 20, NULL),
(412, 'SINDY BEATRIZ', 'ESTRADA MENDEZ', '1993-09-15 00:00:00', 201219676, 'AVENIDA LAS AMERICAS 9-19 ZONA 1, Quetzaltenango', '53993038', '58717350', 'chikbem65@hotmail.com', NULL, NULL, NULL, NULL, NULL, NULL, '201219676', 2, NULL, NULL, 1, 12, 3, 0, 15, NULL),
(413, 'MAYA GABRIELA', 'GATICA RAMIREZ', '1994-01-15 00:00:00', 201210264, '9 CALLE C 13-36 ZONA 8 GRANJAS DE SAN CRISTOBAL, Mixco', '55108273', '41515131', 'maya.gatik@gmail.com', NULL, NULL, NULL, NULL, NULL, NULL, '201210264', 2, NULL, NULL, 1, 2, 3, 0, 15, NULL),
(414, 'JULIO DAVID', 'VELASQUEZ DARDON', '1993-01-15 00:00:00', 201212727, 'JARDINES DE SN LUCAS 4 CASA C, San Lucas Sacatepequez', '78307439', '56467389', 'jd-julio@hotmail.com', NULL, NULL, NULL, NULL, NULL, NULL, '201212727', 1, NULL, NULL, 1, 3, 3, 0, 1, NULL),
(415, 'ISAAC ALEXANDER', 'LOPEZ RODRIGUEZ', '1994-05-29 00:00:00', 201213121, '4 AV 20-05 ZONA  10 CONDOMINIO VALLE DE SAN JACINTO, Mixco', '52968455', '52708232', 'alex290594@yahoo.com', NULL, NULL, NULL, NULL, NULL, NULL, '201213121', 1, NULL, NULL, 1, 2, 3, 0, 1, NULL),
(416, 'ANDREA ELIZABETH', 'GARCIA RODAS', '1995-09-17 00:00:00', 201210301, '3 CALLE 10-45 ZONA 4 CIUDAD DEL SOL, Villa Nueva', '66366196', '41413965', 'lizzierd95@hotmail.com', NULL, NULL, NULL, NULL, NULL, NULL, '201210301', 2, NULL, NULL, 1, 2, 3, 0, 15, NULL),
(417, 'JOSE ROBERTO', 'ARRIAZA RIVERA', '1993-12-31 00:00:00', 201213489, 'MZ G CASA 7 ZONA 18 RES VILLAS ALAMEDA, Ciudad de Guatemala', '', '50160158', 'joserobertoarriaza@gmail.com', NULL, NULL, NULL, NULL, NULL, NULL, '201213489', 1, NULL, NULL, 1, 2, 3, 0, 1, NULL),
(418, 'MARIA IRENE', 'MEJIA CRUZ', '1990-02-13 00:00:00', 201222812, 'ALDEA LAS NUBES CASERIO PLAN GRANDE, San Jose Pinula', '40760697', '48754731', 'auroris9f@hotmail.com', NULL, NULL, NULL, NULL, NULL, NULL, '201222812', 2, NULL, NULL, 1, 2, 3, 0, 17, NULL),
(419, 'MARIA ISABEL', 'FRANCO ', '1988-03-03 00:00:00', 201222811, '7 AV B SN JOSE PINULA, San Jose Pinula', '52061537', '52061237', 'isa_franco21@hotmail.com', NULL, NULL, NULL, NULL, NULL, NULL, '201222811', 2, NULL, NULL, 1, 2, 3, 0, 17, NULL),
(420, 'PABLO ANDRES', 'VASQUEZ SANCHEZ', '1993-11-29 00:00:00', 201222400, '2 CALLE 35-14 CASA 28 SECTOR 2 ZONA 7 RECIDENCIALES LAS DALIAS, Ciudad de Guatemala', '24750083', '47707284', 'pabloanvs10@hotmail.com', NULL, NULL, NULL, NULL, NULL, NULL, '201222400', 1, NULL, NULL, 1, 2, 3, 0, 19, NULL),
(421, 'RONNY UZIEL', 'PEREN CHEX', '1993-08-26 00:00:00', 201213300, '3 AV 1-08 ZONA 2, Comalapa', '78498009', '47303804', 'ruz268@gmail.com', NULL, NULL, NULL, NULL, NULL, NULL, '201213300', 1, NULL, NULL, 1, 8, 3, 0, 1, NULL),
(422, 'HECTOR ANDRES', 'GODINEZ HURTARTE', '1993-06-08 00:00:00', 201222668, '1 AV 0-34 Z 6, San Miguel Petapa', '', '59233436', 'hgodinez888@gmail.com', NULL, NULL, NULL, NULL, NULL, NULL, '201222668', 1, NULL, NULL, 1, 2, 3, 0, 1, NULL),
(423, 'CARLOS ARTURO', 'DELL GARCIA', '1993-10-14 00:00:00', 201213533, '16 C 8-58 ZONA 21 LOMA BLANCA, Ciudad de Guatemala', '24494918', '59752302', 'tutodell-99@hotmail.com', NULL, NULL, NULL, NULL, NULL, NULL, '201213533', 1, NULL, NULL, 1, 2, 3, 0, 1, NULL),
(424, 'TRAUTTE GABRIELA', 'OCAMPO KIRSTE', '1992-09-09 00:00:00', 201220260, 'KM 16.6 CAR SALVADOR PIEDRA PARADA, Santa Catarina Pinula', '', '46644020', 'goki_92@hotmail.com', NULL, NULL, NULL, NULL, NULL, NULL, '201220260', 2, NULL, NULL, 1, 2, 3, 0, 12, NULL),
(425, 'MARIANA EUGENIA', 'MONZON DE PAZ', '1992-11-28 00:00:00', 201222850, 'SAN JOSE PINULA, GUATEMALA, San Jose Pinula', '66415121', '47685503', 'maeumonzon@hotmail.com', NULL, NULL, NULL, NULL, NULL, NULL, '201222850', 2, NULL, NULL, 1, 2, 3, 0, 17, NULL),
(426, 'MIRTIL RODRIGO', 'SEVILLANOS TORRES', '1993-06-17 00:00:00', 201220402, '14 A S AZALEAS RESIDENCIALES SAN JOSE, San Jose Pinula', '66407525', '47683741', 'rodrigosevillanos93@gmail.com', NULL, NULL, NULL, NULL, NULL, NULL, '201220402', 1, NULL, NULL, 1, 2, 3, 0, 12, NULL),
(427, 'KENNY OLWIN', 'GARCIA GRAMAJO', '1993-08-06 00:00:00', 201220403, '6 AV FINAL NORTE LOTE 10, San Lucas Sacatepequez', '78303109', '47068285', 'kennymetal1@hotmail.com', NULL, NULL, NULL, NULL, NULL, NULL, '201220403', 1, NULL, NULL, 1, 3, 3, 0, 12, NULL),
(428, 'BERTA LINA', 'CASTILLO GRIJALVA', '1974-09-18 00:00:00', 201221490, 'SAN JOSE PINULA, San Jose Pinula', '44467454', '51587318', 'uvaldoabril@hotmail.com', NULL, NULL, NULL, NULL, NULL, NULL, '201221490', 2, NULL, NULL, 1, 2, 3, 0, 17, NULL),
(429, 'SILVIA HORTENCIA', 'ESPAÑA SAGASTUME', '1994-05-10 00:00:00', 201220672, '15 CALLE B  3-13 Z 3 AVENIDA DE EL CEMENTERIO, Ciudad de Guatemala', '22512699', '', 'silvia_2923@hotmail.com', NULL, NULL, NULL, NULL, NULL, NULL, '201220672', 2, NULL, NULL, 1, 2, 3, 0, 14, NULL),
(430, 'TATIANA ELIZABETH', 'TEPEU AVILA', '1991-08-30 00:00:00', 201222420, '15 CALLE A 11-46 ZONA 11, Mixco', '24830083', '58289311', 'tatiana_tepeu@hotmail.com', NULL, NULL, NULL, NULL, NULL, NULL, '201222420', 2, NULL, NULL, 1, 2, 3, 0, 23, NULL),
(431, 'ESTEBAN EDUARDO', 'GONZALEZ PORTILLO', '1993-10-10 00:00:00', 201222422, '18 CALLE A 16-39 ZONA 6 PROYECTOS 4-4, Ciudad de Guatemala', '22893727', '56206881', 'can_che_10@hotmail.com', NULL, NULL, NULL, NULL, NULL, NULL, '201222422', 1, NULL, NULL, 1, 2, 3, 0, 15, NULL),
(432, 'YONI ARIEL', 'SIMON CURRUCHICH', '1992-08-05 00:00:00', 201221226, '7 AVE 1-81 ZONA  3 BARRIO CHICHACON, Comalapa', '40781416', '40968335', 'el-chingonsimom@hotmail.com', NULL, NULL, NULL, NULL, NULL, NULL, '201221226', 1, NULL, NULL, 1, 8, 3, 0, 23, NULL),
(433, 'LESLY KARINA', 'LEMUS ', '1992-11-02 00:00:00', 201217052, '7 C 2-19 SEC 1 ZONA3 EL PUEBLITO, Santa Catarina Pinula', '', '56737976', 'lemuslesly@gmail.com', NULL, NULL, NULL, NULL, NULL, NULL, '201217052', 2, NULL, NULL, 1, 2, 3, 0, 20, NULL),
(434, 'CLAUDIA ANDREA', 'SOLIS VILLAGRAN', '1988-03-03 00:00:00', 201211603, '12 CALLE 16-02 EDIFICIO A APARTAMENTO 309 ZONA 21 NIMAJUYU I, Ciudad de Guatemala', '24487335', '45176851', 'solisandreita@yahoo.com', NULL, NULL, NULL, NULL, NULL, NULL, '201211603', 2, NULL, NULL, 1, 2, 3, 0, 14, NULL),
(435, 'GILMER ADONALS', 'TURCIOS TIPAZ', '1990-08-14 00:00:00', 201214849, '13 AV 2-01 L 20 MZ W SEC B-1 Z 8 SAN CRISTOBAL, Mixco', '57946892', '47540421', 'donal_jombi@hotmail.com', NULL, NULL, NULL, NULL, NULL, NULL, '201214849', 1, NULL, NULL, 1, 2, 3, 0, 13, NULL),
(436, 'MAYDI SABRINA', 'MONRROY RODRIGUEZ', '1984-11-25 00:00:00', 201216555, 'L 15 MZ 27 Z 24 CANALITOS JAGUEY, Ciudad de Guatemala', '57525495', '52663740', 'maydimonroy@hotmail.com', NULL, NULL, NULL, NULL, NULL, NULL, '201216555', 2, NULL, NULL, 1, 2, 3, 0, 20, NULL),
(437, 'BARBARA SOFIA', 'ROSALES QUIJANO', '1991-04-29 00:00:00', 201216499, 'KM 14.5 CARRETERA AL ATLANTICO LOTE 8 LOS ENCINOS ZONA 18, Ciudad de Guatemala', '24374265', '49852246', 'www.rosalesso5@hotmail.com', NULL, NULL, NULL, NULL, NULL, NULL, '201216499', 2, NULL, NULL, 1, 2, 3, 0, 20, NULL),
(438, 'JHENNIFER PAOLA', 'CABRERA CARACUN', '1991-09-13 00:00:00', 201216540, '12 AV 8 CALLE 12-66 ZONA 11 COL ROOSEVELTH, Ciudad de Guatemala', '24751656', '51520430', 'jen_pao13@hotmail.com', NULL, NULL, NULL, NULL, NULL, NULL, '201216540', 2, NULL, NULL, 1, 2, 3, 0, 20, NULL),
(439, 'KARLA ELIZABETH', 'RUIZ ARCHILA', '1993-09-24 00:00:00', 201210406, 'KM 29 CARR A EL SALVADOR SAN LORENZO DE ALMAGRO, Villa Canales', '66465129', '59233210', 'karlaeli.ruiz@gmail.com', NULL, NULL, NULL, NULL, NULL, NULL, '201210406', 2, NULL, NULL, 1, 2, 3, 0, 15, NULL),
(440, 'ANA FABIOLA', 'DEL CID SERRA', '1994-02-14 00:00:00', 201210032, '7 CALLE 1-42 ZONA 1, Nueva Santa Rosa', '78889246', '40407316', 'pinkfb14@hotmail.com', NULL, NULL, NULL, NULL, NULL, NULL, '201210032', 2, NULL, NULL, 1, 11, 3, 0, 15, NULL),
(441, 'FRANCISCO JAVIER', 'PINEDA AMAYA', '1994-02-04 00:00:00', 201210408, 'KILOMETRO 16.5 A EL SALVADOR, Fraijanes', '66341902', '47699898', 'fpineda.amaya@gmail.com', NULL, NULL, NULL, NULL, NULL, NULL, '201210408', 1, NULL, NULL, 1, 2, 3, 0, 15, NULL),
(442, 'RUBI MARLENY', 'LOPEZ FRANCO', '1983-10-05 00:00:00', 201211815, '6 AVENIDA 7-18 ZONA 12 MEZQUITAL, Villa Nueva', '58377911', '58839191', 'rubidiamante7@hotmail.com', NULL, NULL, NULL, NULL, NULL, NULL, '201211815', 2, NULL, NULL, 1, 2, 3, 0, 14, NULL),
(443, 'AURA SOFIA', 'ALVIZURIS HERNANDEZ', '1992-11-06 00:00:00', 201240634, '0 CALLE 6-12 Z URBANA EL RINCON, Palencia', '56832164', '48970631', 'alvisofia@hotmail.com', NULL, NULL, NULL, NULL, NULL, NULL, '201240634', 2, NULL, NULL, 1, 2, 3, 0, 37, NULL),
(444, 'ALBA LETICIA', 'PEREZ RAMIREZ', '1989-07-05 00:00:00', 201212406, '2 AV 3-57 ZONA 16 CONCEPCION LAS LOMAS, Ciudad de Guatemala', '', '44442056', 'letty999r@gmail.com', NULL, NULL, NULL, NULL, NULL, NULL, '201212406', 2, NULL, NULL, 1, 2, 3, 0, 14, NULL),
(445, 'LUISA FERNANDA', 'ROSALES RIVERA', '1992-08-25 00:00:00', 201219568, 'CASA 7 MAZ 36 COL VALLE DE MINERVA Z 11 MIXCO, Mixco', '24831626', '42165284', 'fernanda_1825lkrrplmm@hotmail.com', NULL, NULL, NULL, NULL, NULL, NULL, '201219568', 1, NULL, NULL, 1, 2, 3, 0, 17, NULL),
(446, 'ANA SILVIA', 'PIRIR SANDOVAL', '1987-07-22 00:00:00', 201216248, '34 AVE A 15-23 ZONA 5 COL ABRIL, Ciudad de Guatemala', '23361131', '40067615', 'anita6003@hotmail.com', NULL, NULL, NULL, NULL, NULL, NULL, '201216248', 2, NULL, NULL, 1, 2, 3, 0, 13, NULL),
(447, 'ANGEL GABRIEL', 'LOPEZ HERNANDEZ', '1985-06-22 00:00:00', 201211398, '23 CALLE 3 AVENIDA 23-29 ZONA 1, Ciudad de Guatemala', '22514234', '59712124', 'angellohernandez@hotmail.com', NULL, NULL, NULL, NULL, NULL, NULL, '201211398', 1, NULL, NULL, 1, 2, 3, 0, 14, NULL),
(448, 'ELIZARDO BLAVINIR', 'RAMIREZ GUZMAN', '1993-02-12 00:00:00', 201211567, 'CALLEJON EL INJERTAL 3 ZONA 1 SAN FELIPE DE JESUS, Antigua Guatemala', '78311369', '44686283', 'blavinir_ram1993@hotmail.com', NULL, NULL, NULL, NULL, NULL, NULL, '201211567', 1, NULL, NULL, 1, 3, 3, 0, 14, NULL),
(449, 'JHONATAN ALEJANDRO', 'QUEZADA MORALES', '1993-02-05 00:00:00', 201216588, '2 C A 3-45 ZONA 2 COL 20 DE OCTUBRE, El Tejar', '78490094', '46037571', 'jhonatanquezada@hotmail.com', NULL, NULL, NULL, NULL, NULL, NULL, '201216588', 1, NULL, NULL, 1, 8, 3, 0, 20, NULL),
(450, 'HELEN ESMERALDA', 'NUÑEZ CONTRERAS', '1991-06-20 00:00:00', 201217147, 'MODULO 18-13 A APTO 211 SUR ZONA 21 NIMAJUYU I, Ciudad de Guatemala', '24491317', '56867616', 'helen.n17@hotmail.es', NULL, NULL, NULL, NULL, NULL, NULL, '201217147', 2, NULL, NULL, 1, 2, 3, 0, 23, NULL),
(451, 'MARIA ISABEL', 'CAZALI ORDOÑEZ', '1992-07-06 00:00:00', 201220283, '6 CALLE 6-72 ZONA 8 BALCONES II SAN CRISTOBAL, Mixco', '24783624', '56563977', 'isabel-co@hotmail.com', NULL, NULL, NULL, NULL, NULL, NULL, '201220283', 2, NULL, NULL, 1, 2, 3, 0, 12, NULL),
(452, 'DINA ISABEL', 'GOMEZ CHAVEZ', '1993-01-12 00:00:00', 201217558, '3 CALLE 7-071 Z 2 BO SN FRANCISCO, Jalapa', '', '48231631', 'unalumnaestudiosa@hotmail.com', NULL, NULL, NULL, NULL, NULL, NULL, '201217558', 2, NULL, NULL, 1, 5, 3, 0, 17, NULL),
(453, 'NELLY GABRIELA', 'ALVAREZ VELIZ', '1994-10-05 00:00:00', 201213548, '2 C 3-42 ZONA 21 COL GUAJITOS, Ciudad de Guatemala', '24794726', '43954486', 'nelly.gab510@hotmail.com', NULL, NULL, NULL, NULL, NULL, NULL, '201213548', 2, NULL, NULL, 1, 2, 3, 0, 1, NULL),
(454, 'LUCRECIA ELIZABETH', 'VELASQUEZ FLORES', '1989-04-02 00:00:00', 201215384, 'SEC P L 204 COL EL MILAGRO  Z 6 MIXCO, Mixco', '41137410', '56520187', 'ly_vf@hotmail.com', NULL, NULL, NULL, NULL, NULL, NULL, '201215384', 2, NULL, NULL, 1, 2, 3, 0, 13, NULL),
(455, 'MARIA JOSE', 'CONTRERAS OROZCO', '1994-07-14 00:00:00', 201219912, '6 CALLE 9-49 ZONA 3 NUEVA MONSERRAT, Mixco', '24370483', '58203694', 'mapipalinda@hotmail.com', NULL, NULL, NULL, NULL, NULL, NULL, '201219912', 2, NULL, NULL, 1, 2, 3, 0, 15, NULL),
(456, 'RODOLFO ALEJANDRO', 'SHETEMUL TELETOR', '1992-02-21 00:00:00', 201210071, '4 CALLE 8-54 ZONA 8 LA ARBOLEDA SAN CRISTOBAL, Mixco', '24808545', '59930538', 'xofoman@gmail.com', NULL, NULL, NULL, NULL, NULL, NULL, '201210071', 1, NULL, NULL, 1, 2, 3, 0, 15, NULL),
(457, 'AIDA DALILA', 'RODRIGUEZ ARGUETA', '1993-12-10 00:00:00', 201219779, '11 CALLE A 32-58 APARTAMENTO 14 ZONA 21 JUSTO RUFINO BARRIOS, Ciudad de Guatemala', '24499332', '43521853', 'dalila_lanegrita@hotmail.com', NULL, NULL, NULL, NULL, NULL, NULL, '201219779', 2, NULL, NULL, 1, 2, 3, 0, 15, NULL),
(458, 'MARIANA LUCIA', 'MARTINEZ ALDANA', '1994-05-27 00:00:00', 201210463, '11 AVENIDA 3-57 ZONA 4 MONTE REAL II, Mixco', '24311481', '45891548', 'malu_11294@hotmail.com', NULL, NULL, NULL, NULL, NULL, NULL, '201210463', 2, NULL, NULL, 1, 2, 3, 0, 15, NULL),
(459, 'KARLA VANESSA', 'GRAJEDA ILLESCAS', '1993-08-23 00:00:00', 201210067, '6 AVENIDA 10-03 ZONA 17, Ciudad de Guatemala', '22551013', '59083062', 'kalangashot@hotmail.com', NULL, NULL, NULL, NULL, NULL, NULL, '201210067', 2, NULL, NULL, 1, 2, 3, 0, 15, NULL),
(460, 'JOSE EDUARDO', 'OLAZABAL MARTINEZ', '1994-07-13 00:00:00', 201220032, 'MANZANA LL CASA 4 ZONA 6 LLANO ALTO III, Villa Nueva', '', '41503521', 'ollimart94@hotmail.com', NULL, NULL, NULL, NULL, NULL, NULL, '201220032', 1, NULL, NULL, 1, 2, 3, 0, 15, NULL),
(461, 'ALLISON ANNETTE', 'SILVA RECINOS', '1993-12-16 00:00:00', 201210156, '3 CALLE 36-10 CASA 46 ZONA 4 BOSQUES DE LA FONTANA, Mixco', '24360339', '55193978', 'allison_duba@hotmail.com', NULL, NULL, NULL, NULL, NULL, NULL, '201210156', 2, NULL, NULL, 1, 2, 3, 0, 15, NULL),
(462, 'JOSE EDUARDO', 'CAY SALGUERO', '1993-06-03 00:00:00', 201210302, '5 AVENIDA 1-13 ZONA 8 PANORAMA CIUDAD SAN CRISTOBAL, Mixco', '24782457', '50183318', 'eduardo_salguero@hotmail.es', NULL, NULL, NULL, NULL, NULL, NULL, '201210302', 1, NULL, NULL, 1, 2, 3, 0, 15, NULL),
(463, 'ALEXANDER JOSUE', 'ERAZO PEREZ', '1995-06-06 00:00:00', 201210350, '30 CALLE 0-84 ZONA 10 LA COMUNIDAD, Mixco', '24338200', '41696688', 'alexito_e95@hotmail.com', NULL, NULL, NULL, NULL, NULL, NULL, '201210350', 1, NULL, NULL, 1, 2, 3, 0, 15, NULL),
(464, 'GERARDO ALEXANDER', 'SOSA AREVALO', '1994-11-22 00:00:00', 201219953, '6 AVENIDA B 19-53 CASA D-12 ZONA 6 LLANO ALTO I, Villa Nueva', '66362630', '49756804', 'gararsosa17@hotmail.com', NULL, NULL, NULL, NULL, NULL, NULL, '201219953', 1, NULL, NULL, 1, 2, 3, 0, 15, NULL),
(465, 'NEYDI MARLENY', 'CASTRO ZUÑIGA', '1994-01-09 00:00:00', 201216277, 'LOTE 27 MANZANA F4 PRADOS DE CIUDAD QUETZAL, San Juan Sacatepequez', '52641207', '43285377', 'castroneydi@yahoo.com', NULL, NULL, NULL, NULL, NULL, NULL, '201216277', 2, NULL, NULL, 1, 2, 3, 0, 13, NULL),
(466, 'LAURA DEL PILAR', 'GAMBA CASTAÑEDA', '1992-07-17 00:00:00', 201214334, '34 AVENIDA A 7-85 ZONA 7 TIKAL II, Ciudad de Guatemala', '24393609', '53257575', 'laugamba@gmail.com', NULL, NULL, NULL, NULL, NULL, NULL, '201214334', 2, NULL, NULL, 1, 2, 3, 0, 21, NULL),
(467, 'JESSICA MARIA', 'HERRERA ZABALA', '1993-11-15 00:00:00', 201210345, '12 CALLE 32-80 ZONA 7 TIKAL III, Ciudad de Guatemala', '24394830', '41050673', 'jm15_399@hotmail.com', NULL, NULL, NULL, NULL, NULL, NULL, '201210345', 2, NULL, NULL, 1, 2, 3, 0, 15, NULL),
(468, 'YENIFER JULISA', 'PEÑA SAUCEDO', '1993-04-28 00:00:00', 201216766, 'L 9 SEC F COL STA LUCIA ZONA 18, Ciudad de Guatemala', '42370388', '41779678', 'yen_sau123@hotmail.com', NULL, NULL, NULL, NULL, NULL, NULL, '201216766', 2, NULL, NULL, 1, 2, 3, 0, 20, NULL),
(469, 'FERNANDO ADRIAN', 'CANO TORRES', '1994-01-23 00:00:00', 201215031, '6 AV 7-06 COL NUEVA MONSERRAT Z 3, Mixco', '24334827', '59232805', 'ramero456@hotmail.com', NULL, NULL, NULL, NULL, NULL, NULL, '201215031', 1, NULL, NULL, 1, 2, 3, 0, 13, NULL),
(470, 'MICAELA ', 'SAQUIC CALEL', '1988-08-13 00:00:00', 201217588, 'CANTON CHUGUEXA II 2, Santo Tomas Chichicastenango', '23322071', '59004247', 'micaela138@hotmail.com', NULL, NULL, NULL, NULL, NULL, NULL, '201217588', 2, NULL, NULL, 1, 13, 3, 0, 17, NULL),
(471, 'CANDY ANALI', 'CATALAN ALVARADO', '1994-04-14 00:00:00', 201212252, '8 AVENIDA 7-91 ZONA 2 SAN JOSE, Villa Nueva', '56108014', '42873460', 'c.anali@hotmail.com', NULL, NULL, NULL, NULL, NULL, NULL, '201212252', 2, NULL, NULL, 1, 2, 3, 0, 14, NULL),
(472, 'ASTRID LEYLA', 'CHARCHAL LUCERO', '1990-12-21 00:00:00', 201213720, 'SECTOR 2 L 8 ZONA 6 COL SAN JULIAN, Chinautla', '58652803', '41508744', 'faby1182@hotmail.com', NULL, NULL, NULL, NULL, NULL, NULL, '201213720', 2, NULL, NULL, 1, 2, 3, 0, 18, NULL),
(473, 'DIEGO ANDRES', 'GIL SAPON', '1993-07-30 00:00:00', 201210600, '4 CALLE 15-70 ZONA 1 RESIDENCIALES LOS ARBOLES, Ciudad de Guatemala', '22602038', '45469305', 'papa_rusa@hotmail.com', NULL, NULL, NULL, NULL, NULL, NULL, '201210600', 1, NULL, NULL, 1, 2, 3, 0, 11, NULL),
(474, 'CLEDY BEATRIZ', 'VASQUEZ PEREZ', '1993-10-18 00:00:00', 201210500, 'LOTE 14 MANZANA J SECTOR 2 ZONA 4 MARTIRES DEL PUEBLO, Villa Nueva', '', '44697420', 'cledybeatriz@hotmail.com', NULL, NULL, NULL, NULL, NULL, NULL, '201210500', 2, NULL, NULL, 1, 2, 3, 0, 15, NULL),
(475, 'CANDY ANAYELI', 'CIFUENTES NORIEGA', '1992-02-22 00:00:00', 201220274, '2 CALLE A 6-36 ZONA 1, Chicaman', '77633501', '46018547', 'chikitalinda502@gmail.com', NULL, NULL, NULL, NULL, NULL, NULL, '201220274', 2, NULL, NULL, 1, 13, 3, 0, 15, NULL),
(476, 'DIANA ROSIO', 'MORALES GARCIA', '1993-05-25 00:00:00', 201220125, '7 AV 8-27 ZONA 1, San Juan Sacatepequez', '66302362', '50163606', 'dianyss_522@hotmail.com', NULL, NULL, NULL, NULL, NULL, NULL, '201220125', 2, NULL, NULL, 1, 2, 3, 0, 1, NULL),
(477, 'LUIS MIGUEL', 'AJUCHAN CHIQUITO', '1990-10-06 00:00:00', 201212850, '2 CALLE 1-45 ZONA 12, Sumpango', '78301974', '55830827', 'luismike_04@hotmail.com', NULL, NULL, NULL, NULL, NULL, NULL, '201212850', 1, NULL, NULL, 1, 3, 3, 0, 1, NULL),
(478, 'YESSICA ROXANA', 'MARTINEZ DE LEON', '1993-07-28 00:00:00', 201216706, 'CASERIO PATZANES ALDEA CERO ALTO, San Juan Sacatepequez', '', '41760705', 'roxana.martinez@gmail.com', NULL, NULL, NULL, NULL, NULL, NULL, '201216706', 2, NULL, NULL, 1, 2, 3, 0, 20, NULL),
(479, 'LESBIA MELISSA', 'CHAICOJ ARRIAGA', '1993-02-11 00:00:00', 201216710, 'ALDEA LOMA ALTA COL SAN ISIDRO L 117, San Juan Sacatepequez', '', '48896736', 'melissaarriaga2009@hotmail.com', NULL, NULL, NULL, NULL, NULL, NULL, '201216710', 2, NULL, NULL, 1, 2, 3, 0, 20, NULL),
(480, 'BRYAN ANDRESS', 'URIZAR MUÑOZ', '1994-01-04 00:00:00', 201210104, '13 AVENIDA 23-12 ZONA 5 COLONIA 25 DE JUNIO, Ciudad de Guatemala', '23628585', '52297532', 'bryanurizar@yahoo.com', NULL, NULL, NULL, NULL, NULL, NULL, '201210104', 1, NULL, NULL, 1, 2, 3, 0, 15, NULL),
(481, 'ANGIE BEATRICE', 'NAVAS BAUTISTA', '1993-12-11 00:00:00', 201219776, '16 AVENIDA 13-15 ZONA  7 RESIDENCIALES NIMAJAY, Mixco', '24835010', '47080006', 'angienavas1112@hotmail.com', NULL, NULL, NULL, NULL, NULL, NULL, '201219776', 2, NULL, NULL, 1, 2, 3, 0, 15, NULL),
(482, 'JIMMY OTONIEL', 'SAUCEDO RIZO', '1993-06-18 00:00:00', 201213351, '15 AVENIDA 13-24 SECTOR 2 ZONA 6 SAN JOSE LAS ROSAS, Mixco', '', '46638313', 'jimmysr18@hotmail.com', NULL, NULL, NULL, NULL, NULL, NULL, '201213351', 1, NULL, NULL, 1, 2, 3, 0, 15, NULL),
(483, 'MARIA CRISTINA', 'COTI IXCARAGUA', '1993-09-11 00:00:00', 201215728, '1 CALLE 12-59 Z 3 COL NUEVA MONTSERRAT, Mixco', '24323424', '47274801', 'mrcristycoti@hotmail.com', NULL, NULL, NULL, NULL, NULL, NULL, '201215728', 2, NULL, NULL, 1, 2, 3, 0, 13, NULL),
(484, 'JUAN CARLOS', 'AQUINO XIL', '1992-10-05 00:00:00', 201213737, '0 AVENIDA 0-30 ZONA 1, Santo Domingo Xenacoj', '52541608', '44094965', 'jackandrock@hotmail.es', NULL, NULL, NULL, NULL, NULL, NULL, '201213737', 1, NULL, NULL, 1, 3, 3, 0, 25, NULL),
(485, 'EDWIN CARLOS', 'VELIZ SANCHEZ', '1993-01-07 00:00:00', 201213719, '3  CALLE PONIENTE 3 CALLEJON COFIÑO  1, Antigua Guatemala', '55002974', '58651088', 'geovel1993@hotmail.com', NULL, NULL, NULL, NULL, NULL, NULL, '201213719', 1, NULL, NULL, 1, 3, 3, 0, 25, NULL),
(486, 'LUIS PEDRO', 'ERICASTILLA RECINOS', '1994-07-11 00:00:00', 201213204, '9 AV 20-30 ZONA 7 RES ROOSEVELT, Mixco', '24354086', '42504448', 'luisperi@hotmail.es', NULL, NULL, NULL, NULL, NULL, NULL, '201213204', 1, NULL, NULL, 1, 2, 3, 0, 1, NULL),
(487, 'HUGO ROLANDO', 'HERNANDEZ MELGAR', '1988-03-14 00:00:00', 201213257, 'KM 9.5 RUTA AL ATLANTICO L 15 ZONA 18 COL LOS ENCINOS, Ciudad de Guatemala', '22616554', '56736437', 'tribakh@hotmail.com', NULL, NULL, NULL, NULL, NULL, NULL, '201213257', 1, NULL, NULL, 1, 2, 3, 0, 1, NULL),
(488, 'RENATA JEMIMAH', 'CALDERON GOMEZ', '1994-07-25 00:00:00', 201220334, '6 AV 6-14 Z 4, Ciudad de Guatemala', '', '', 'keirinhawkeye@gmail.com', NULL, NULL, NULL, NULL, NULL, NULL, '201220334', 2, NULL, NULL, 1, 2, 3, 0, 12, NULL),
(489, 'ESTRELLITA GUADALUPE', 'ARMAS MONROY', '1993-07-19 00:00:00', 201212919, '7 CALLE 4-44 ZONA 10, Ciudad de Guatemala', '23623793', '40990716', 'estrellitag_monroy@hotmail.com', NULL, NULL, NULL, NULL, NULL, NULL, '201212919', 2, NULL, NULL, 1, 2, 3, 0, 1, NULL),
(490, 'ANDREA SABINA', 'SANTIZO ZAVALETA', '1991-10-02 00:00:00', 201216743, '20 AV 28-54 ZONA 7, San Miguel Petapa', '', '43823666', 'shekdozha@live.com', NULL, NULL, NULL, NULL, NULL, NULL, '201216743', 2, NULL, NULL, 1, 2, 3, 0, 20, NULL),
(491, 'RICARDO RAFAEL', 'AGUILAR HERNANDEZ', '1993-04-04 00:00:00', 201213375, '4 AV 1-24 ZONA 3 COSTA BELLA, Escuintla', '77714619', '56659197', 'rrahcaos12@hotmail.com', NULL, NULL, NULL, NULL, NULL, NULL, '201213375', 1, NULL, NULL, 1, 6, 3, 0, 1, NULL),
(492, 'LEIDY RISIBEL', 'ESCOBAR GONZALEZ', '1993-06-05 00:00:00', 201213724, '0 C L 12 ZONA 18 COL SAN JORGE, Ciudad de Guatemala', '22574149', '42038397', 'amiguis_200@hotmail.es', NULL, NULL, NULL, NULL, NULL, NULL, '201213724', 2, NULL, NULL, 1, 2, 3, 0, 18, NULL),
(493, 'JOSE DANIEL', 'CHAVARRIA ESTEBAN', '1994-04-15 00:00:00', 201213058, '30 CALLE B 13-10 COL SANTA FE ZONA13, Ciudad de Guatemala', '23333457', '58545977', 'chepito150494@hotmail.es', NULL, NULL, NULL, NULL, NULL, NULL, '201213058', 1, NULL, NULL, 1, 2, 3, 0, 1, NULL),
(494, 'ANDY AMADEO', 'SANDOVAL GARCIA', '1983-12-14 00:00:00', 201215494, '14 Av 9-26 SAN RAFAEL No 2  Z 18, Ciudad de Guatemala', '22573469', '59634474', 'metalofir@hotmail.com', NULL, NULL, NULL, NULL, NULL, NULL, '201215494', 1, NULL, NULL, 1, 2, 3, 0, 13, NULL),
(495, 'EDUARDO JOSE', 'ORTIZ MONZON', '1989-01-19 00:00:00', 201222663, '1 CALLE 11-82 ZONA 3 BARCENAS, Villa Nueva', '66293432', '41611182', 'bones10017@hotmail.com', NULL, NULL, NULL, NULL, NULL, NULL, '201222663', 1, NULL, NULL, 1, 2, 3, 0, 13, NULL),
(496, 'KEVIN GIOVANNI', 'OVANDO ESTRADA', '1991-10-17 00:00:00', 201219552, 'KM 9.5 AL ATLANTICO COL VILLA ADELA LOTE 5, Ciudad de Guatemala', '22616273', '41591769', 'kevinovando17@hotmail.com', NULL, NULL, NULL, NULL, NULL, NULL, '201219552', 1, NULL, NULL, 1, 2, 3, 0, 17, NULL),
(497, 'MARIANA CONSUELO', 'MORALES RAMIREZ', '1993-07-15 00:00:00', 201217859, '7 AVE 7-01 ZONA 1 VILLA NUEVA, Villa Nueva', '66364862', '41648500', 'macomora@hotmail.es', NULL, NULL, NULL, NULL, NULL, NULL, '201217859', 2, NULL, NULL, 1, 2, 3, 0, 17, NULL),
(498, 'ELLIOTT JOAO', 'MORALES PRIVADO', '1985-12-23 00:00:00', 201217850, '23 AVE 27-15 ZONA 5, Ciudad de Guatemala', '57950190', '57677378', 'elliottjoaomp@gmail.com', NULL, NULL, NULL, NULL, NULL, NULL, '201217850', 1, NULL, NULL, 1, 2, 3, 0, 17, NULL),
(499, 'GERMAN GIOVANNI', 'AGUILAR CRUZ', '1991-08-30 00:00:00', 201216575, '12-00 L 6 MZ U Z 12 EL BUCARO, Ciudad de Guatemala', '54053704', '47877766', 'gio17cruz@hotmail.com', NULL, NULL, NULL, NULL, NULL, NULL, '201216575', 1, NULL, NULL, 1, 2, 3, 0, 20, NULL),
(500, 'NANCY YESENIA', 'LEMUS LOPEZ', '1993-05-22 00:00:00', 201214865, 'L 73 SEC 3 COL UNIDOS POR LA PAZ VILLALOBOS I Z 12, Ciudad de Guatemala', '66595848', '43242934', 'yesnia_2205@yahoo.com', NULL, NULL, NULL, NULL, NULL, NULL, '201214865', 2, NULL, NULL, 1, 2, 3, 0, 13, NULL),
(501, 'JENNIFFER JOHANNA', 'REYES ROSALES', '1989-08-18 00:00:00', 201214010, '3 AV 4-23 ZONA 18  SAN RAFAEL 1, Ciudad de Guatemala', '22420105', '52489480', 'jennreyesr@hotmail.com', NULL, NULL, NULL, NULL, NULL, NULL, '201214010', 2, NULL, NULL, 1, 2, 3, 0, 25, NULL),
(502, 'CARLOS JAVIER', 'CHICOJAY MORALES', '1993-11-17 00:00:00', 201213155, '14 AV A 10-60 APTO 31 ZONA 21 COL BELLOS HORIZONTES, Ciudad de Guatemala', '24488624', '55143035', 'javierchicojay@hotmail.com', NULL, NULL, NULL, NULL, NULL, NULL, '201213155', 1, NULL, NULL, 1, 2, 3, 0, 1, NULL),
(503, 'ZELANDIA RUBI', 'LOPEZ MELENDEZ', '1991-10-31 00:00:00', 201217247, '28 CALLE B 9-74 Z 8, Ciudad de Guatemala', '', '56726638', 'rubi.lulu@hotmail.com', NULL, NULL, NULL, NULL, NULL, NULL, '201217247', 2, NULL, NULL, 1, 2, 3, 0, 17, NULL),
(504, 'ERICK ROLANDO', 'GUAMUCH CAMEY', '1991-10-19 00:00:00', 201220513, '5 avenida 1-03 zona 3, San Juan Sacatepequez', '', '47214845', 'erick.camey@yahoo.com', NULL, NULL, NULL, NULL, NULL, NULL, '201220513', 1, NULL, NULL, 1, 2, 3, 0, 13, NULL),
(505, 'SINDY BETZAYDA', 'ORTIZ CRUZ', '1993-11-16 00:00:00', 201222049, 'ALDEA ULUMA, STA. CATARINA MITA, JUTIAPA, Santa Catarina Mita', '', '53716605', 'sindy.betzay@hotmail.com', NULL, NULL, NULL, NULL, NULL, NULL, '201222049', 2, NULL, NULL, 1, 14, 3, 0, 17, NULL),
(506, 'ANA IBETH', 'GOMEZ PAZ', '1990-06-11 00:00:00', 201216403, 'MANZ D LOTE 3 ZONA 12 COL EXODO NUEVO MEZQUITAL, Villa Nueva', '24804548', '44065275', 'anagomez.11@hotmail.com', NULL, NULL, NULL, NULL, NULL, NULL, '201216403', 2, NULL, NULL, 1, 2, 3, 0, 13, NULL),
(507, 'KEYDI EMILZABETH', 'REYES VIRULA', '1992-08-11 00:00:00', 201215455, 'CARRETERA PRINCIPAL 10-13 C LO DE FUENTES Z 11, Mixco', '24834019', '46897063', 'kd_5163@hotmail.com', NULL, NULL, NULL, NULL, NULL, NULL, '201215455', 2, NULL, NULL, 1, 2, 3, 0, 13, NULL),
(508, 'RUTH NOEMI', 'BARRIENTOS NAJERA', '1992-10-23 00:00:00', 201212155, '62 AVENIDA 5-12 ZONA 18 PINARES DEL NORTE, Ciudad de Guatemala', '43321157', '55197608', 'ruthbarrientoss@hotmail.com', NULL, NULL, NULL, NULL, NULL, NULL, '201212155', 2, NULL, NULL, 1, 2, 3, 0, 14, NULL),
(509, 'YAQUELIN YESENIA', 'ROSALES CHAVEZ', '1992-03-01 00:00:00', 201220722, '10 AVE B 4-13 ZONA 4 CD DEL SOL V N, Villa Nueva', '', '44342377', 'yeyescla32@hotmail.com', NULL, NULL, NULL, NULL, NULL, NULL, '201220722', 2, NULL, NULL, 1, 2, 3, 0, 14, NULL),
(510, 'FLORINDA ', 'FELIX RAMIREZ', '1981-05-09 00:00:00', 201221380, '6TA CALLE 0-14 ZONA 1, Ciudad de Guatemala', '56975913', '43844718', 'florifelix1981@hotmail.com', NULL, NULL, NULL, NULL, NULL, NULL, '201221380', 2, NULL, NULL, 1, 2, 3, 0, 17, NULL),
(511, 'JOSE FERNANDO', 'LOPEZ BLANCO', '1993-12-14 00:00:00', 201222585, 'SANTA CATARINA PINULA CARMEN RES VISTA AZUL CAS N 2, Santa Catarina Pinula', '24426839', '46421468', 'j_fernando_lb_14@yahoo.com', NULL, NULL, NULL, NULL, NULL, NULL, '201222585', 1, NULL, NULL, 1, 2, 3, 0, 1, NULL),
(512, 'WALFRED RENE', 'ORTIZ CIFUENTES', '1991-03-26 00:00:00', 201210812, '10 AV 23-68 Z 12 LA REFORMITA, Ciudad de Guatemala', '51405593', '55107436', 'derflaw5@hotmail.com', NULL, NULL, NULL, NULL, NULL, NULL, '201210812', 1, NULL, NULL, 1, 2, 3, 0, 11, NULL),
(513, 'JOSEE JAZMIN', 'QUIÑONEZ LAZARO', '1994-12-04 00:00:00', 201219584, '5 AV LOTE 5 SEC 9 COL STA FAZ Z 6, Chinautla', '22867697', '58000513', 'jaz_ilovejesus@hotmail.es', NULL, NULL, NULL, NULL, NULL, NULL, '201219584', 2, NULL, NULL, 1, 2, 3, 0, 17, NULL),
(514, 'MARIA ALEJANDRA', 'POLANCO YUCUTE', '1990-07-28 00:00:00', 201219414, '17 CALLE A 29-87 COLONIA LOS PINOS ZONA 18, Ciudad de Guatemala', '22586096', '45593838', 'polancoyucutem@yahoo.com', NULL, NULL, NULL, NULL, NULL, NULL, '201219414', 2, NULL, NULL, 1, 2, 3, 0, 17, NULL),
(515, 'ELISA HERCILIA', 'MARROQUIN CUQUE', '1993-12-29 00:00:00', 201210898, '0 AV 7-37 Z 3 BOCA DEL MONTE, Villa Canales', '24480878', '43653118', 'jojosa_herci@hotmail.com', NULL, NULL, NULL, NULL, NULL, NULL, '201210898', 2, NULL, NULL, 1, 2, 3, 0, 11, NULL),
(516, 'MARIA JOSE', 'TORRES SANTISTEBAN', '1994-06-24 00:00:00', 201210192, '10 AVENIDA A 3-48 ZONA 6 LOMAS DEL PRADO, Villa Nueva', '57631666', '59789191', 'mariajo_cdd@hotmail.com', NULL, NULL, NULL, NULL, NULL, NULL, '201210192', 2, NULL, NULL, 1, 2, 3, 0, 15, NULL),
(517, 'KATHERIN RUBI', 'GOCHEZ GUTIERREZ', '1992-04-25 00:00:00', 201210615, 'LOTE 96 SEC 1 SN LUIS, San Pedro Ayampuc', '52197071', '45843244', 'kthrn9204@live.com', NULL, NULL, NULL, NULL, NULL, NULL, '201210615', 2, NULL, NULL, 1, 2, 3, 0, 11, NULL),
(518, 'OSWALDO JOSE', 'HERNANDEZ SORIA', '1994-05-11 00:00:00', 201224256, '10 AVENIDA 35-56 ZONA 11 LAS CHARCAS, Ciudad de Guatemala', '79504620', '59238810', 'oswaldojosehs@hotmail.com', NULL, NULL, NULL, NULL, NULL, NULL, '201224256', 1, NULL, NULL, 1, 2, 3, 0, 1, NULL),
(519, 'ANDREA DEL ROSARIO', 'RAMIREZ MANCILLA', '1992-06-28 00:00:00', 201224284, '4 CALLE FINAL 1-02  ZONA 5 COLONIA  SANTA MARTA, Mixco', '24374277', '59234504', 'andrea_rm11@hotmail.com', NULL, NULL, NULL, NULL, NULL, NULL, '201224284', 2, NULL, NULL, 1, 2, 3, 0, 12, NULL),
(520, 'SANDY STEPHANIE', 'DOMINGUEZ TELLO', '1993-06-04 00:00:00', 201217210, 'SEC 4 MZ J L 9 VILLA HERMOSA, San Miguel Petapa', '59636372', '58617654', 'sandymodelsaaa@yahoo.es', NULL, NULL, NULL, NULL, NULL, NULL, '201217210', 2, NULL, NULL, 1, 2, 3, 0, 20, NULL),
(521, 'NICOLLE ', 'QUEZADA RAMOS', '1993-10-26 00:00:00', 201219928, '31 AVENIDA A 1-12 ZONA 7 UTATLAN I, Ciudad de Guatemala', '24347353', '57520111', 'nicolle_426@hotmail.com', NULL, NULL, NULL, NULL, NULL, NULL, '201219928', 2, NULL, NULL, 1, 2, 3, 0, 15, NULL),
(522, 'DIEGO FLAVIANO', 'SUN ALVARADO', '1992-08-05 00:00:00', 201219978, '24 AVENIDA 12-55 ZONA 6 BARRIO SAN ANTONIO, Ciudad de Guatemala', '22894465', '42351954', 'diegosun032@hotmail.com', NULL, NULL, NULL, NULL, NULL, NULL, '201219978', 1, NULL, NULL, 1, 2, 3, 0, 15, NULL),
(523, 'MARIA VALENTINA', 'CASTELLANOS MONTENEGRO', '1994-05-22 00:00:00', 201219891, '8 CALLE 20-58 ZONA 4 RESIDENCIALES ALAMEDA DE SAN MIGUEL, Villa Nueva', '24590585', '52679196', 'valecm_22@hotmail.com', NULL, NULL, NULL, NULL, NULL, NULL, '201219891', 2, NULL, NULL, 1, 2, 3, 0, 15, NULL),
(524, 'SUSANA AMADILY', 'PEREZ BARRIOS', '1988-08-05 00:00:00', 201211427, '9 AVENIDA 8-39 COLONIA SAN  JACINTO ZONA 3, San Pedro Sacatepequez', '', '49801455', 'azucelypb@hotmail.com', NULL, NULL, NULL, NULL, NULL, NULL, '201211427', 2, NULL, NULL, 1, 2, 3, 0, 14, NULL),
(525, 'MARIAN IVETH', 'MENDOZA PALACIOS', '1993-12-20 00:00:00', 201219862, 'COSTADO SUR INVAL CASA 19 BARRIO EL CALVARIO, Antigua Guatemala', '78329052', '50713002', 'marianimp2007@hotmail.com', NULL, NULL, NULL, NULL, NULL, NULL, '201219862', 2, NULL, NULL, 1, 3, 3, 0, 15, NULL),
(526, 'MARIA MARTHA', 'ROSALES FIGUEROA', '1993-08-06 00:00:00', 201219863, 'KILOMETRO 32.5 A ANTIGUA SECTOR 20 CASA 2-58 VILLAS DE LA MESETA, San Lucas Sacatepequez', '', '56050145', 'martiisrf@hotmail.es', NULL, NULL, NULL, NULL, NULL, NULL, '201219863', 2, NULL, NULL, 1, 3, 3, 0, 15, NULL),
(527, 'KIMBERLY VALENTINA', 'GARCIA AQUINO', '1994-02-14 00:00:00', 201211707, '2 AVENIDA 1-60 ZONA 3, Ciudad Vieja', '78886707', '59360869', 'kimberly_838@hotmail.com', NULL, NULL, NULL, NULL, NULL, NULL, '201211707', 2, NULL, NULL, 1, 3, 3, 0, 15, NULL),
(528, 'ADRIANA DEL ROSARIO', 'ESTRADA CAMEY', '1993-11-26 00:00:00', 201210173, '1 AVENIDA 4-35 ZONA 2 BOCA DEL MONTE, Villa Canales', '24426549', '59595333', 'adrianaestrada05@hotmail.com', NULL, NULL, NULL, NULL, NULL, NULL, '201210173', 2, NULL, NULL, 1, 2, 3, 0, 15, NULL),
(529, 'CARLILY MICSEL', 'MERIDA RODRIGUEZ', '1993-09-02 00:00:00', 201214204, '31 AVE 5-43 ZONA 7 COL CENTROAMERICA, Ciudad de Guatemala', '24398351', '54396141', 'carlilymmerida@hotmail.com', NULL, NULL, NULL, NULL, NULL, NULL, '201214204', 2, NULL, NULL, 1, 2, 3, 0, 25, NULL),
(530, 'KATERIN ROXANA', 'SANCHEZ NORIEGA', '1993-02-24 00:00:00', 201245886, '1AV. 12-65 Z 1 BARRIO 3 ABRIL SAN BENITO, San Benito', '24371208', '46814179', 'rox_242@hotmail.com', NULL, NULL, NULL, NULL, NULL, NULL, '201245886', 2, NULL, NULL, 1, 15, 3, 0, 39, NULL),
(531, 'DANIA ROCIO', 'HERNANDEZ LEON', '1994-02-05 00:00:00', 201210318, '17 AVENIDA C 0-11 APARTAMENTO A ZONA 15 COLONIA EL MAESTRO, Ciudad de Guatemala', '23657486', '56326955', 'danirohernandez@hotmail.com', NULL, NULL, NULL, NULL, NULL, NULL, '201210318', 2, NULL, NULL, 1, 2, 3, 0, 15, NULL),
(532, 'ASTRID MARIANA', 'CIFUENTES MAYEN', '1989-12-07 00:00:00', 201220950, 'L 4C MAZ 53 ZONA 24 CANTON CENTRAL CANALITOS, Ciudad de Guatemala', '', '41512152', 'marianmayen@gmail.com', NULL, NULL, NULL, NULL, NULL, NULL, '201220950', 2, NULL, NULL, 1, 2, 3, 0, 25, NULL),
(533, 'MONICA ELIZABETH', 'CHIROY CAAL', '1976-07-09 00:00:00', 201211536, '16 AVENIDA 8-95 ZONA 4 CARRETERA AL MAYAN GOLF, Villa Nueva', '56573099', '46547378', 'monicachiroy@yahoo.com', NULL, NULL, NULL, NULL, NULL, NULL, '201211536', 2, NULL, NULL, 1, 2, 3, 0, 14, NULL),
(534, 'MARLYN GRISELDA', 'VELASQUEZ CANEL', '1991-12-22 00:00:00', 201215244, '7 CALLE 2-23 Z 1 MIXCO, Mixco', '24335291', '47688670', 'marlynvelasquez1@hotmail.com', NULL, NULL, NULL, NULL, NULL, NULL, '201215244', 2, NULL, NULL, 1, 2, 3, 0, 13, NULL),
(535, 'CARLOS FERNANDO', 'PALACIOS FERNANDEZ', '1994-03-21 00:00:00', 201213467, '12 AV 5-51 VALLE DE LA MARIPOSA, Amatitlan', '66335290', '50149366', 'carlossssc@hotmail.com', NULL, NULL, NULL, NULL, NULL, NULL, '201213467', 1, NULL, NULL, 1, 2, 3, 0, 1, NULL),
(536, 'ALVARO RENE', 'CARRILLO URIZAR', '1994-01-06 00:00:00', 201222580, '4 AV 18-19 Z 12 REF, Ciudad de Guatemala', '24733403', '50774960', 'alvarocarrillo94@yahoo.com', NULL, NULL, NULL, NULL, NULL, NULL, '201222580', 1, NULL, NULL, 1, 2, 3, 0, 1, NULL),
(537, 'ARIEL BERNARDO', 'MARROQUIN GARCIA', '1987-04-20 00:00:00', 201210418, '3 AVENIDA 12-90 CASA 21  ZONA 2 EL ZAPOTE, Ciudad de Guatemala', '', '41506064', 'arielberna@hotmail.com', NULL, NULL, NULL, NULL, NULL, NULL, '201210418', 1, NULL, NULL, 1, 2, 3, 0, 15, NULL),
(538, 'OTTO JAVIER', 'GUZMAN CRISTOBAL', '1993-06-12 00:00:00', 201213523, '12 AV 6-67 ZONA 6 EL PEDREGAL 1, Retalhuleu', '77714702', '49808154', 'javiergc1206@hotmail.com', NULL, NULL, NULL, NULL, NULL, NULL, '201213523', 1, NULL, NULL, 1, 16, 3, 0, 1, NULL),
(539, 'JOSE MIGUEL', 'IXMATUL NAJERA', '1992-12-15 00:00:00', 201212507, '4TA. AV. 4-11 SAN LUCAS SAC., San Lucas Sacatepequez', '78303325', '52488568', 'ixi.trans.tor@hotmail.com', NULL, NULL, NULL, NULL, NULL, NULL, '201212507', 1, NULL, NULL, 1, 3, 3, 0, 1, NULL),
(540, 'DILAN ARNULFO', 'ZAMORA TOBAR', '1994-04-08 00:00:00', 201212782, 'SN FELIPE DE JESUS 52 A  ZONA 2 ANTIGUA GUATEMALA, Antigua Guatemala', '78311330', '42263795', 'di_lan_max@hotmail.com', NULL, NULL, NULL, NULL, NULL, NULL, '201212782', 1, NULL, NULL, 1, 3, 3, 0, 1, NULL),
(541, 'NEGMA JANETTH', 'COY PICHIYA', '1980-12-15 00:00:00', 201214162, '2 CALLE C 4-51 ZONA 1, Comalapa', '', '59594774', 'ixnojcoy@gmail.com', NULL, NULL, NULL, NULL, NULL, NULL, '201214162', 2, NULL, NULL, 1, 8, 3, 0, 25, NULL),
(542, 'ANA ELISA', 'LAPARRA RUIZ', '1994-11-03 00:00:00', 201219986, '6 CALLE 21-49 ZONA 3, Quetzaltenango', '77635127', '40177686', 'analaparra@hotmail.com', NULL, NULL, NULL, NULL, NULL, NULL, '201219986', 2, NULL, NULL, 1, 12, 3, 0, 16, NULL),
(543, 'CARLOS AUGUSTO', 'GONZALEZ RUANO', '1971-03-21 00:00:00', 201211452, '13 avenida 13-93 zona 6 colonia el Quintanal, Ciudad de Guatemala', '22543614', '41268016', 'kikolin213@hotmail.com', NULL, NULL, NULL, NULL, NULL, NULL, '201211452', 1, NULL, NULL, 1, 2, 3, 0, 14, NULL),
(544, 'CINDY GABRIELA', 'MORATAYA YANTUCHE', '1992-01-06 00:00:00', 201220240, 'L 158 S 2 ZONA 6 COL EL MILAGRO, Mixco', '24365428', '44397703', 'gabymorataya@hotmail.com', NULL, NULL, NULL, NULL, NULL, NULL, '201220240', 2, NULL, NULL, 1, 2, 3, 0, 12, NULL),
(545, 'HERMINIA BEATRIZ', 'HERNANDEZ CISNEROS', '1977-03-10 00:00:00', 201211705, '6 AVENIDA C 19-38 RESIDENCIALES FUENTES DEL VALLE II ZONA 5, Villa Nueva', '42110441', '45093696', 'b.h.c._@hotmail.com', NULL, NULL, NULL, NULL, NULL, NULL, '201211705', 2, NULL, NULL, 1, 2, 3, 0, 14, NULL),
(546, 'EVELYN VERONICA', 'BRAN MORALES', '1986-04-02 00:00:00', 201222888, '1 C 6 Av 5-133 Ojo de Agua Palencia, Palencia', '66204692', '40738841', 'evelyn1000@hotmail.com', NULL, NULL, NULL, NULL, NULL, NULL, '201222888', 2, NULL, NULL, 1, 2, 3, 0, 17, NULL),
(547, 'MARISSA LISSETTE', 'ANDRADE REYES', '1994-04-17 00:00:00', 201220012, 'H 27 ZONA  11 PRIMERO DE MAYO, Mixco', '24830808', '59852142', 'marissa.andrade94@gmail.com', NULL, NULL, NULL, NULL, NULL, NULL, '201220012', 2, NULL, NULL, 1, 2, 3, 0, 15, NULL),
(548, 'MYNOR EMILIO', 'ALVARADO DURAN', '1994-07-19 00:00:00', 201219832, '43 AVENIDA 7-17 ZONA 5 COLONIA MONJA BLANCA, Ciudad de Guatemala', '23350732', '58429256', 'alvarado_me19@hotmail.com', NULL, NULL, NULL, NULL, NULL, NULL, '201219832', 1, NULL, NULL, 1, 2, 3, 0, 15, NULL),
(549, 'CAROLINA MARISOL', 'JUAREZ RIVERA', '1992-10-05 00:00:00', 201213844, '7 AV 21-76 Z 5 COL FUENTES DEL VALLE II, Chinique', '', '59367020', 'krmary105@gmail.com', NULL, NULL, NULL, NULL, NULL, NULL, '201213844', 2, NULL, NULL, 1, 13, 3, 0, 12, NULL),
(550, 'LESLIE GABRIELA', 'ESPAÑA VELASQUEZ', '1990-09-06 00:00:00', 201220324, '12 AVENIDA 9-74 ZONA 18 ATLANTIDA, Ciudad de Guatemala', '22582589', '59943403', 'espaavelasquez90@hotmail.com', NULL, NULL, NULL, NULL, NULL, NULL, '201220324', 2, NULL, NULL, 1, 2, 3, 0, 19, NULL),
(551, 'FRANCISCO JAVIER', 'ROSALES RIVERA', '1993-10-08 00:00:00', 201222625, '5 CALLE 7-71 Z 11 MIXCO VALLE DE MINERVA, Mixco', '24831626', '42164996', 'francisco5788@hotmail.com', NULL, NULL, NULL, NULL, NULL, NULL, '201222625', 1, NULL, NULL, 1, 2, 3, 0, 1, NULL),
(552, 'CELIA ESTEFANIA', 'RODRIGUEZ FONSEA', '1994-06-10 00:00:00', 201213572, '3 AV 5-07 ZONA 7 RES PETAPA 1, San Miguel Petapa', '51138262', '41506980', 'estefanilinda10@hotmail.com', NULL, NULL, NULL, NULL, NULL, NULL, '201213572', 2, NULL, NULL, 1, 2, 3, 0, 1, NULL),
(553, 'KARLA ESTEFANIA', 'HERNANDEZ DARDON', '1992-05-07 00:00:00', 201215053, '14 CALLE  C 3-08  ZONA  3, Ciudad de Guatemala', '22207022', '52701127', 'lok_rubiamb@hotmail.com', NULL, NULL, NULL, NULL, NULL, NULL, '201215053', 2, NULL, NULL, 1, 2, 3, 0, 13, NULL),
(554, 'VICTOR SALVADOR', 'AGUILAR REYES', '1993-11-28 00:00:00', 201211997, '12 CALLE 33-24 APARTAMENTO 22 ZONA 21 JUSTO RUFINO BARRIOS, Ciudad de Guatemala', '24497418', '40686715', 'victoraguilar_01@hotmail.com', NULL, NULL, NULL, NULL, NULL, NULL, '201211997', 1, NULL, NULL, 1, 2, 3, 0, 14, NULL),
(555, 'ALEJANDRA NATHALI', 'VALENZUELA HERRERA', '1991-02-04 00:00:00', 201216043, 'manzana N lote 6 Villas Alamenda zona 18, Ciudad de Guatemala', '', '54573973', 'nathayhozva26@hotmail.com', NULL, NULL, NULL, NULL, NULL, NULL, '201216043', 2, NULL, NULL, 1, 2, 3, 0, 13, NULL),
(556, 'JORGE STEVENSSON', 'GOMEZ CHARLES', '1993-10-05 00:00:00', 201216528, '10 CALLE 8-25 ZONA 3 NUEVA MONTSERRAT, Mixco', '', '48769405', 'steven-gch05@hotmail.com', NULL, NULL, NULL, NULL, NULL, NULL, '201216528', 1, NULL, NULL, 1, 2, 3, 0, 23, NULL),
(557, 'ADRIANA AMALY', 'LOPEZ ESPINO', '1992-06-04 00:00:00', 201215249, 'MOD 16 16-10 APTO 112 NIMAJUYU Z 21, Ciudad de Guatemala', '24486878', '41530490', 'karen._2010@hotmail.com', NULL, NULL, NULL, NULL, NULL, NULL, '201215249', 2, NULL, NULL, 1, 2, 3, 0, 13, NULL),
(558, 'YESICA EDITH', 'MEJIA DOMINGO', '1992-08-14 00:00:00', 201216180, '2 AVE A 0-81 ZONA 11 COL PROGRESO, Ciudad de Guatemala', '24713481', '44794137', 'www.yesicafloggerisima@gmail.com', NULL, NULL, NULL, NULL, NULL, NULL, '201216180', 2, NULL, NULL, 1, 2, 3, 0, 13, NULL),
(559, 'ANDRES MANUEL', 'BLANCO MEJIA', '1993-12-11 00:00:00', 201216538, '29 AV 5-05 RES GALILEA Z 18, Ciudad de Guatemala', '22551833', '41173733', 'andresmblanco2@gmail.com', NULL, NULL, NULL, NULL, NULL, NULL, '201216538', 1, NULL, NULL, 1, 2, 3, 0, 20, NULL),
(560, 'MARIANA FERNANDA', 'TEPEQUE CERRITOS', '1993-05-10 00:00:00', 201216967, '3 AV 4 C L 42 COL VILLA DE LOS ALAMOS Z 6, San Miguel Petapa', '66603248', '50113546', 'kikalinda_02@hotmail.com', NULL, NULL, NULL, NULL, NULL, NULL, '201216967', 2, NULL, NULL, 1, 2, 3, 0, 20, NULL),
(561, 'ANDREA MARIA', 'HERRERA RAMIREZ', '1993-10-21 00:00:00', 201216713, '7 C 1-50 Z 2 SAN JOSE EL PLACER, Villa Nueva', '66300869', '58746193', 'andreah.mr@hotmail.com', NULL, NULL, NULL, NULL, NULL, NULL, '201216713', 2, NULL, NULL, 1, 2, 3, 0, 20, NULL),
(562, 'LIDIA VERONICA', 'XIQUIN CUX', '1993-02-17 00:00:00', 201219981, 'KILOMETRO 28.5 A SAN PEDRO CASA 140 LOTE 139, San Juan Sacatepequez', '', '48988421', 'veronicaxiquin_1993@hotmail.com', NULL, NULL, NULL, NULL, NULL, NULL, '201219981', 2, NULL, NULL, 1, 2, 3, 0, 15, NULL),
(563, 'CINDY MARLENE', 'MEDA COJULUN', '1993-08-26 00:00:00', 201219987, '16 CALLE 9-60 ZONA 4 CONDADO SAN BASILIO EL NARANJO, Mixco', '24318692', '54600507', 'cindy_meda@hotmail.com', NULL, NULL, NULL, NULL, NULL, NULL, '201219987', 2, NULL, NULL, 1, 2, 3, 0, 15, NULL),
(564, 'MAYNOR ERNESTO', 'ELIAS ORDOÑEZ', '1991-09-20 00:00:00', 201213861, '16 AV D FINAL ZONA 11, Mixco', '24830472', '43834005', 'gugol3x@gmail.com', NULL, NULL, NULL, NULL, NULL, NULL, '201213861', 1, NULL, NULL, 1, 2, 3, 0, 25, NULL),
(565, 'OLIVER ISAAC', 'MORALES DE LEON', '1995-09-10 00:00:00', 201210222, '4 AVENIDA C 6-36 ZONA 6 BOCA DEL MONTE, Villa Canales', '24489376', '40325385', 'oliver-morales@hotmail.com', NULL, NULL, NULL, NULL, NULL, NULL, '201210222', 1, NULL, NULL, 1, 2, 3, 0, 15, NULL),
(566, 'RODOLFO EDUARDO', 'ARGUETA SILIEZAR', '1994-04-22 00:00:00', 201216637, '13 CALLE B 31-50 Z 7 TIKAL III, Ciudad de Guatemala', '24395033', '47237893', 'rodolfoargueta1994@hotmail.com', NULL, NULL, NULL, NULL, NULL, NULL, '201216637', 1, NULL, NULL, 1, 2, 3, 0, 20, NULL),
(567, 'LILIAN ANABELLA', 'TORTOLA MORALES', '1993-11-15 00:00:00', 201220388, '6 AV 2-28 ZONA 2 COL EL TESORO, Ciudad de Guatemala', '', '58655947', 'tortola_l16@yahoo.com', NULL, NULL, NULL, NULL, NULL, NULL, '201220388', 2, NULL, NULL, 1, 2, 3, 0, 12, NULL),
(568, 'BRENDA KARINA', 'COXAJ PEINADO', '1993-09-28 00:00:00', 201215759, '8 AV 2- 13 Z 7 COL BELEN, Mixco', '24373514', '54966160', 'karybe28@hotmail.com', NULL, NULL, NULL, NULL, NULL, NULL, '201215759', 2, NULL, NULL, 1, 2, 3, 0, 13, NULL),
(569, 'ANDREA DESIREE', 'ORDOÑEZ PER', '1993-03-13 00:00:00', 201214837, '1 AV A 3-66 Z 7 COL BELENCITO, Mixco', '23605597', '45015941', 'desiree93andrea@hotmail.com', NULL, NULL, NULL, NULL, NULL, NULL, '201214837', 2, NULL, NULL, 1, 2, 3, 0, 13, NULL),
(570, 'CLARA FABIOLA', 'GUZMAN SENTA', '1993-11-03 00:00:00', 201214847, '51 C B 14-09 COL LO DE BRAN 2 Z 6, Mixco', '48288371', '53549560', 'fabylaprim2009@hotmail.com', NULL, NULL, NULL, NULL, NULL, NULL, '201214847', 2, NULL, NULL, 1, 2, 3, 0, 13, NULL),
(571, 'ANA JULIA', 'ORREGO MACHADO', '1992-05-21 00:00:00', 201214005, '3 AVE 3-070 ZONA 4 COL EL SOCOBAL, Chimaltenango', '43318037', '41963189', 'ros_2192_ana@yahoo.com.mx', NULL, NULL, NULL, NULL, NULL, NULL, '201214005', 2, NULL, NULL, 1, 8, 3, 0, 25, NULL),
(572, 'WENDY ALEJANDRA', 'SOTO TABLAS', '1992-12-30 00:00:00', 201214877, '11 C 7 AV 6-73 Z 1, Mixco', '24385165', '55872909', 'wyaasots@hotmail.com', NULL, NULL, NULL, NULL, NULL, NULL, '201214877', 2, NULL, NULL, 1, 2, 3, 0, 13, NULL),
(573, 'ANA LUCRECIA', 'VILLATORO RODRIGUEZ', '1992-09-30 00:00:00', 201222595, 'SEC 2 MAZ J LOTE 15 Z 18 SAN RAFAEL EL PRADO, Ciudad de Guatemala', '', '49856418', 'lukycrazy@gmail.com', NULL, NULL, NULL, NULL, NULL, NULL, '201222595', 2, NULL, NULL, 1, 2, 3, 0, 1, NULL);
INSERT INTO `paciente` (`idpaciente`, `nombre`, `apellido`, `fecha_nac`, `carne`, `direccion`, `telefono`, `movil`, `email`, `emer_nombre`, `idemer_parentesco`, `emer_telefono`, `emer_movil`, `tipo_sangreidtipo_sangre`, `estado_civilidestado_civil`, `usuario`, `sexo`, `titulo_secundaria`, `crecio_en`, `estado`, `iddepartamento`, `idnacionalidad`, `examen_linea`, `idunidad_academica`, `fecha_exam`) VALUES
(574, 'BARBARA RAQUEL', 'CHAVARRIA MOYA', '1993-06-30 00:00:00', 201222648, '9 CALLE 16-32 ZONA 6 GUATEMALA, Ciudad de Guatemala', '22881661', '49155650', 'barbiebrm.3006@gmail.com', NULL, NULL, NULL, NULL, NULL, NULL, '201222648', 2, NULL, NULL, 1, 2, 3, 0, 1, NULL),
(575, 'GILBERTO EFRAIN', 'BOLAÑOS GONZALEZ', '1990-09-01 00:00:00', 201212567, '16 CALLE 8-30 Z 1, Ciudad de Guatemala', '22531410', '42185354', 'gilberto_efra@hotmail.com', NULL, NULL, NULL, NULL, NULL, NULL, '201212567', 1, NULL, NULL, 1, 2, 3, 0, 1, NULL),
(576, 'ANALUCIA ', 'VASQUEZ LEON', '1992-07-17 00:00:00', 201216497, '23 AV 3-25 Z  10 RES FUENTES DEL VALLE 4, Villa Nueva', '78850129', '54601966', 'analucia171992@hotmail.com', NULL, NULL, NULL, NULL, NULL, NULL, '201216497', 2, NULL, NULL, 1, 2, 3, 0, 20, NULL),
(577, 'VIVIANA ALEJANDRA', 'SALAS ', '1988-07-17 00:00:00', 201217098, 'RUTA 1-5-36 Z 4, Ciudad de Guatemala', '49051357', '57594433', 'vivalejandra1@htomail.com', NULL, NULL, NULL, NULL, NULL, NULL, '201217098', 2, NULL, NULL, 1, 2, 3, 0, 20, NULL),
(578, 'ADRIN MARIA', 'PEÑA CASTILLO', '1986-03-22 00:00:00', 201217176, 'CALZ JOSE MILLA Y VIDAURRE 25-78 Z 6, Ciudad de Guatemala', '22542210', '43989426', 'adrinpc_22@hotmail.com', NULL, NULL, NULL, NULL, NULL, NULL, '201217176', 2, NULL, NULL, 1, 2, 3, 0, 20, NULL),
(579, 'CRISTINA OMARINA', 'DE LEON PIRIR', '1987-06-28 00:00:00', 201217447, 'CALZADA JOSE MILLA 25-78 Z 6, Ciudad de Guatemala', '', '55035146', 'maycris_1822@hotmail.com', NULL, NULL, NULL, NULL, NULL, NULL, '201217447', 2, NULL, NULL, 1, 2, 3, 0, 17, NULL),
(580, 'MARILYN ODILIA', 'REYES MONTENEGRO', '1992-08-05 00:00:00', 201216083, '7 AV 8-56 APTO 14-11 ZONA 1 EDIF EL CENTRO, Ciudad de Guatemala', '22301629', '50364382', 'marilyn.odilia@gmail.com', NULL, NULL, NULL, NULL, NULL, NULL, '201216083', 2, NULL, NULL, 1, 2, 3, 0, 13, NULL),
(581, 'MIRCE LUCRECIA', 'MARROQUIN PEREZ', '1990-08-20 00:00:00', 201216954, '6 AV A  4 59 ZONA 7 LANDIVAR, Ciudad de Guatemala', '22301629', '55851037', 'erizcoz@gmail.com', NULL, NULL, NULL, NULL, NULL, NULL, '201216954', 2, NULL, NULL, 1, 2, 3, 0, 20, NULL),
(582, 'HEYDEE JEANETH', 'HURTADO ASENCIO', '1992-10-03 00:00:00', 201216109, '19 AV 1-22 ZONA 3  RES ALAMEDAS, Villa Nueva', '66463935', '47321350', 'heydee310@hotmail.com', NULL, NULL, NULL, NULL, NULL, NULL, '201216109', 2, NULL, NULL, 1, 2, 3, 0, 13, NULL),
(583, 'KEVIN SAUL', 'CABRERA CRUZ', '1990-11-10 00:00:00', 201211768, '1 CALLE L 62 ZONA 6 COLONIA SAUZALITO CHINAUTLA, Chinautla', '', '50732104', 'saulw16@hotmail.com', NULL, NULL, NULL, NULL, NULL, NULL, '201211768', 1, NULL, NULL, 1, 2, 3, 0, 14, NULL),
(584, 'NANCY MISHELL', 'HERNANDEZ GALAN', '1994-11-07 00:00:00', 201210479, 'MANZANA 29 LOTE 5 ZONA 11 PLANES DE MINERVA, Mixco', '24840667', '41225506', 'nancy_micha@hotmail.com', NULL, NULL, NULL, NULL, NULL, NULL, '201210479', 2, NULL, NULL, 1, 2, 3, 0, 15, NULL),
(585, 'JHESSICA FABIOLA', 'NOJ CHAICOJ', '1993-09-15 00:00:00', 201214053, 'LOTE 79 SECTOR 2 VIDA NUEVA TIERRA NUEVA 2, Chinautla', '24837749', '49961563', 'jhessy1993@hotmail.com', NULL, NULL, NULL, NULL, NULL, NULL, '201214053', 2, NULL, NULL, 1, 2, 3, 0, 25, NULL),
(586, 'DIEGO VINICIO', 'TOJES PACHECO', '1994-02-12 00:00:00', 201210290, '13 AVENIDA 6-63 COLONIA LOREN, Amatitlan', '66335235', '56363581', 'diego.182@hotmail.es', NULL, NULL, NULL, NULL, NULL, NULL, '201210290', 1, NULL, NULL, 1, 2, 3, 0, 15, NULL),
(587, 'ANDREA DEL ROCIO', 'PORRAS MARCOS', '1993-10-25 00:00:00', 201210147, '0 CALLE A 12-50 ZONA 1 EL ROCONAL, Mixco', '24385034', '43473884', 'andypoo_2510@hotmail.com', NULL, NULL, NULL, NULL, NULL, NULL, '201210147', 2, NULL, NULL, 1, 2, 3, 0, 15, NULL),
(588, 'SEBASTIAN ', 'MOLINA SANTIAGO', '1993-10-26 00:00:00', 201210133, '17 CALLE 17-69 ZONA 11 GRANAI IV, Ciudad de Guatemala', '', '57720820', 'sebastian_santiago10@hotmail.com', NULL, NULL, NULL, NULL, NULL, NULL, '201210133', 1, NULL, NULL, 1, 2, 3, 0, 15, NULL),
(589, 'MARIA PAOLA', 'ECHEVERRIA CHACON', '1993-12-02 00:00:00', 201210289, '19 AVENIDA A 11-80 APARTAMENTO 1 ZONA 21 COLONIA VENEZUELA, Ciudad de Guatemala', '24491389', '45527243', 'pao.leche@hotmail.com', NULL, NULL, NULL, NULL, NULL, NULL, '201210289', 2, NULL, NULL, 1, 2, 3, 0, 15, NULL),
(590, 'KEWIN ESTUARDO', 'JUAREZ MEJICANO', '1993-09-03 00:00:00', 201212587, '7 CALLE 4-27 Z 2 CERRO ALTO VIL,LA NVA, Villa Nueva', '66301537', '51279007', 'bobi_3060@hotmail.com', NULL, NULL, NULL, NULL, NULL, NULL, '201212587', 1, NULL, NULL, 1, 2, 3, 0, 1, NULL),
(591, 'JOSE JAVIER', 'DUBON NAVARRO', '1993-08-27 00:00:00', 201213461, '11 C A 22-03 ZONA 11 RES SAN JORGE, Ciudad de Guatemala', '24737151', '52081907', 'javier_dubon_93@hotmail.com', NULL, NULL, NULL, NULL, NULL, NULL, '201213461', 1, NULL, NULL, 1, 2, 3, 0, 1, NULL),
(592, 'ELY CELESTE', 'MORALES MENDOZA', '1994-03-16 00:00:00', 201217117, '24 C B 29-71 Z 7 COLONIA 4 DE FEBRERO, Ciudad de Guatemala', '24738525', '51382906', 'fresitaw6@hotmail.com', NULL, NULL, NULL, NULL, NULL, NULL, '201217117', 2, NULL, NULL, 1, 2, 3, 0, 20, NULL),
(593, 'CLAUDIA MARGARITA', 'FLORES MONTEZUMA', '1984-12-03 00:00:00', 201215447, 'ALDEA EL PAJON L 390 A, Santa Catarina Pinula', '', '41680960', 'cflores312@gmail.com', NULL, NULL, NULL, NULL, NULL, NULL, '201215447', 2, NULL, NULL, 1, 2, 3, 0, 13, NULL),
(594, 'MIRIAM NOEMI', 'CUX COTZOJAY', '1992-11-25 00:00:00', 201215947, '10A CALLE 3-14 ZONA 1 ESCUINTLA, Escuintla', '', '50997289', 'noemiky@hotmail.es', NULL, NULL, NULL, NULL, NULL, NULL, '201215947', 2, NULL, NULL, 1, 6, 3, 0, 13, NULL),
(595, 'BENJAMIN ', 'TIU CASTRO', '1989-05-14 00:00:00', 201222554, 'SANTA LUCIA LA REFORMA, Santa Lucia La Reforma', '', '40304614', 'tiucastro@gmail.com', NULL, NULL, NULL, NULL, NULL, NULL, '201222554', 1, NULL, NULL, 1, 17, 3, 0, 1, NULL),
(596, 'DIANA RAQUEL', 'MONROY LOPEZ', '1993-06-09 00:00:00', 201216553, '7 C 12-10 A INTERIOR ZONA 1, Villa Nueva', '66356533', '57666366', 'diana.monrroy@hotmail.com', NULL, NULL, NULL, NULL, NULL, NULL, '201216553', 2, NULL, NULL, 1, 2, 3, 0, 20, NULL),
(597, 'YOJANA BETZALY', 'SAPON COYOY', '1992-11-06 00:00:00', 201214869, '2 AV A FINAL ALDEA BOCA DEL MONTE COND VILLAS DE FATIMA MZ H L 32, Villa Canales', '', '52095019', 'yoja-bes92@hotmail.com', NULL, NULL, NULL, NULL, NULL, NULL, '201214869', 2, NULL, NULL, 1, 2, 3, 0, 13, NULL),
(598, 'DUGLAS JACOB', 'HERNANDEZ PINEDA', '1991-10-22 00:00:00', 201220216, '6 CALLE 11-20 Z 1, Villa Nueva', '66362029', '46140332', 'duglashernandez-22@hotmail.com', NULL, NULL, NULL, NULL, NULL, NULL, '201220216', 1, NULL, NULL, 1, 2, 3, 0, 11, NULL),
(599, 'JULIA MAGDALENA', 'SUQUEN HERNANDEZ', '1992-08-13 00:00:00', 201214191, 'CANTON ORIENTE MANZ 16 COL LA FE, Patzun', '78237610', '41220594', 'juliasuquen31@yahoo.com.mx', NULL, NULL, NULL, NULL, NULL, NULL, '201214191', 2, NULL, NULL, 1, 8, 3, 0, 25, NULL),
(600, 'CINDY MARISOL', 'TENAS MENDEZ', '1994-07-25 00:00:00', 201211030, '4 CALLE 0-40 ZONA 6 COLONIA LOHY ZONA 6, Villa Nueva', '66366757', '56328852', 'cindy_9419@hotmail.com', NULL, NULL, NULL, NULL, NULL, NULL, '201211030', 2, NULL, NULL, 1, 2, 3, 0, 14, NULL),
(601, 'MELANIE GUISELLE', 'OLIVA GUDIEL', '1995-05-24 00:00:00', 201211157, '24 AVENIDA 23-64 ZONA 5 COLONIA LA PALMITA, Ciudad de Guatemala', '23356483', '59535356', 'melanie.osita@gmail.com', NULL, NULL, NULL, NULL, NULL, NULL, '201211157', 2, NULL, NULL, 1, 2, 3, 0, 14, NULL),
(602, 'GREGORIA ANDREA', 'TAJIBOY SIC', '1977-12-11 00:00:00', 201220663, '7 C 12-35 COL ROOSEVELT, Ciudad de Guatemala', '', '53886183', 'g.andreatajiboy@hotmail.com', NULL, NULL, NULL, NULL, NULL, NULL, '201220663', 2, NULL, NULL, 1, 2, 3, 0, 14, NULL),
(603, 'ROMEO ANTONIO', 'GARCIA HERNANDEZ', '1990-04-15 00:00:00', 201211907, '4 CALLE 3 AVENIDA JOCOTALES ZONA 6, Chinautla', '22897320', '41352622', 'romeo_garcia154@hotmail.com', NULL, NULL, NULL, NULL, NULL, NULL, '201211907', 1, NULL, NULL, 1, 2, 3, 0, 14, NULL),
(604, 'ANA LUCIA', 'LEPE DIAZ', '1992-12-12 00:00:00', 201212085, 'LOTE 6 MANZANA G COLONIA VILLAS DEL ROSARIO ZONA 4, Mixco', '24320716', '55896682', 'analepe@hotmail.com', NULL, NULL, NULL, NULL, NULL, NULL, '201212085', 2, NULL, NULL, 1, 2, 3, 0, 14, NULL),
(605, 'MARCO AUGUSTO', 'TORTOLA MENENDEZ', '1994-11-17 00:00:00', 201222590, 'CARRETERA AL SALVADOR SAN JOSE PINULA CANTON SAN ANTONIO, San Jose Pinula', '66349099', '50163294', 'marco_123augusto@hotmail.com', NULL, NULL, NULL, NULL, NULL, NULL, '201222590', 1, NULL, NULL, 1, 2, 3, 0, 1, NULL),
(606, 'ESWIN JUAN', 'APARICIO PEREZ', '1994-05-14 00:00:00', 201222682, '2 CALLE A 1-70 Z 3 BOCA DEL MONTE, Villa Canales', '24496226', '54275275', 'jhonpol_007@hotmail.com', NULL, NULL, NULL, NULL, NULL, NULL, '201222682', 1, NULL, NULL, 1, 2, 3, 0, 1, NULL),
(607, 'RICARDO ANDRES', 'SARCEÑO CORADO', '1995-04-22 00:00:00', 201213264, '7 AV 18-17 ZONA 5 FUENTES DEL VALLE 2, Villa Nueva', '', '54666607', 'sc_134@hotmail.com', NULL, NULL, NULL, NULL, NULL, NULL, '201213264', 1, NULL, NULL, 1, 2, 3, 0, 1, NULL),
(608, 'JENIFER PAMELA', 'PALACIOS SALES', '1993-04-26 00:00:00', 201222673, '17 C 2-73 Z 3, Ciudad de Guatemala', '22538762', '50715586', 'cutecancan@hotmail.com', NULL, NULL, NULL, NULL, NULL, NULL, '201222673', 2, NULL, NULL, 1, 2, 3, 0, 1, NULL),
(609, 'DAVID ANDRES', 'VILLATORO POLANCO', '1994-06-07 00:00:00', 201213745, '3 CALLE 18-79 Z 8 SECTOR 134 COL SAN CRISTOBAL II, Mixco', '24608933', '41218346', 'davidandres1994@hotmail.com', NULL, NULL, NULL, NULL, NULL, NULL, '201213745', 1, NULL, NULL, 1, 2, 3, 0, 12, NULL),
(610, 'SONIA MELISSA', 'ESPAÑA ORELLANA', '1991-12-20 00:00:00', 201211431, 'LOTE 6 FRACCION 10 COLONIA MIRAFLORES  LOMAS DEL NORTE Z 17, Ciudad de Guatemala', '', '41989413', 'meli_orellana@hotmail.com', NULL, NULL, NULL, NULL, NULL, NULL, '201211431', 2, NULL, NULL, 1, 2, 3, 0, 14, NULL),
(611, 'BRYAN ALEXANDER', 'MARROQUIN ARAUZ', '1994-12-27 00:00:00', 201212136, 'LOTE 99 MANZANA A SECTOR 3 PRADOS DE VILLA HERMOSA, San Miguel Petapa', '24647016', '42960554', 'aalmarroquin@hotmail.com', NULL, NULL, NULL, NULL, NULL, NULL, '201212136', 1, NULL, NULL, 1, 2, 3, 0, 14, NULL),
(612, 'EVELYN PAOLA', 'PALACIOS CANCINOS', '1990-12-30 00:00:00', 201211751, 'LOTE 13 MANZANA G LINDA VISTA III CIUDAD QUETZAL, San Juan Sacatepequez', '', '43654326', 'evelyncancinos@hotmail.com', NULL, NULL, NULL, NULL, NULL, NULL, '201211751', 2, NULL, NULL, 1, 2, 3, 0, 14, NULL),
(613, 'LUCIA ELIZABETH', 'ALVAREZ CALDERON', '1995-03-15 00:00:00', 201215847, '28 C A 12-52 Z 13  COL STA FE  , Ciudad de Guatemala', '23332653', '45297890', 'lucy1002@hotmail.com', NULL, NULL, NULL, NULL, NULL, NULL, '201215847', 2, NULL, NULL, 1, 2, 3, 0, 13, NULL),
(614, 'SANDRA VERONICA', 'AJUCHAN VICENTE', '1992-07-26 00:00:00', 201210988, '2 CALLE A 18-50 ZONA 6, Ciudad de Guatemala', '', '52699619', 'ajuchan_veronica@hotmail.com', NULL, NULL, NULL, NULL, NULL, NULL, '201210988', 2, NULL, NULL, 1, 2, 3, 0, 14, NULL),
(615, 'MYNOR RENE', 'MORALES CARRERA', '1994-01-17 00:00:00', 201211003, '7 CALLE 6-24 ZONA  21 RESIDENCIALES EUREKA, Ciudad de Guatemala', '24492478', '49441837', 'mynitor17@hotmail.com', NULL, NULL, NULL, NULL, NULL, NULL, '201211003', 1, NULL, NULL, 1, 2, 3, 0, 14, NULL),
(616, 'AROLDO NEFTALI', 'SANDOVAL PORTILLO', '1993-02-21 00:00:00', 201215486, '4 C 10-51 COL CIUDAD DEL SOL ZONA 4, Villa Nueva', '66361868', '45227154', 'neftalisandoval@gmail.com', NULL, NULL, NULL, NULL, NULL, NULL, '201215486', 1, NULL, NULL, 1, 2, 3, 0, 13, NULL),
(617, 'ELENA ISABEL', 'LEMUS LOPEZ', '1988-06-19 00:00:00', 201222481, '5 AV 0-54 ZONA 12 CIUDAD REAL 1, Ciudad de Guatemala', '', '55489078', 'elenalemus19@hotmail.com', NULL, NULL, NULL, NULL, NULL, NULL, '201222481', 2, NULL, NULL, 1, 2, 3, 0, 13, NULL),
(618, 'EVELYN VERONICA', 'PEREZ JUAREZ', '1985-03-19 00:00:00', 201216238, '38 AV 4-25 ZONA 7 COLONIA EL RODEO, Ciudad de Guatemala', '', '41002621', 'evelyn-perez85@live.com', NULL, NULL, NULL, NULL, NULL, NULL, '201216238', 2, NULL, NULL, 1, 2, 3, 0, 13, NULL),
(619, 'ANA SARAI', 'ALVAREZ ARGUETA', '1993-07-21 00:00:00', 201220779, '28 CALLE 5-09 SAN FRANCISCO 1, Mixco', '24373647', '58324313', 'harioo16@hotamil.com', NULL, NULL, NULL, NULL, NULL, NULL, '201220779', 2, NULL, NULL, 1, 2, 3, 0, 14, NULL),
(620, 'CANDY GUADALUPE', 'CASTILLO RAMIREZ', '1988-01-15 00:00:00', 201221091, '3. AV MANZANA 1 LOTE 27 ZONA 18 COLONIA LA CRUZ, Ciudad de Guatemala', '52021874', '40060966', 'candy.lgj@hotmail.com', NULL, NULL, NULL, NULL, NULL, NULL, '201221091', 2, NULL, NULL, 1, 2, 3, 0, 23, NULL),
(621, 'ANA LUCRECIA', 'GOMEZ JERONIMO', '1992-03-22 00:00:00', 201215603, 'SEC 2 L 49 SAN JULIAN NUEVA CHINAUTLA ZONA 6, Chinautla', '', '54679628', 'lucrecia-jeronimo_18@hotmail.com', NULL, NULL, NULL, NULL, NULL, NULL, '201215603', 2, NULL, NULL, 1, 2, 3, 0, 13, NULL),
(622, 'WENDOLYN SAMAI', 'ZUÑIGA RETANA', '1992-02-07 00:00:00', 201215602, '11 CALLE A 27-83 Z 18 PARAISO 2, Ciudad de Guatemala', '22571721', '42436574', 'wensz2009@hotmail.com', NULL, NULL, NULL, NULL, NULL, NULL, '201215602', 2, NULL, NULL, 1, 2, 3, 0, 13, NULL),
(623, 'FREDDY ALEXANDER', 'PEÑA HERNANDEZ', '1991-10-22 00:00:00', 201214790, '7 AV 3-17 Z 19 LA FLORIDA, Ciudad de Guatemala', '52054494', '40111813', 'federico_50c@hotmail.com', NULL, NULL, NULL, NULL, NULL, NULL, '201214790', 1, NULL, NULL, 1, 2, 3, 0, 13, NULL),
(624, 'MILTON JOSUE', 'MANSILLA FERNANDEZ', '1988-02-21 00:00:00', 201214787, '10 C 5-28 Z 1 APTO A, San Raymundo', '', '40888800', 'miltonjos10@gmail.com', NULL, NULL, NULL, NULL, NULL, NULL, '201214787', 1, NULL, NULL, 1, 2, 3, 0, 13, NULL),
(625, 'WENDY SUSELY', 'CUC SOSOF', '1993-07-25 00:00:00', 201210087, '4 AVENIDA 3-76 ZONA 1, San Lucas Toliman', '45112139', '55259608', 'susycuc@hotmail.com', NULL, NULL, NULL, NULL, NULL, NULL, '201210087', 2, NULL, NULL, 1, 18, 3, 0, 15, NULL),
(626, 'MIRIAM ANALY', 'GABRIEL SALAZAR', '1993-03-21 00:00:00', 201214520, '0 AV A 3-46 ZONA 4, Comalapa', '78498479', '55257035', 'miriamgabrielsalazar@hotmail.com', NULL, NULL, NULL, NULL, NULL, NULL, '201214520', 2, NULL, NULL, 2, 8, 3, 0, 24, NULL),
(627, 'HEIDI NOEMI', 'MEZA CRUZ', '1994-02-27 00:00:00', 201215254, '13 CALLE 9-27 Z 1 VILLA NUEVA, Villa Nueva', '58687599', '59019117', 'heidy_naho@hotmail.com', NULL, NULL, NULL, NULL, NULL, NULL, '201215254', 2, NULL, NULL, 3, 2, 3, 1, 13, NULL),
(628, 'LILIAN DEL ROSARIO', 'CHAJON GONZALEZ', '1986-04-04 00:00:00', 201214780, '14 C A 29-62 CIUDAD DE PLATA ZONA 7, Ciudad de Guatemala', '', '53773925', 'lilichgonzalez@hotmail.com', NULL, NULL, NULL, NULL, NULL, NULL, '201214780', 2, NULL, NULL, 2, 2, 3, 0, 13, NULL);

-- --------------------------------------------------------

--
-- Estructura de tabla para la tabla `paciente_menu_categoria`
--

CREATE TABLE IF NOT EXISTS `paciente_menu_categoria` (
  `idpaciente` int(20) NOT NULL,
  `idmenu_categoria` int(11) NOT NULL,
  `auto_evaluacion` int(11) DEFAULT NULL,
  `multifasico` int(11) DEFAULT NULL,
  PRIMARY KEY (`idpaciente`,`idmenu_categoria`)
) ENGINE=InnoDB DEFAULT CHARSET=utf8;

--
-- Volcado de datos para la tabla `paciente_menu_categoria`
--

INSERT INTO `paciente_menu_categoria` (`idpaciente`, `idmenu_categoria`, `auto_evaluacion`, `multifasico`) VALUES
(17, 1, 0, 1),
(17, 17, 0, 1),
(17, 18, 0, 1),
(17, 19, 0, 1),
(17, 20, 0, 1),
(17, 21, 0, 1),
(17, 22, 0, 1),
(17, 24, 0, 1),
(17, 25, 0, 1),
(17, 26, 0, 1),
(17, 27, 0, 1),
(17, 28, 0, 1),
(17, 29, 0, 1),
(17, 30, 0, 1),
(17, 31, 0, 1),
(17, 32, 0, 1),
(17, 33, 0, 1),
(20, 17, 0, 1),
(20, 18, 0, 1),
(20, 19, 0, 1),
(20, 20, 0, 1),
(20, 21, 0, 1),
(20, 22, 0, 1),
(20, 24, 0, 1),
(20, 25, 0, 1),
(20, 26, 0, 1),
(20, 27, 0, 1),
(20, 28, 0, 1),
(20, 29, 0, 1),
(20, 30, 0, 1),
(20, 31, 0, 1),
(85, 17, 0, 1),
(85, 18, 0, 1),
(85, 19, 0, 1),
(85, 20, 0, 1),
(85, 21, 0, 1),
(85, 22, 0, 1),
(85, 24, 0, 1),
(85, 25, 0, 1),
(85, 26, 0, 1),
(85, 27, 0, 1),
(85, 28, 0, 1),
(85, 29, 0, 1),
(85, 30, 0, 1),
(85, 31, 0, 1),
(90, 17, 0, 1),
(90, 18, 0, 1),
(90, 19, 0, 1),
(90, 20, 0, 1),
(90, 21, 0, 1),
(90, 22, 0, 1),
(90, 24, 0, 1),
(90, 25, 0, 1),
(90, 26, 0, 1),
(90, 27, 0, 1),
(90, 28, 0, 1),
(90, 29, 0, 1),
(90, 30, 0, 1),
(90, 31, 0, 1),
(91, 17, 0, 1),
(91, 18, 0, 1),
(91, 19, 0, 1),
(91, 20, 0, 1),
(91, 21, 0, 1),
(91, 22, 0, 1),
(91, 24, 0, 1),
(91, 25, 0, 1),
(91, 26, 0, 1),
(91, 27, 0, 1),
(91, 28, 0, 1),
(91, 29, 0, 1),
(91, 30, 0, 1),
(91, 31, 0, 1),
(92, 17, 0, 1),
(92, 18, 0, 1),
(92, 19, 0, 1),
(92, 20, 0, 1),
(92, 22, 0, 1),
(94, 17, 0, 1),
(94, 18, 0, 1),
(94, 19, 0, 1),
(95, 17, 0, 1),
(95, 18, 0, 1),
(95, 19, 0, 1),
(95, 20, 0, 1),
(95, 21, 0, 1),
(95, 22, 0, 1),
(95, 24, 0, 1),
(95, 25, 0, 1),
(95, 26, 0, 1),
(95, 27, 0, 1),
(95, 28, 0, 1),
(95, 29, 0, 1),
(95, 30, 0, 1),
(95, 31, 0, 1),
(96, 1, 0, 1),
(96, 17, 0, 1),
(96, 18, 0, 1),
(96, 19, 0, 1),
(96, 20, 0, 1),
(96, 22, 0, 1),
(96, 24, 0, 1),
(96, 25, 0, 1),
(96, 27, 0, 1),
(96, 28, 0, 1),
(96, 29, 0, 1),
(96, 30, 0, 1),
(96, 32, 0, 1),
(97, 1, 0, 1),
(97, 17, 0, 1),
(97, 18, 0, 1),
(97, 19, 0, 1),
(97, 20, 0, 1),
(97, 22, 0, 1),
(97, 24, 0, 1),
(97, 25, 0, 1),
(97, 26, 0, 1),
(97, 27, 0, 1),
(97, 28, 0, 1),
(97, 29, 0, 1),
(97, 30, 0, 1),
(97, 31, 0, 1),
(97, 32, 0, 1),
(97, 33, 0, 1),
(100, 1, 0, 1),
(100, 17, 0, 1),
(100, 18, 0, 1),
(100, 19, 0, 1),
(100, 20, 0, 1),
(100, 22, 0, 1),
(100, 24, 0, 1),
(100, 25, 0, 1),
(100, 26, 0, 1),
(100, 27, 0, 1),
(100, 28, 0, 1),
(100, 29, 0, 1),
(100, 30, 0, 1),
(100, 31, 0, 1),
(100, 32, 0, 1),
(100, 33, 0, 1),
(101, 1, 0, 1),
(101, 17, 0, 1),
(101, 18, 1, 1),
(101, 19, 0, 1),
(101, 20, 1, 1),
(101, 22, 0, 1),
(101, 24, 1, 1),
(101, 25, 1, 1),
(101, 26, 0, 1),
(101, 27, 1, 1),
(101, 28, 1, 1),
(101, 29, 1, 1),
(101, 30, 1, 1),
(101, 31, 0, 1),
(101, 32, 0, 1),
(101, 33, 0, 1),
(101, 34, 1, 0),
(101, 35, 1, 0),
(101, 36, 1, 0),
(102, 1, 0, 1),
(102, 17, 0, 1),
(102, 18, 1, 0),
(102, 20, 1, 0),
(102, 22, 0, 1),
(102, 24, 1, 0),
(102, 25, 1, 0),
(102, 26, 0, 1),
(102, 27, 1, 0),
(102, 28, 1, 0),
(102, 29, 1, 0),
(102, 30, 1, 0),
(102, 31, 0, 1),
(102, 32, 0, 1),
(102, 33, 0, 1),
(102, 34, 1, 0),
(102, 35, 1, 0),
(102, 36, 1, 0),
(103, 1, 0, 1),
(103, 17, 0, 1),
(103, 18, 0, 1),
(103, 19, 0, 1),
(103, 20, 0, 1),
(103, 22, 0, 1),
(103, 24, 0, 1),
(103, 25, 0, 1),
(103, 26, 0, 1),
(103, 27, 0, 1),
(103, 28, 0, 1),
(103, 29, 0, 1),
(103, 30, 0, 1),
(103, 31, 0, 1),
(103, 32, 0, 1),
(103, 33, 0, 1),
(104, 1, 0, 1),
(104, 17, 0, 1),
(104, 18, 0, 1),
(104, 22, 0, 1),
(104, 26, 0, 1),
(104, 27, 0, 1),
(104, 31, 0, 1),
(104, 32, 0, 1),
(107, 17, 1, 0),
(107, 18, 1, 0),
(107, 19, 1, 0),
(107, 20, 1, 0),
(107, 25, 1, 0),
(107, 26, 1, 0),
(107, 27, 1, 0),
(107, 28, 1, 0),
(107, 29, 1, 0),
(107, 30, 1, 0),
(107, 34, 1, 0),
(107, 35, 1, 0),
(107, 36, 1, 0),
(110, 18, 1, 0),
(110, 20, 1, 0),
(110, 24, 1, 0),
(110, 25, 1, 0),
(110, 27, 1, 0),
(110, 28, 1, 0),
(110, 29, 1, 0),
(110, 30, 1, 0),
(110, 34, 1, 0),
(110, 35, 1, 0),
(110, 36, 1, 0),
(111, 1, 0, 1),
(111, 17, 0, 1),
(111, 18, 0, 1),
(111, 19, 0, 1),
(111, 20, 0, 1),
(111, 22, 0, 1),
(111, 24, 0, 1),
(111, 25, 0, 1),
(111, 26, 0, 1),
(111, 27, 0, 1),
(111, 28, 0, 1),
(111, 29, 0, 1),
(111, 30, 0, 1),
(111, 31, 0, 1),
(111, 32, 0, 1),
(111, 33, 0, 1),
(112, 18, 1, 0),
(112, 20, 1, 0),
(112, 24, 1, 0),
(112, 25, 1, 0),
(112, 27, 1, 0),
(112, 28, 1, 0),
(112, 29, 1, 0),
(112, 30, 1, 0),
(112, 34, 1, 0),
(112, 35, 1, 0),
(112, 36, 1, 0),
(115, 1, 0, 1),
(115, 17, 0, 1),
(115, 18, 0, 1),
(115, 19, 0, 1),
(115, 20, 0, 1),
(115, 22, 0, 1),
(115, 24, 0, 1),
(115, 25, 0, 1),
(115, 26, 0, 1),
(115, 27, 0, 1),
(115, 28, 0, 1),
(115, 29, 0, 1),
(115, 30, 0, 1),
(115, 31, 0, 1),
(115, 32, 0, 1),
(115, 33, 0, 1),
(116, 17, 0, 1),
(116, 18, 0, 1),
(116, 19, 0, 1),
(116, 20, 0, 1),
(116, 22, 0, 1),
(116, 24, 0, 1),
(116, 25, 0, 1),
(116, 26, 0, 1),
(116, 27, 0, 1),
(116, 28, 0, 1),
(116, 29, 0, 1),
(116, 30, 0, 1),
(116, 31, 0, 1),
(116, 32, 0, 1),
(116, 33, 0, 1),
(117, 18, 1, 0),
(117, 20, 1, 0),
(117, 24, 1, 0),
(117, 25, 1, 0),
(117, 27, 1, 0),
(117, 28, 1, 0),
(117, 29, 1, 0),
(117, 30, 1, 0),
(117, 34, 1, 0),
(117, 35, 1, 0),
(117, 36, 1, 0),
(121, 27, 1, 0),
(125, 17, 0, 1),
(125, 18, 0, 1),
(125, 19, 0, 1),
(125, 20, 0, 1),
(125, 22, 0, 1),
(125, 24, 0, 1),
(125, 25, 0, 1),
(125, 26, 0, 1),
(125, 27, 0, 1),
(125, 28, 0, 1),
(125, 29, 0, 1),
(125, 30, 0, 1),
(125, 31, 0, 1),
(125, 32, 0, 1),
(125, 33, 0, 1),
(132, 1, 0, 1),
(132, 17, 0, 1),
(132, 18, 0, 1),
(132, 19, 0, 1),
(132, 20, 0, 1),
(132, 22, 0, 1),
(132, 24, 0, 1),
(132, 25, 0, 1),
(132, 26, 0, 1),
(132, 27, 0, 1),
(132, 28, 0, 1),
(132, 29, 0, 1),
(132, 30, 0, 1),
(132, 31, 0, 1),
(132, 32, 0, 1),
(132, 33, 0, 1),
(147, 1, 0, 1),
(147, 17, 0, 1),
(147, 18, 0, 1),
(147, 19, 0, 1),
(147, 20, 0, 1),
(147, 22, 0, 1),
(147, 24, 0, 1),
(147, 25, 0, 1),
(147, 26, 0, 1),
(147, 27, 0, 1),
(147, 28, 0, 1),
(147, 29, 0, 1),
(147, 30, 0, 1),
(147, 31, 0, 1),
(147, 32, 0, 1),
(147, 33, 0, 1),
(148, 18, 1, 0),
(148, 20, 1, 0),
(148, 24, 1, 0),
(148, 25, 1, 0),
(148, 27, 1, 0),
(148, 28, 1, 0),
(148, 29, 1, 0),
(148, 30, 1, 0),
(148, 34, 1, 0),
(148, 35, 1, 0),
(148, 36, 1, 0),
(149, 18, 1, 0),
(149, 20, 1, 0),
(149, 24, 1, 0),
(149, 25, 1, 0),
(149, 27, 1, 0),
(149, 28, 1, 0),
(149, 29, 1, 0),
(149, 30, 1, 0),
(149, 34, 1, 0),
(149, 35, 1, 0),
(149, 36, 1, 0),
(150, 1, 0, 1),
(150, 17, 0, 1),
(150, 18, 0, 1),
(150, 19, 0, 1),
(150, 20, 0, 1),
(150, 22, 0, 1),
(150, 24, 0, 1),
(150, 25, 0, 1),
(150, 26, 0, 1),
(150, 27, 0, 1),
(150, 28, 0, 1),
(150, 29, 0, 1),
(150, 30, 0, 1),
(150, 31, 0, 1),
(150, 32, 0, 1),
(150, 33, 0, 1),
(152, 1, 0, 1),
(152, 17, 0, 1),
(152, 18, 0, 1),
(152, 19, 0, 1),
(152, 20, 0, 1),
(152, 22, 0, 1),
(152, 24, 0, 1),
(152, 25, 0, 1),
(152, 26, 0, 1),
(152, 27, 0, 1),
(152, 28, 0, 1),
(152, 29, 0, 1),
(152, 30, 0, 1),
(152, 31, 0, 1),
(152, 32, 0, 1),
(152, 33, 0, 1),
(162, 18, 1, 0),
(162, 20, 1, 0),
(162, 24, 1, 0),
(162, 25, 1, 0),
(162, 27, 1, 0),
(162, 28, 1, 0),
(162, 29, 1, 0),
(162, 30, 1, 0),
(162, 34, 1, 0),
(162, 35, 1, 0),
(162, 36, 1, 0),
(184, 1, 0, 1),
(184, 17, 0, 1),
(184, 18, 0, 1),
(184, 19, 0, 1),
(184, 20, 0, 1),
(184, 22, 0, 1),
(184, 24, 0, 1),
(184, 25, 0, 1),
(184, 26, 0, 1),
(184, 27, 0, 1),
(184, 28, 0, 1),
(184, 29, 0, 1),
(184, 30, 0, 1),
(184, 31, 0, 1),
(184, 32, 0, 1),
(184, 33, 0, 1),
(206, 1, 0, 1),
(206, 17, 0, 1),
(206, 18, 0, 1),
(206, 19, 0, 1),
(206, 20, 0, 1),
(206, 22, 0, 1),
(206, 24, 0, 1),
(206, 25, 0, 1),
(206, 26, 0, 1),
(206, 27, 0, 1),
(206, 28, 0, 1),
(206, 29, 0, 1),
(206, 30, 0, 1),
(206, 31, 0, 1),
(206, 32, 0, 1),
(206, 33, 0, 1),
(208, 1, 0, 1),
(208, 17, 0, 1),
(208, 18, 0, 1),
(208, 19, 0, 1),
(208, 20, 0, 1),
(208, 22, 0, 1),
(208, 24, 0, 1),
(208, 25, 0, 1),
(208, 26, 0, 1),
(208, 27, 0, 1),
(208, 28, 0, 1),
(208, 29, 0, 1),
(208, 30, 0, 1),
(208, 31, 0, 1),
(208, 32, 0, 1),
(208, 33, 0, 1),
(209, 1, 0, 1),
(209, 17, 0, 1),
(209, 18, 0, 1),
(209, 19, 0, 1),
(209, 20, 0, 1),
(209, 22, 0, 1),
(209, 24, 0, 1),
(209, 25, 0, 1),
(209, 26, 0, 1),
(209, 27, 0, 1),
(209, 28, 0, 1),
(209, 29, 0, 1),
(209, 30, 0, 1),
(209, 31, 0, 1),
(209, 32, 0, 1),
(209, 33, 0, 1),
(210, 1, 0, 1),
(210, 17, 0, 1),
(210, 18, 0, 1),
(210, 19, 0, 1),
(210, 20, 0, 1),
(210, 22, 0, 1),
(210, 24, 0, 1),
(210, 25, 0, 1),
(210, 26, 0, 1),
(210, 27, 0, 1),
(210, 28, 0, 1),
(210, 29, 0, 1),
(210, 30, 0, 1),
(210, 31, 0, 1),
(210, 32, 0, 1),
(210, 33, 0, 1),
(211, 1, 0, 1),
(211, 17, 0, 1),
(211, 18, 0, 1),
(211, 19, 0, 1),
(211, 20, 0, 1),
(211, 22, 0, 1),
(211, 24, 0, 1),
(211, 25, 0, 1),
(211, 26, 0, 1),
(211, 27, 0, 1),
(211, 28, 0, 1),
(211, 29, 0, 1),
(211, 30, 0, 1),
(211, 31, 0, 1),
(211, 32, 0, 1),
(211, 33, 0, 1),
(212, 1, 0, 1),
(212, 17, 0, 1),
(212, 18, 0, 1),
(212, 19, 0, 1),
(212, 20, 0, 1),
(212, 22, 0, 1),
(212, 24, 0, 1),
(212, 25, 0, 1),
(212, 26, 0, 1),
(212, 27, 0, 1),
(212, 28, 0, 1),
(212, 29, 0, 1),
(212, 30, 0, 1),
(212, 31, 0, 1),
(212, 32, 0, 1),
(212, 33, 0, 1),
(225, 1, 0, 1),
(225, 17, 0, 1),
(225, 18, 0, 1),
(225, 19, 0, 1),
(225, 20, 0, 1),
(225, 22, 0, 1),
(225, 24, 0, 1),
(225, 25, 0, 1),
(225, 26, 0, 1),
(225, 27, 0, 1),
(225, 28, 0, 1),
(225, 29, 0, 1),
(225, 30, 0, 1),
(225, 31, 0, 1),
(225, 32, 0, 1),
(225, 33, 0, 1),
(226, 1, 0, 1),
(226, 17, 0, 1),
(226, 18, 0, 1),
(226, 19, 0, 1),
(226, 20, 0, 1),
(226, 22, 0, 1),
(226, 24, 0, 1),
(226, 25, 0, 1),
(226, 26, 0, 1),
(226, 27, 0, 1),
(226, 28, 0, 1),
(226, 29, 0, 1),
(226, 30, 0, 1),
(226, 31, 0, 1),
(226, 32, 0, 1),
(226, 33, 0, 1),
(227, 1, 0, 1),
(227, 17, 0, 1),
(227, 18, 0, 1),
(227, 19, 0, 1),
(227, 20, 0, 1),
(227, 22, 0, 1),
(227, 24, 0, 1),
(227, 25, 0, 1),
(227, 26, 0, 1),
(227, 27, 0, 1),
(227, 28, 0, 1),
(227, 29, 0, 1),
(227, 30, 0, 1),
(227, 31, 0, 1),
(227, 32, 0, 1),
(227, 33, 0, 1),
(229, 18, 1, 0),
(229, 20, 1, 0),
(229, 24, 1, 0),
(229, 25, 1, 0),
(229, 27, 1, 0),
(229, 28, 1, 0),
(229, 29, 1, 0),
(229, 30, 1, 0),
(229, 34, 1, 0),
(229, 35, 1, 0),
(229, 36, 1, 0),
(230, 18, 1, 0),
(230, 20, 1, 0),
(230, 24, 1, 0),
(230, 25, 1, 0),
(230, 27, 1, 0),
(230, 28, 1, 0),
(230, 29, 1, 0),
(230, 30, 1, 0),
(230, 34, 1, 0),
(230, 35, 1, 0),
(230, 36, 1, 0),
(231, 18, 1, 0),
(231, 20, 1, 0),
(231, 24, 1, 0),
(231, 25, 1, 0),
(231, 27, 1, 0),
(231, 28, 1, 0),
(231, 29, 1, 0),
(231, 30, 1, 0),
(231, 34, 1, 0),
(231, 35, 1, 0),
(231, 36, 1, 0),
(232, 18, 1, 0),
(232, 20, 1, 0),
(232, 24, 1, 0),
(232, 25, 1, 0),
(232, 27, 1, 0),
(232, 28, 1, 0),
(232, 29, 1, 0),
(232, 30, 1, 0),
(232, 34, 1, 0),
(232, 35, 1, 0),
(232, 36, 1, 0);

-- --------------------------------------------------------

--
-- Estructura de tabla para la tabla `parentesco`
--

CREATE TABLE IF NOT EXISTS `parentesco` (
  `idparentesco` int(11) NOT NULL AUTO_INCREMENT,
  `nombre` varchar(100) NOT NULL,
  PRIMARY KEY (`idparentesco`)
) ENGINE=InnoDB  DEFAULT CHARSET=utf8 AUTO_INCREMENT=8 ;

--
-- Volcado de datos para la tabla `parentesco`
--

INSERT INTO `parentesco` (`idparentesco`, `nombre`) VALUES
(1, 'Madre'),
(2, 'Padre'),
(3, 'Esposo(a)'),
(4, 'Hermano(a)'),
(5, 'Abuelo(a)'),
(6, 'Otro'),
(7, 'Padrastro');

-- --------------------------------------------------------

--
-- Estructura de tabla para la tabla `permiso`
--

CREATE TABLE IF NOT EXISTS `permiso` (
  `idpermiso` int(10) NOT NULL AUTO_INCREMENT,
  `descripcion` varchar(255) NOT NULL,
  `idcategoria_permiso` int(10) NOT NULL,
  PRIMARY KEY (`idpermiso`),
  KEY `FKpermiso30573` (`idcategoria_permiso`)
) ENGINE=InnoDB  DEFAULT CHARSET=utf8 AUTO_INCREMENT=262 ;

--
-- Volcado de datos para la tabla `permiso`
--

INSERT INTO `permiso` (`idpermiso`, `descripcion`, `idcategoria_permiso`) VALUES
(221, 'Mostar Contenido', 1),
(222, 'Crear Contenido', 1),
(223, 'Eliminar Contenido', 1),
(224, 'Nuevo Contenido', 1),
(225, 'Mostrar Noticias', 1),
(226, 'Crear  Noticias', 1),
(227, 'Eliminar noticias', 1),
(228, 'Mostar Actividades', 1),
(229, 'Crear Actividades', 1),
(230, 'Eliminar Actividades', 1),
(231, 'Mostrar Areas', 1),
(232, 'Modificar Areas', 1),
(233, 'Mostrar Usuarios', 2),
(234, 'Crear Usuarios', 2),
(235, 'Mostrar Permisos', 2),
(236, 'Asignar Permisos', 2),
(239, 'Manipular Estado Civil', 3),
(240, 'Manipular Tipo Sangre', 3),
(241, 'Manipular Parentesco', 3),
(242, 'Manipular Titulo Secundaria', 3),
(246, 'Modificar Configuracion', 2),
(247, 'Mostrar  Archivos sin Usar', 2),
(248, 'Eliminar Archivos sin Usar', 2),
(250, 'Manipular Categoria', 3),
(252, 'Manipular Menu Categoria', 3),
(253, 'Sistema de Secretarias', 3),
(254, 'Menu de Anuncios', 3),
(255, 'Seleccionar tipo de examen', 3),
(256, 'Resultados', 3),
(257, 'Gestion de Resultados', 3),
(259, 'Gestion de Resultados', 3),
(260, 'Estudiantes', 4),
(261, 'Reportes de preguntas', 3);

-- --------------------------------------------------------

--
-- Estructura de tabla para la tabla `pregunta`
--

CREATE TABLE IF NOT EXISTS `pregunta` (
  `idpregunta` int(10) NOT NULL AUTO_INCREMENT,
  `orden` int(11) NOT NULL,
  `requerida` int(10) NOT NULL DEFAULT '0',
  `pregunta` varchar(255) NOT NULL,
  `categoriaidcategoria` int(10) NOT NULL,
  `descripcion` varchar(200) DEFAULT NULL,
  `idtipo_pregunta` int(10) NOT NULL,
  `auto_evaluacion` int(10) NOT NULL,
  `multifasico` int(11) NOT NULL,
  `largo` int(10) DEFAULT NULL COMMENT '1->pequeño,2->mediano,3->Grande',
  `multiple` int(11) DEFAULT NULL,
  `estado` int(11) NOT NULL DEFAULT '1' COMMENT '0-> NO EN DASH , 1 EN DASH',
  `genero` int(10) NOT NULL DEFAULT '0' COMMENT '0->ambos,1->hombres,2->mujeres',
  PRIMARY KEY (`idpregunta`),
  KEY `FKpregunta916024` (`categoriaidcategoria`),
  KEY `FKpregunta179647` (`idtipo_pregunta`)
) ENGINE=InnoDB  DEFAULT CHARSET=utf8 AUTO_INCREMENT=354 ;

--
-- Volcado de datos para la tabla `pregunta`
--

INSERT INTO `pregunta` (`idpregunta`, `orden`, `requerida`, `pregunta`, `categoriaidcategoria`, `descripcion`, `idtipo_pregunta`, `auto_evaluacion`, `multifasico`, `largo`, `multiple`, `estado`, `genero`) VALUES
(128, 5, 1, 'Situación actual de tu familia', 23, '', 3, 0, 1, 0, 0, 1, 0),
(129, 4, 1, 'Quién sostiene tu hogar', 23, '', 3, 0, 1, 0, 1, 1, 0),
(130, 3, 1, 'VIVIENDA DEL ESTUDIANTE: Tu  vives en:', 23, '', 3, 0, 1, 0, 0, 1, 0),
(136, 87, 1, 'Has estado hospitalizado', 25, '', 7, 0, 1, 0, 0, 1, 0),
(137, 88, 0, 'Enfermedad común (veces)', 25, '', 1, 0, 1, 0, 0, 1, 0),
(138, 89, 0, 'Traúmas y golpes (veces)', 25, '', 1, 0, 1, 0, 0, 1, 0),
(139, 90, 0, 'Transtornos mentales (veces)', 25, '', 1, 0, 1, 0, 0, 1, 0),
(140, 91, 0, 'Operaciones (veces)', 25, '', 1, 0, 1, 0, 0, 1, 0),
(151, 81, 0, 'Diabetes Mellitus', 27, 'Selecciona si tú, ó alguno de tus PADRES O ABUELOS (vivos o fallecidos) tienen o tuvieron o varias de las siguientes enfermedades.', 8, 1, 1, 0, 1, 0, 0),
(152, 82, 0, 'Presión alta', 27, '', 8, 1, 1, 0, 1, 0, 0),
(153, 83, 0, 'Derrame Cerebral', 27, '', 8, 1, 1, 0, 1, 0, 0),
(154, 84, 0, 'Infarto cardiaco', 27, '', 8, 1, 1, 0, 1, 0, 0),
(155, 85, 0, 'Cancer', 27, '', 8, 1, 1, 0, 1, 0, 0),
(157, 86, 0, 'Vih/sida', 27, '', 8, 1, 1, 0, 1, 0, 0),
(160, 21, 0, 'Si marcaste SI, señala qué medicamento(s) consumes', 29, '', 3, 0, 1, 0, 1, 1, 0),
(161, 22, 0, 'Consumes algún tranquilizante?', 29, '', 3, 0, 1, 0, 1, 1, 0),
(162, 20, 1, 'Consumes frecuentemente, algún medicamento', 29, '', 7, 0, 1, 0, 0, 1, 0),
(163, 44, 1, 'Tomo 1 ó mas gaseosa y/o jugos enlatados', 30, '', 5, 1, 1, 0, 0, 0, 0),
(164, 43, 1, 'Como frutas', 30, '', 5, 1, 1, 0, 0, 0, 0),
(165, 44, 1, 'Como verduras', 30, '', 5, 1, 1, 0, 0, 0, 0),
(167, 46, 1, 'Tomo leche entera', 30, '', 5, 1, 1, 0, 0, 0, 0),
(169, 48, 1, 'Consumo comida rápida (shucos, hamburguesa, pizza, papas fritas, tacos, dobladas, etc)', 30, '', 5, 1, 1, 0, 0, 0, 0),
(170, 49, 1, 'Bebo 8 más vasos de agua al día', 30, '', 5, 1, 1, 0, 0, 0, 0),
(171, 50, 1, 'Mi mejor tiempo de comida es la cena', 30, '', 5, 1, 1, 0, 0, 0, 0),
(175, 51, 1, 'Como más de un huevo', 30, '', 5, 1, 1, 0, 0, 0, 0),
(176, 52, 1, 'En relación a mi peso, creo que estoy', 30, '', 6, 1, 1, 0, 0, 0, 0),
(183, 31, 1, 'Fumo ó fumé cigarrillos', 31, '', 5, 1, 1, 0, 0, 0, 0),
(185, 32, 0, 'Fumo ó fumé de 1 a 5 cigarrillos', 31, 'SI  NUNCA HAS FUMADO, MARCA ''NO'' Y PASA A LA pregunta No 35, SI FUMASTE (TIENES 3 Ó MÁS MESES SIN FUMAR) RESPONDE LA PREGUNTA 32, 33 Y PASA A LA PREGUNTA A LA PREGUNTA 35', 5, 1, 1, 0, 0, 0, 0),
(186, 34, 0, 'Fumo principalmente en las mañanas, al momento de levantarme', 31, '', 5, 1, 1, 0, 0, 0, 0),
(187, 33, 0, 'Fumo ó fumé más de 5 cigarrillos', 31, '', 5, 1, 1, 0, 0, 0, 0),
(188, 35, 0, 'Soy fumador(a) pasivo(a)', 31, '', 5, 1, 1, 0, 0, 0, 0),
(189, 36, 1, 'Consumo ó consumi bebidas alcohólicas (cervezas, ron, vino, etc)', 31, '', 5, 1, 1, 0, 0, 0, 0),
(190, 37, 0, 'Con que frecuencia bebes 6 o más bebidas en una ocasión', 31, 'SI NO BEBES Ó TIENES MÁS DE 3 MESES DE NO BEBER, MARCA ''NO'' Y PARA A LA PREGUNTA NO. 39', 5, 1, 1, 0, 0, 0, 0),
(191, 38, 0, 'Con que frecuencia has dejado de hacer tus actividades, debido al consumo de licor (clases, tareas, trabajo)', 31, '', 5, 1, 1, 0, 0, 0, 0),
(193, 39, 1, 'Practico ejercicio 30 minutos ó mas (Correr, Gimnasio, Pesas, Pilates, Bicicletas, etc)', 31, '', 5, 1, 1, 0, 0, 0, 0),
(194, 40, 1, 'Consume drogas (marihuana, cocaína, etc)', 31, '', 5, 1, 1, 0, 0, 0, 0),
(195, 41, 1, 'Mi vida sexual es', 31, 'SI  NO TIENES VIDA SEXUAL ACTIVA, MARCA NO  Y PASA A LA pregunta No 44', 5, 1, 1, 0, 0, 0, 0),
(196, 42, 0, 'Utilizo el condón', 31, '', 5, 1, 1, 0, 0, 0, 0),
(197, 16, 1, 'Tienes tiempo libre semanalmente', 32, '', 7, 0, 1, 0, 0, 1, 0),
(198, 17, 1, 'Sí disfrutas el tiempo libre por semana, señala:', 32, '', 3, 0, 1, 0, 0, 1, 0),
(199, 18, 0, 'Si tienes tiempo libre,  lo empleas preferentemente en: (Puedes marcar varias proposiciones)', 32, '', 3, 0, 1, 0, 1, 1, 0),
(200, 19, 0, 'Realizas otra actividad no señalada. ¿Cual?', 32, '', 2, 0, 1, 2, 0, 1, 0),
(210, 1, 1, 'Sufro dolores de cabeza', 34, '', 4, 1, 1, 0, 0, 0, 0),
(211, 2, 1, 'Me duele la cabeza cuando estoy tens@', 34, '', 4, 1, 1, 0, 0, 0, 0),
(212, 3, 1, 'Me duele la cabeza sin motivo alguno', 34, '', 4, 1, 1, 0, 0, 0, 0),
(213, 4, 1, 'Uso lentes (anteojos ó de contacto)', 35, '', 4, 1, 1, 0, 0, 0, 0),
(214, 5, 1, 'Se me cansa la vista (al leer, ver tv, etc)', 35, '', 4, 1, 1, 0, 0, 0, 0),
(215, 6, 1, 'Tengo la vista borrosa al leer o identificar personas u objetos lejanos (carteles, pizarra, amigos, etc)', 35, '', 4, 1, 1, 0, 0, 0, 0),
(216, 7, 1, 'Tengo dificultad para escuchar con uno o ambos oídos', 36, '', 4, 1, 1, 0, 0, 0, 0),
(217, 8, 1, 'Padezco de infecciones de garganta', 36, '', 4, 1, 1, 0, 0, 0, 0),
(218, 9, 1, 'Acumulo cerumen', 36, '', 4, 1, 1, 0, 0, 0, 0),
(219, 10, 1, 'Mantengo secreción nasal (moquera)', 36, '', 4, 1, 1, 0, 0, 0, 0),
(220, 17, 1, 'Siento ardor al orinar', 37, '', 4, 1, 1, 0, 0, 0, 0),
(221, 18, 1, 'Siento dolor al orinar', 37, '', 4, 1, 1, 0, 0, 0, 0),
(222, 19, 1, 'Padezco de calculos en los riñones', 37, '', 4, 1, 1, 0, 0, 0, 0),
(223, 20, 1, 'Tengo problemas en mis testículos', 37, '', 4, 1, 1, 0, 0, 0, 1),
(224, 21, 1, 'Mis ciclos menstruales son regulares', 37, '', 4, 1, 1, 0, 0, 0, 2),
(225, 22, 1, 'Tengo flujo vaginal blanquecino o amarillento', 37, '', 4, 1, 1, 0, 0, 0, 2),
(226, 23, 1, 'Tengo dolores menstruales intensos', 37, '', 4, 1, 1, 0, 0, 0, 2),
(227, 29, 1, 'Tengo dolores de espalda', 39, '', 4, 1, 1, 0, 0, 0, 0),
(228, 30, 1, 'Tengo dolores de cuello', 39, '', 4, 1, 1, 0, 0, 0, 0),
(229, 24, 1, 'Se me embota el estomago', 38, '', 4, 1, 1, 0, 0, 0, 0),
(230, 25, 1, 'Sufro de agruras reflujo', 38, '', 4, 1, 1, 0, 0, 0, 0),
(231, 26, 1, 'Sufro de diarrea', 38, '', 4, 1, 1, 0, 0, 0, 0),
(232, 27, 1, 'Sufro de estreñimiento', 38, '', 4, 1, 1, 0, 0, 0, 0),
(233, 28, 1, 'Me lavo las manos antes de comer', 38, '', 4, 1, 1, 0, 0, 0, 0),
(234, 24, 1, 'Te sientes solo?', 40, '', 9, 0, 1, 0, 0, 1, 0),
(235, 25, 1, 'Lloras sin razón aparente?', 40, '', 9, 0, 1, 0, 0, 1, 0),
(236, 26, 1, 'Has tenido alguna vez intento de suicidarte?', 40, '', 9, 0, 1, 0, 0, 1, 0),
(237, 27, 1, 'Tienes problemas de concentración?', 40, '', 9, 0, 1, 0, 0, 1, 0),
(238, 28, 1, 'Al despertarte, no puedes o te cuesta volverte a dormir?', 40, '', 9, 0, 1, 0, 0, 1, 0),
(239, 29, 1, 'Te sientes tens@ y ansios@?', 40, '', 9, 0, 1, 0, 0, 1, 0),
(240, 30, 1, 'Temes contagiarte con facilidad?', 40, '', 9, 0, 1, 0, 0, 1, 0),
(241, 31, 1, 'Generalmente, te preocupas demasiado por las cosas?', 40, '', 9, 0, 1, 0, 0, 1, 0),
(242, 32, 1, 'Tienes problemas para dormite?', 40, '', 9, 0, 1, 0, 0, 1, 0),
(243, 33, 1, 'Constantemente, te vienen a la cabeza pensamientos que te causan temor?', 40, '', 9, 0, 1, 0, 0, 1, 0),
(244, 34, 1, 'Tienes temores exagerados', 40, '', 9, 0, 1, 0, 0, 1, 0),
(245, 35, 1, 'Sufres de agotamiento nervioso?', 40, '', 9, 0, 1, 0, 0, 1, 0),
(246, 36, 1, 'Te enojas fácilmente, muy irritable?', 40, '', 9, 0, 1, 0, 0, 1, 0),
(247, 40, 1, 'Te molestas cuando las cosas no están ordenadas y exactas', 40, '', 9, 0, 1, 0, 0, 1, 0),
(248, 41, 1, 'Haces la mayoría de las cosas violentamente', 40, '', 9, 0, 1, 0, 0, 1, 0),
(249, 42, 1, 'Te consideras tímido', 40, '', 9, 0, 1, 0, 0, 1, 0),
(250, 43, 1, 'Eres demasiado susceptible', 40, '', 9, 0, 1, 0, 0, 1, 0),
(251, 44, 1, 'Te molestas ante la crítica', 40, '', 9, 0, 1, 0, 0, 1, 0),
(252, 45, 1, 'Tiemblas o te sientes acobardado siempre que alguien te grita', 40, '', 9, 0, 1, 0, 0, 1, 0),
(253, 46, 1, 'Te sientes triste, deprimido', 40, '', 9, 0, 1, 0, 0, 1, 0),
(254, 47, 1, 'Te confundes todo, si tienes que hacer las cosas rápidamente', 40, '', 9, 0, 1, 0, 0, 1, 0),
(255, 48, 1, 'Generalmente deseas tener a alguien que te aconseje', 40, '', 9, 0, 1, 0, 0, 1, 0),
(256, 49, 1, 'Te consideras muy dependiente', 40, '', 9, 0, 1, 0, 0, 1, 0),
(257, 50, 1, 'Tienes problemas económicos', 40, '', 9, 0, 1, 0, 0, 1, 0),
(258, 51, 1, 'Tienes problemas matrimoniales o con tu pareja', 40, '', 9, 0, 1, 0, 0, 1, 0),
(259, 52, 1, 'Tienes problemas familiares', 40, '', 9, 0, 1, 0, 0, 1, 0),
(260, 53, 1, 'Te preocupan las cuestiones sexuales', 40, '', 9, 0, 1, 0, 0, 1, 0),
(261, 54, 1, 'Sientes que alguien controla tu mente', 40, '', 9, 0, 1, 0, 0, 1, 0),
(262, 55, 1, 'Consideras tu rendimiento académico satisfactorio', 40, '', 9, 0, 1, 0, 0, 1, 0),
(263, 56, 1, 'Te cuesta tomar decisiones', 40, '', 9, 0, 1, 0, 0, 1, 0),
(264, 57, 1, 'Te cuesta mostrar tus emociones', 40, '', 9, 0, 1, 0, 0, 1, 0),
(265, 56, 1, 'Se te dificulta hablar en público', 40, '', 9, 0, 1, 0, 0, 1, 0),
(266, 59, 1, 'Tienes dificultad para relacionarte con otras personas', 40, '', 9, 0, 1, 0, 0, 1, 0),
(267, 23, 0, 'Otro medicamento no señalado. ¿Cual?', 29, '', 2, 0, 1, 2, 0, 1, 0),
(268, 37, 0, 'Tienes algún problema que no ha sido investigado en este cuestionario y te gustaría consultarlo', 41, '', 2, 0, 1, 3, 0, 1, 0),
(269, 37, 1, 'Sufres al no ejercer dominio constante sobre tí mismo', 40, '', 9, 0, 1, 0, 0, 1, 0),
(270, 38, 1, 'Te molestas cuando te dicen lo que tienes que hacer', 40, '', 9, 0, 1, 0, 0, 1, 0),
(271, 39, 1, 'Crees que tu mente no está bien', 40, '', 9, 0, 1, 0, 0, 1, 0),
(272, 58, 1, 'Se te dificulta hablar en público', 40, '', 9, 0, 1, 0, 0, 1, 0),
(273, 11, 1, 'El polvo me provoca alergia', 24, '', 4, 1, 1, 0, 0, 0, 0),
(274, 12, 1, 'Comer mariscos me provoca alergia', 24, '', 4, 1, 1, 0, 0, 0, 0),
(275, 13, 1, 'El clima frío me provoca alergia', 24, '', 4, 1, 1, 0, 0, 0, 0),
(276, 14, 1, 'Comer cerdo me provoca alergia', 24, '', 4, 1, 1, 0, 0, 0, 0),
(277, 15, 1, 'Soy alérgico a la penicilina ó aspirina', 24, '', 4, 1, 1, 0, 0, 0, 0),
(278, 16, 1, 'El sol me provoca alergia', 24, '', 4, 1, 1, 0, 0, 0, 0),
(279, 43, 0, 'Mi práctica sexual es con más de una pareja', 31, '', 5, 1, 1, 0, 0, 0, 0),
(280, 53, 1, 'Asma Bronquial', 26, 'Responde SI,  SOLO SI UN MEDICO TE LO HA DIAGNOSTICADO.', 7, 1, 1, 0, 0, 0, 0),
(281, 54, 1, 'Rinitis Alérgica', 26, '', 7, 1, 1, 0, 0, 0, 0),
(282, 55, 1, 'Migraña', 26, '', 7, 1, 1, 0, 0, 0, 0),
(283, 56, 1, 'Discapacidad (Sordera, ceguera, brazos, piernas, etc)', 26, '', 7, 1, 1, 0, 0, 0, 0),
(284, 57, 1, 'Convulsiones', 26, '', 7, 1, 1, 0, 0, 0, 0),
(285, 58, 1, 'Gonorrea', 26, '', 7, 1, 1, 0, 0, 0, 0),
(286, 59, 1, 'Sifilis', 26, '', 7, 1, 1, 0, 0, 0, 0),
(287, 60, 1, 'Hepatitis B', 26, '', 7, 1, 1, 0, 0, 0, 0),
(288, 61, 1, 'Virus del Papiloma Humano', 26, '', 7, 1, 1, 0, 0, 0, 0),
(289, 62, 1, 'Úlcera gástrica o duodenal (diagnosticado por especialista)', 26, '', 7, 1, 1, 0, 0, 0, 0),
(290, 63, 1, 'Reflujo Gastroesofágico (diagnosticado por especialista)', 26, '', 7, 1, 1, 0, 0, 0, 0),
(291, 64, 1, 'Sobrepeso/obesidad', 26, '', 7, 1, 1, 0, 0, 0, 0),
(292, 65, 1, 'Me operaron del apéndice', 26, '', 7, 1, 1, 0, 0, 0, 0),
(293, 66, 1, 'Me operaron de la vesícular biliar', 26, '', 7, 1, 1, 0, 1, 0, 0),
(294, 67, 1, 'Estoy operado de al menos un testículo', 26, '', 7, 1, 1, 0, 0, 0, 1),
(295, 68, 1, 'Estoy operado del prepucio (circuncisión)', 26, '', 7, 1, 1, 0, 0, 0, 1),
(296, 69, 1, 'Estoy utilizando anticonceptivos', 26, '', 7, 1, 1, 0, 0, 0, 2),
(297, 70, 1, 'Estoy embarazada', 26, '', 7, 1, 1, 0, 0, 0, 2),
(298, 71, 1, 'He estado embarazada', 26, '', 7, 1, 1, 0, 0, 0, 2),
(299, 72, 1, 'Estoy operada de los ovarios', 26, '', 7, 1, 1, 0, 0, 0, 2),
(301, 74, 1, 'Tengo masas en mis mamas', 26, '', 7, 1, 1, 0, 0, 0, 2),
(302, 73, 1, 'Tengo quistes en mis ovarios', 26, '', 7, 1, 1, 0, 0, 0, 2),
(303, 75, 1, 'Acné', 26, 'OTROS ANTECEDENTES', 7, 1, 1, 0, 0, 0, 0),
(304, 76, 1, 'Miopía', 26, '', 7, 1, 1, 0, 0, 0, 0),
(305, 77, 1, 'Astigmatismo', 26, '', 7, 1, 1, 0, 0, 0, 0),
(306, 78, 1, 'Daltonismo', 26, '', 7, 1, 1, 0, 0, 0, 0),
(307, 79, 1, 'Ceguera total o parcial', 26, '', 7, 1, 1, 0, 0, 0, 0),
(308, 80, 1, 'Sordera parcial o total', 26, '', 7, 1, 1, 0, 0, 0, 0),
(316, 6, 1, 'Conduces bicicleta en lugares transitados', 33, '', 3, 0, 1, 0, 0, 1, 0),
(317, 7, 1, 'Conduces motocicleta sin casco, chumpa de cuero, botas y/o guates de cuero.', 33, '', 3, 0, 1, 0, 0, 1, 0),
(318, 8, 1, 'Tiendes a exceder las velocidades permitidas', 33, '', 3, 0, 1, 0, 0, 1, 0),
(319, 9, 1, 'Manejas después de beber alcohol o ingerir alguna droga.', 33, '', 3, 0, 1, 0, 0, 1, 0),
(321, 10, 1, 'Caminas de noche por calles desconocidas por tí', 33, '', 3, 0, 1, 0, 0, 1, 0),
(322, 11, 1, 'Das o pides jalón en vehículos.', 33, '', 3, 0, 1, 0, 0, 1, 0),
(323, 12, 1, 'Te expone a ruidos fuertes', 33, '', 3, 0, 1, 0, 0, 1, 0),
(324, 13, 1, 'Te expones a insecticidas o químicos de peligro.', 33, '', 3, 0, 1, 0, 0, 1, 0),
(325, 14, 1, 'Sabes nadar', 33, '', 3, 0, 1, 0, 0, 1, 0),
(326, 15, 1, 'Utilizas cinturones de seguridad cuando manejas o acompañas al conductor de un automóvil', 33, '', 3, 0, 1, 0, 0, 1, 0),
(327, 1, 1, 'Al cepillarme los dientes me sangran las encías', 44, '', 4, 1, 0, 0, 0, 0, 0),
(328, 2, 1, 'Utilizo hilo dental todos los días', 44, '', 4, 1, 0, 0, 0, 0, 0),
(329, 3, 1, 'Durante el último mes he padecido dolor dental', 44, '', 4, 1, 0, 0, 0, 0, 0),
(330, 4, 1, 'Como frutas y verduras diariamente', 44, '', 4, 1, 0, 0, 0, 0, 0),
(331, 5, 1, 'Visito al odontólogo por lo menos una vez al año', 44, '', 4, 1, 0, 0, 0, 0, 0),
(332, 1, 1, 'Tengo problemas con mi rendimiento académico', 45, '', 4, 1, 0, 0, 0, 0, 0),
(333, 2, 1, 'Tengo una adecuada relación con mis padres', 45, '', 4, 1, 0, 0, 0, 0, 0),
(334, 3, 1, 'Me es fácil iniciar y/o mantener adecuadas relaciones de pareja o noviazgo', 45, '', 4, 1, 0, 0, 0, 0, 0),
(335, 4, 1, 'Se me dificulta relacionarme con otras personas', 45, '', 4, 1, 0, 0, 0, 0, 0),
(336, 5, 1, 'Tengo problemas laborales (si no trabaja, Seleccione NO)', 45, '', 4, 1, 0, 0, 0, 0, 0),
(337, 6, 1, 'Tengo una adecuada relación con mis hermanos', 45, '', 4, 1, 0, 0, 0, 0, 0),
(338, 7, 1, 'Considero que mi situación económica permite satisfacer mis principales necesidades', 45, '', 4, 1, 0, 0, 0, 0, 0),
(339, 8, 1, 'Sufro de malestares físicos (dolor de cabeza, dolor de espalda o nuca, dolores musculares, diarrea, gastritis, caspa, acné u otros). Cuando tengo presiones ó problemas de estrés', 45, '', 4, 1, 0, 0, 0, 0, 0),
(341, 9, 1, 'Me encuentro satisfecho(a) en cuanto aspectos teóricos y/o prácticos de sexualidad', 45, '', 4, 1, 0, 0, 0, 0, 0),
(342, 10, 1, 'Participo en actividades grupales (iglesia, organizaciones comunitarias, etc.) o entrenamientos que disfruto', 45, '', 4, 1, 0, 0, 0, 0, 0),
(343, 1, 1, 'Me lavo las manos con agua y jabón', 46, '', 4, 1, 0, 0, 0, 0, 0),
(344, 2, 1, 'Me lavo las manos después de ir al baño', 46, '', 4, 1, 0, 0, 0, 0, 0),
(345, 3, 1, 'Consumo alimentos que se venden en cafeterías y/o casetas de la ciudad universitaria', 46, '', 4, 1, 0, 0, 0, 0, 0),
(346, 4, 1, 'Cuando consumo alimentos fuera de casa veo la limpieza del lugar, de la persona que despacha y me fijo como los prepara', 46, '', 4, 1, 0, 0, 0, 0, 0),
(347, 45, 1, 'Como más de 4 franceses ó tortillas', 30, '', 5, 1, 1, 0, 0, 0, 0),
(348, 47, 1, 'Como pasteles y/o helados', 30, '', 5, 1, 1, 0, 0, 0, 0),
(349, 1, 1, 'Tienes masas o hinchazón del cuello?', 43, '', 7, 0, 1, 0, 0, 1, 0),
(350, 2, 1, 'Tienes dolor de muelas?', 43, '', 7, 0, 1, 0, 0, 1, 0),
(351, 3, 1, 'tienes dientes flojos?', 43, '', 7, 0, 1, 0, 0, 1, 0),
(352, 4, 1, 'Tienes encías que sangran o duelen?', 43, '', 7, 0, 1, 0, 0, 1, 0),
(353, 5, 1, 'Tienes dolor o traquido al abrir la boca?', 43, '', 7, 0, 1, 0, 0, 1, 0);

-- --------------------------------------------------------

--
-- Estructura de tabla para la tabla `pregunta_paciente`
--

CREATE TABLE IF NOT EXISTS `pregunta_paciente` (
  `idpregunta` int(10) NOT NULL,
  `idpaciente` int(20) NOT NULL,
  `respuesta` varchar(150) DEFAULT NULL,
  `cantidad` int(10) DEFAULT NULL,
  PRIMARY KEY (`idpregunta`,`idpaciente`),
  KEY `FKpregunta_p614670` (`idpregunta`),
  KEY `FKpregunta_p675932` (`idpaciente`)
) ENGINE=InnoDB DEFAULT CHARSET=utf8;

--
-- Volcado de datos para la tabla `pregunta_paciente`
--

INSERT INTO `pregunta_paciente` (`idpregunta`, `idpaciente`, `respuesta`, `cantidad`) VALUES
(128, 206, NULL, NULL),
(128, 208, NULL, NULL),
(128, 209, NULL, NULL),
(128, 210, NULL, NULL),
(128, 211, NULL, NULL),
(128, 212, NULL, NULL),
(128, 225, NULL, NULL),
(128, 226, NULL, NULL),
(128, 227, NULL, NULL),
(129, 206, NULL, NULL),
(129, 208, NULL, NULL),
(129, 209, NULL, NULL),
(129, 210, NULL, NULL),
(129, 211, NULL, NULL),
(129, 212, NULL, NULL),
(129, 225, NULL, NULL),
(129, 226, NULL, NULL),
(129, 227, NULL, NULL),
(130, 206, NULL, NULL),
(130, 208, NULL, NULL),
(130, 209, NULL, NULL),
(130, 210, NULL, NULL),
(130, 211, NULL, NULL),
(130, 212, NULL, NULL),
(130, 225, NULL, NULL),
(130, 226, NULL, NULL),
(130, 227, NULL, NULL),
(136, 206, NULL, NULL),
(136, 208, NULL, NULL),
(136, 209, NULL, NULL),
(136, 210, NULL, NULL),
(136, 211, NULL, NULL),
(136, 212, NULL, NULL),
(136, 225, NULL, NULL),
(136, 226, NULL, NULL),
(136, 227, NULL, NULL),
(137, 206, NULL, 1),
(137, 208, NULL, 0),
(137, 209, NULL, 0),
(137, 210, NULL, 0),
(137, 211, NULL, 0),
(137, 212, NULL, 0),
(137, 225, NULL, 3),
(137, 226, NULL, 0),
(137, 227, NULL, 0),
(138, 206, NULL, 0),
(138, 208, NULL, 0),
(138, 209, NULL, 0),
(138, 210, NULL, 1),
(138, 211, NULL, 0),
(138, 212, NULL, 0),
(138, 225, NULL, 0),
(138, 226, NULL, 0),
(138, 227, NULL, 0),
(139, 206, NULL, 0),
(139, 208, NULL, 0),
(139, 209, NULL, 0),
(139, 210, NULL, 0),
(139, 211, NULL, 0),
(139, 212, NULL, 0),
(139, 225, NULL, 0),
(139, 226, NULL, 0),
(139, 227, NULL, 0),
(140, 206, NULL, 0),
(140, 208, NULL, 0),
(140, 209, NULL, 0),
(140, 210, NULL, 0),
(140, 211, NULL, 0),
(140, 212, NULL, 0),
(140, 225, NULL, 0),
(140, 226, NULL, 0),
(140, 227, NULL, 0),
(151, 206, NULL, NULL),
(151, 211, NULL, NULL),
(151, 212, NULL, NULL),
(151, 226, NULL, NULL),
(151, 232, NULL, NULL),
(152, 206, NULL, NULL),
(152, 208, NULL, NULL),
(152, 211, NULL, NULL),
(152, 212, NULL, NULL),
(152, 225, NULL, NULL),
(153, 232, NULL, NULL),
(155, 206, NULL, NULL),
(155, 209, NULL, NULL),
(155, 225, NULL, NULL),
(155, 226, NULL, NULL),
(155, 230, NULL, NULL),
(162, 206, NULL, NULL),
(162, 208, NULL, NULL),
(162, 209, NULL, NULL),
(162, 210, NULL, NULL),
(162, 211, NULL, NULL),
(162, 212, NULL, NULL),
(162, 225, NULL, NULL),
(162, 226, NULL, NULL),
(162, 227, NULL, NULL),
(163, 206, NULL, NULL),
(163, 208, NULL, NULL),
(163, 209, NULL, NULL),
(163, 210, NULL, NULL),
(163, 211, NULL, NULL),
(163, 212, NULL, NULL),
(163, 225, NULL, NULL),
(163, 226, NULL, NULL),
(163, 227, NULL, NULL),
(163, 229, NULL, NULL),
(163, 230, NULL, NULL),
(163, 231, NULL, NULL),
(163, 232, NULL, NULL),
(164, 206, NULL, NULL),
(164, 208, NULL, NULL),
(164, 209, NULL, NULL),
(164, 210, NULL, NULL),
(164, 211, NULL, NULL),
(164, 212, NULL, NULL),
(164, 225, NULL, NULL),
(164, 226, NULL, NULL),
(164, 227, NULL, NULL),
(164, 229, NULL, NULL),
(164, 230, NULL, NULL),
(164, 231, NULL, NULL),
(164, 232, NULL, NULL),
(165, 206, NULL, NULL),
(165, 208, NULL, NULL),
(165, 209, NULL, NULL),
(165, 210, NULL, NULL),
(165, 211, NULL, NULL),
(165, 212, NULL, NULL),
(165, 225, NULL, NULL),
(165, 226, NULL, NULL),
(165, 227, NULL, NULL),
(165, 229, NULL, NULL),
(165, 230, NULL, NULL),
(165, 231, NULL, NULL),
(165, 232, NULL, NULL),
(167, 206, NULL, NULL),
(167, 208, NULL, NULL),
(167, 209, NULL, NULL),
(167, 210, NULL, NULL),
(167, 211, NULL, NULL),
(167, 212, NULL, NULL),
(167, 225, NULL, NULL),
(167, 226, NULL, NULL),
(167, 227, NULL, NULL),
(167, 229, NULL, NULL),
(167, 230, NULL, NULL),
(167, 231, NULL, NULL),
(167, 232, NULL, NULL),
(169, 206, NULL, NULL),
(169, 208, NULL, NULL),
(169, 209, NULL, NULL),
(169, 210, NULL, NULL),
(169, 211, NULL, NULL),
(169, 212, NULL, NULL),
(169, 225, NULL, NULL),
(169, 226, NULL, NULL),
(169, 227, NULL, NULL),
(169, 229, NULL, NULL),
(169, 230, NULL, NULL),
(169, 231, NULL, NULL),
(169, 232, NULL, NULL),
(170, 206, NULL, NULL),
(170, 208, NULL, NULL),
(170, 209, NULL, NULL),
(170, 210, NULL, NULL),
(170, 211, NULL, NULL),
(170, 212, NULL, NULL),
(170, 225, NULL, NULL),
(170, 226, NULL, NULL),
(170, 227, NULL, NULL),
(170, 229, NULL, NULL),
(170, 230, NULL, NULL),
(170, 231, NULL, NULL),
(170, 232, NULL, NULL),
(171, 206, NULL, NULL),
(171, 208, NULL, NULL),
(171, 209, NULL, NULL),
(171, 210, NULL, NULL),
(171, 211, NULL, NULL),
(171, 212, NULL, NULL),
(171, 225, NULL, NULL),
(171, 226, NULL, NULL),
(171, 227, NULL, NULL),
(171, 229, NULL, NULL),
(171, 230, NULL, NULL),
(171, 231, NULL, NULL),
(171, 232, NULL, NULL),
(175, 206, NULL, NULL),
(175, 208, NULL, NULL),
(175, 209, NULL, NULL),
(175, 210, NULL, NULL),
(175, 211, NULL, NULL),
(175, 212, NULL, NULL),
(175, 225, NULL, NULL),
(175, 226, NULL, NULL),
(175, 227, NULL, NULL),
(175, 229, NULL, NULL),
(175, 230, NULL, NULL),
(175, 231, NULL, NULL),
(175, 232, NULL, NULL),
(176, 206, NULL, NULL),
(176, 208, NULL, NULL),
(176, 209, NULL, NULL),
(176, 210, NULL, NULL),
(176, 211, NULL, NULL),
(176, 212, NULL, NULL),
(176, 225, NULL, NULL),
(176, 226, NULL, NULL),
(176, 227, NULL, NULL),
(176, 229, NULL, NULL),
(176, 230, NULL, NULL),
(176, 231, NULL, NULL),
(176, 232, NULL, NULL),
(183, 206, NULL, NULL),
(183, 208, NULL, NULL),
(183, 209, NULL, NULL),
(183, 210, NULL, NULL),
(183, 211, NULL, NULL),
(183, 212, NULL, NULL),
(183, 225, NULL, NULL),
(183, 226, NULL, NULL),
(183, 227, NULL, NULL),
(183, 229, NULL, NULL),
(183, 230, NULL, NULL),
(183, 231, NULL, NULL),
(183, 232, NULL, NULL),
(185, 208, NULL, NULL),
(185, 211, NULL, NULL),
(185, 212, NULL, NULL),
(185, 225, NULL, NULL),
(185, 226, NULL, NULL),
(185, 230, NULL, NULL),
(185, 231, NULL, NULL),
(185, 232, NULL, NULL),
(186, 208, NULL, NULL),
(186, 211, NULL, NULL),
(186, 212, NULL, NULL),
(186, 225, NULL, NULL),
(186, 230, NULL, NULL),
(186, 231, NULL, NULL),
(186, 232, NULL, NULL),
(187, 208, NULL, NULL),
(187, 211, NULL, NULL),
(187, 212, NULL, NULL),
(187, 225, NULL, NULL),
(187, 230, NULL, NULL),
(187, 231, NULL, NULL),
(187, 232, NULL, NULL),
(188, 208, NULL, NULL),
(188, 209, NULL, NULL),
(188, 210, NULL, NULL),
(188, 211, NULL, NULL),
(188, 212, NULL, NULL),
(188, 225, NULL, NULL),
(188, 226, NULL, NULL),
(188, 229, NULL, NULL),
(188, 230, NULL, NULL),
(188, 231, NULL, NULL),
(188, 232, NULL, NULL),
(189, 206, NULL, NULL),
(189, 208, NULL, NULL),
(189, 209, NULL, NULL),
(189, 210, NULL, NULL),
(189, 211, NULL, NULL),
(189, 212, NULL, NULL),
(189, 225, NULL, NULL),
(189, 226, NULL, NULL),
(189, 227, NULL, NULL),
(189, 229, NULL, NULL),
(189, 230, NULL, NULL),
(189, 231, NULL, NULL),
(189, 232, NULL, NULL),
(190, 208, NULL, NULL),
(190, 211, NULL, NULL),
(190, 212, NULL, NULL),
(190, 225, NULL, NULL),
(190, 227, NULL, NULL),
(190, 229, NULL, NULL),
(190, 230, NULL, NULL),
(190, 231, NULL, NULL),
(190, 232, NULL, NULL),
(191, 211, NULL, NULL),
(191, 212, NULL, NULL),
(191, 225, NULL, NULL),
(191, 229, NULL, NULL),
(191, 230, NULL, NULL),
(191, 231, NULL, NULL),
(191, 232, NULL, NULL),
(193, 206, NULL, NULL),
(193, 208, NULL, NULL),
(193, 209, NULL, NULL),
(193, 210, NULL, NULL),
(193, 211, NULL, NULL),
(193, 212, NULL, NULL),
(193, 225, NULL, NULL),
(193, 226, NULL, NULL),
(193, 227, NULL, NULL),
(193, 229, NULL, NULL),
(193, 230, NULL, NULL),
(193, 231, NULL, NULL),
(193, 232, NULL, NULL),
(194, 206, NULL, NULL),
(194, 208, NULL, NULL),
(194, 209, NULL, NULL),
(194, 210, NULL, NULL),
(194, 211, NULL, NULL),
(194, 212, NULL, NULL),
(194, 225, NULL, NULL),
(194, 226, NULL, NULL),
(194, 227, NULL, NULL),
(194, 229, NULL, NULL),
(194, 230, NULL, NULL),
(194, 231, NULL, NULL),
(194, 232, NULL, NULL),
(195, 206, NULL, NULL),
(195, 208, NULL, NULL),
(195, 209, NULL, NULL),
(195, 210, NULL, NULL),
(195, 211, NULL, NULL),
(195, 212, NULL, NULL),
(195, 225, NULL, NULL),
(195, 226, NULL, NULL),
(195, 227, NULL, NULL),
(195, 229, NULL, NULL),
(195, 230, NULL, NULL),
(195, 231, NULL, NULL),
(195, 232, NULL, NULL),
(196, 211, NULL, NULL),
(196, 212, NULL, NULL),
(196, 225, NULL, NULL),
(196, 229, NULL, NULL),
(196, 230, NULL, NULL),
(196, 231, NULL, NULL),
(196, 232, NULL, NULL),
(197, 206, NULL, NULL),
(197, 208, NULL, NULL),
(197, 209, NULL, NULL),
(197, 210, NULL, NULL),
(197, 211, NULL, NULL),
(197, 212, NULL, NULL),
(197, 225, NULL, NULL),
(197, 226, NULL, NULL),
(197, 227, NULL, NULL),
(198, 206, NULL, NULL),
(198, 208, NULL, NULL),
(198, 209, NULL, NULL),
(198, 210, NULL, NULL),
(198, 211, NULL, NULL),
(198, 212, NULL, NULL),
(198, 225, NULL, NULL),
(198, 226, NULL, NULL),
(198, 227, NULL, NULL),
(199, 206, NULL, NULL),
(199, 209, NULL, NULL),
(199, 210, NULL, NULL),
(199, 211, NULL, NULL),
(199, 212, NULL, NULL),
(199, 225, NULL, NULL),
(199, 227, NULL, NULL),
(200, 206, '', NULL),
(200, 208, '', NULL),
(200, 209, '', NULL),
(200, 210, 'SALIDAS CON LA FAMILIA', NULL),
(200, 211, '', NULL),
(200, 212, 'ACTIVIDADES RELIGIOSAS', NULL),
(200, 225, 'Pasear', NULL),
(200, 226, '', NULL),
(200, 227, '', NULL),
(210, 206, NULL, NULL),
(210, 208, NULL, NULL),
(210, 209, NULL, NULL),
(210, 210, NULL, NULL),
(210, 211, NULL, NULL),
(210, 212, NULL, NULL),
(210, 225, NULL, NULL),
(210, 226, NULL, NULL),
(210, 227, NULL, NULL),
(210, 229, NULL, NULL),
(210, 230, NULL, NULL),
(210, 231, NULL, NULL),
(210, 232, NULL, NULL),
(211, 206, NULL, NULL),
(211, 208, NULL, NULL),
(211, 209, NULL, NULL),
(211, 210, NULL, NULL),
(211, 211, NULL, NULL),
(211, 212, NULL, NULL),
(211, 225, NULL, NULL),
(211, 226, NULL, NULL),
(211, 227, NULL, NULL),
(211, 229, NULL, NULL),
(211, 230, NULL, NULL),
(211, 231, NULL, NULL),
(211, 232, NULL, NULL),
(212, 206, NULL, NULL),
(212, 208, NULL, NULL),
(212, 209, NULL, NULL),
(212, 210, NULL, NULL),
(212, 211, NULL, NULL),
(212, 212, NULL, NULL),
(212, 225, NULL, NULL),
(212, 226, NULL, NULL),
(212, 227, NULL, NULL),
(212, 229, NULL, NULL),
(212, 230, NULL, NULL),
(212, 231, NULL, NULL),
(212, 232, NULL, NULL),
(213, 206, NULL, NULL),
(213, 208, NULL, NULL),
(213, 209, NULL, NULL),
(213, 210, NULL, NULL),
(213, 211, NULL, NULL),
(213, 212, NULL, NULL),
(213, 225, NULL, NULL),
(213, 226, NULL, NULL),
(213, 227, NULL, NULL),
(213, 229, NULL, NULL),
(213, 230, NULL, NULL),
(213, 231, NULL, NULL),
(213, 232, NULL, NULL),
(214, 206, NULL, NULL),
(214, 208, NULL, NULL),
(214, 209, NULL, NULL),
(214, 210, NULL, NULL),
(214, 211, NULL, NULL),
(214, 212, NULL, NULL),
(214, 225, NULL, NULL),
(214, 226, NULL, NULL),
(214, 227, NULL, NULL),
(214, 229, NULL, NULL),
(214, 230, NULL, NULL),
(214, 231, NULL, NULL),
(214, 232, NULL, NULL),
(215, 206, NULL, NULL),
(215, 208, NULL, NULL),
(215, 209, NULL, NULL),
(215, 210, NULL, NULL),
(215, 211, NULL, NULL),
(215, 212, NULL, NULL),
(215, 225, NULL, NULL),
(215, 226, NULL, NULL),
(215, 227, NULL, NULL),
(215, 229, NULL, NULL),
(215, 230, NULL, NULL),
(215, 231, NULL, NULL),
(215, 232, NULL, NULL),
(216, 206, NULL, NULL),
(216, 208, NULL, NULL),
(216, 209, NULL, NULL),
(216, 210, NULL, NULL),
(216, 211, NULL, NULL),
(216, 212, NULL, NULL),
(216, 225, NULL, NULL),
(216, 226, NULL, NULL),
(216, 227, NULL, NULL),
(216, 229, NULL, NULL),
(216, 230, NULL, NULL),
(216, 231, NULL, NULL),
(216, 232, NULL, NULL),
(217, 206, NULL, NULL),
(217, 208, NULL, NULL),
(217, 209, NULL, NULL),
(217, 210, NULL, NULL),
(217, 211, NULL, NULL),
(217, 212, NULL, NULL),
(217, 225, NULL, NULL),
(217, 226, NULL, NULL),
(217, 227, NULL, NULL),
(217, 229, NULL, NULL),
(217, 230, NULL, NULL),
(217, 231, NULL, NULL),
(217, 232, NULL, NULL),
(218, 206, NULL, NULL),
(218, 208, NULL, NULL),
(218, 209, NULL, NULL),
(218, 210, NULL, NULL),
(218, 211, NULL, NULL),
(218, 212, NULL, NULL),
(218, 225, NULL, NULL),
(218, 226, NULL, NULL),
(218, 227, NULL, NULL),
(218, 229, NULL, NULL),
(218, 230, NULL, NULL),
(218, 231, NULL, NULL),
(218, 232, NULL, NULL),
(219, 206, NULL, NULL),
(219, 208, NULL, NULL),
(219, 209, NULL, NULL),
(219, 210, NULL, NULL),
(219, 211, NULL, NULL),
(219, 212, NULL, NULL),
(219, 225, NULL, NULL),
(219, 226, NULL, NULL),
(219, 227, NULL, NULL),
(219, 229, NULL, NULL),
(219, 230, NULL, NULL),
(219, 231, NULL, NULL),
(219, 232, NULL, NULL),
(220, 206, NULL, NULL),
(220, 208, NULL, NULL),
(220, 209, NULL, NULL),
(220, 210, NULL, NULL),
(220, 211, NULL, NULL),
(220, 212, NULL, NULL),
(220, 225, NULL, NULL),
(220, 226, NULL, NULL),
(220, 227, NULL, NULL),
(220, 229, NULL, NULL),
(220, 230, NULL, NULL),
(220, 231, NULL, NULL),
(220, 232, NULL, NULL),
(221, 206, NULL, NULL),
(221, 208, NULL, NULL),
(221, 209, NULL, NULL),
(221, 210, NULL, NULL),
(221, 211, NULL, NULL),
(221, 212, NULL, NULL),
(221, 225, NULL, NULL),
(221, 226, NULL, NULL),
(221, 227, NULL, NULL),
(221, 229, NULL, NULL),
(221, 230, NULL, NULL),
(221, 231, NULL, NULL),
(221, 232, NULL, NULL),
(222, 206, NULL, NULL),
(222, 208, NULL, NULL),
(222, 209, NULL, NULL),
(222, 210, NULL, NULL),
(222, 211, NULL, NULL),
(222, 212, NULL, NULL),
(222, 225, NULL, NULL),
(222, 226, NULL, NULL),
(222, 227, NULL, NULL),
(222, 229, NULL, NULL),
(222, 230, NULL, NULL),
(222, 231, NULL, NULL),
(222, 232, NULL, NULL),
(223, 206, NULL, NULL),
(223, 209, NULL, NULL),
(223, 225, NULL, NULL),
(223, 227, NULL, NULL),
(223, 229, NULL, NULL),
(223, 230, NULL, NULL),
(223, 231, NULL, NULL),
(223, 232, NULL, NULL),
(224, 208, NULL, NULL),
(224, 210, NULL, NULL),
(224, 211, NULL, NULL),
(224, 212, NULL, NULL),
(224, 226, NULL, NULL),
(225, 208, NULL, NULL),
(225, 210, NULL, NULL),
(225, 211, NULL, NULL),
(225, 212, NULL, NULL),
(225, 226, NULL, NULL),
(226, 208, NULL, NULL),
(226, 210, NULL, NULL),
(226, 211, NULL, NULL),
(226, 212, NULL, NULL),
(226, 226, NULL, NULL),
(227, 206, NULL, NULL),
(227, 208, NULL, NULL),
(227, 209, NULL, NULL),
(227, 210, NULL, NULL),
(227, 211, NULL, NULL),
(227, 212, NULL, NULL),
(227, 225, NULL, NULL),
(227, 226, NULL, NULL),
(227, 227, NULL, NULL),
(227, 229, NULL, NULL),
(227, 230, NULL, NULL),
(227, 231, NULL, NULL),
(227, 232, NULL, NULL),
(228, 206, NULL, NULL),
(228, 208, NULL, NULL),
(228, 209, NULL, NULL),
(228, 210, NULL, NULL),
(228, 211, NULL, NULL),
(228, 212, NULL, NULL),
(228, 225, NULL, NULL),
(228, 226, NULL, NULL),
(228, 227, NULL, NULL),
(228, 229, NULL, NULL),
(228, 230, NULL, NULL),
(228, 231, NULL, NULL),
(228, 232, NULL, NULL),
(229, 206, NULL, NULL),
(229, 208, NULL, NULL),
(229, 209, NULL, NULL),
(229, 210, NULL, NULL),
(229, 211, NULL, NULL),
(229, 212, NULL, NULL),
(229, 225, NULL, NULL),
(229, 226, NULL, NULL),
(229, 227, NULL, NULL),
(229, 229, NULL, NULL),
(229, 230, NULL, NULL),
(229, 231, NULL, NULL),
(229, 232, NULL, NULL),
(230, 206, NULL, NULL),
(230, 208, NULL, NULL),
(230, 209, NULL, NULL),
(230, 210, NULL, NULL),
(230, 211, NULL, NULL),
(230, 212, NULL, NULL),
(230, 225, NULL, NULL),
(230, 226, NULL, NULL),
(230, 227, NULL, NULL),
(230, 229, NULL, NULL),
(230, 230, NULL, NULL),
(230, 231, NULL, NULL),
(230, 232, NULL, NULL),
(231, 206, NULL, NULL),
(231, 208, NULL, NULL),
(231, 209, NULL, NULL),
(231, 210, NULL, NULL),
(231, 211, NULL, NULL),
(231, 212, NULL, NULL),
(231, 225, NULL, NULL),
(231, 226, NULL, NULL),
(231, 227, NULL, NULL),
(231, 229, NULL, NULL),
(231, 230, NULL, NULL),
(231, 231, NULL, NULL),
(231, 232, NULL, NULL),
(232, 206, NULL, NULL),
(232, 208, NULL, NULL),
(232, 209, NULL, NULL),
(232, 210, NULL, NULL),
(232, 211, NULL, NULL),
(232, 212, NULL, NULL),
(232, 225, NULL, NULL),
(232, 226, NULL, NULL),
(232, 227, NULL, NULL),
(232, 229, NULL, NULL),
(232, 230, NULL, NULL),
(232, 231, NULL, NULL),
(232, 232, NULL, NULL),
(233, 206, NULL, NULL),
(233, 208, NULL, NULL),
(233, 209, NULL, NULL),
(233, 210, NULL, NULL),
(233, 211, NULL, NULL),
(233, 212, NULL, NULL),
(233, 225, NULL, NULL),
(233, 226, NULL, NULL),
(233, 227, NULL, NULL),
(233, 229, NULL, NULL),
(233, 230, NULL, NULL),
(233, 231, NULL, NULL),
(233, 232, NULL, NULL),
(234, 206, NULL, NULL),
(234, 208, NULL, NULL),
(234, 209, NULL, NULL),
(234, 210, NULL, NULL),
(234, 211, NULL, NULL),
(234, 212, NULL, NULL),
(234, 225, NULL, NULL),
(234, 226, NULL, NULL),
(234, 227, NULL, NULL),
(235, 206, NULL, NULL),
(235, 208, NULL, NULL),
(235, 209, NULL, NULL),
(235, 210, NULL, NULL),
(235, 211, NULL, NULL),
(235, 212, NULL, NULL),
(235, 225, NULL, NULL),
(235, 226, NULL, NULL),
(235, 227, NULL, NULL),
(236, 206, NULL, NULL),
(236, 208, NULL, NULL),
(236, 209, NULL, NULL),
(236, 210, NULL, NULL),
(236, 211, NULL, NULL),
(236, 212, NULL, NULL),
(236, 225, NULL, NULL),
(236, 226, NULL, NULL),
(236, 227, NULL, NULL),
(237, 206, NULL, NULL),
(237, 208, NULL, NULL),
(237, 209, NULL, NULL),
(237, 210, NULL, NULL),
(237, 211, NULL, NULL),
(237, 212, NULL, NULL),
(237, 225, NULL, NULL),
(237, 226, NULL, NULL),
(237, 227, NULL, NULL),
(238, 206, NULL, NULL),
(238, 208, NULL, NULL),
(238, 209, NULL, NULL),
(238, 210, NULL, NULL),
(238, 211, NULL, NULL),
(238, 212, NULL, NULL),
(238, 225, NULL, NULL),
(238, 226, NULL, NULL),
(238, 227, NULL, NULL),
(239, 206, NULL, NULL),
(239, 208, NULL, NULL),
(239, 209, NULL, NULL),
(239, 210, NULL, NULL),
(239, 211, NULL, NULL),
(239, 212, NULL, NULL),
(239, 225, NULL, NULL),
(239, 226, NULL, NULL),
(239, 227, NULL, NULL),
(240, 206, NULL, NULL),
(240, 208, NULL, NULL),
(240, 209, NULL, NULL),
(240, 210, NULL, NULL),
(240, 211, NULL, NULL),
(240, 212, NULL, NULL),
(240, 225, NULL, NULL),
(240, 226, NULL, NULL),
(240, 227, NULL, NULL),
(241, 206, NULL, NULL),
(241, 208, NULL, NULL),
(241, 209, NULL, NULL),
(241, 210, NULL, NULL),
(241, 211, NULL, NULL),
(241, 212, NULL, NULL),
(241, 225, NULL, NULL),
(241, 226, NULL, NULL),
(241, 227, NULL, NULL),
(242, 206, NULL, NULL),
(242, 208, NULL, NULL),
(242, 209, NULL, NULL),
(242, 210, NULL, NULL),
(242, 211, NULL, NULL),
(242, 212, NULL, NULL),
(242, 225, NULL, NULL),
(242, 226, NULL, NULL),
(242, 227, NULL, NULL),
(243, 206, NULL, NULL),
(243, 208, NULL, NULL),
(243, 209, NULL, NULL),
(243, 210, NULL, NULL),
(243, 211, NULL, NULL),
(243, 212, NULL, NULL),
(243, 225, NULL, NULL),
(243, 226, NULL, NULL),
(243, 227, NULL, NULL),
(244, 206, NULL, NULL),
(244, 208, NULL, NULL),
(244, 209, NULL, NULL),
(244, 210, NULL, NULL),
(244, 211, NULL, NULL),
(244, 212, NULL, NULL),
(244, 225, NULL, NULL),
(244, 226, NULL, NULL),
(244, 227, NULL, NULL),
(245, 206, NULL, NULL),
(245, 208, NULL, NULL),
(245, 209, NULL, NULL),
(245, 210, NULL, NULL),
(245, 211, NULL, NULL),
(245, 212, NULL, NULL),
(245, 225, NULL, NULL),
(245, 226, NULL, NULL),
(245, 227, NULL, NULL),
(246, 206, NULL, NULL),
(246, 208, NULL, NULL),
(246, 209, NULL, NULL),
(246, 210, NULL, NULL),
(246, 211, NULL, NULL),
(246, 212, NULL, NULL),
(246, 225, NULL, NULL),
(246, 226, NULL, NULL),
(246, 227, NULL, NULL),
(247, 206, NULL, NULL),
(247, 208, NULL, NULL),
(247, 209, NULL, NULL),
(247, 210, NULL, NULL),
(247, 211, NULL, NULL),
(247, 212, NULL, NULL),
(247, 225, NULL, NULL),
(247, 226, NULL, NULL),
(247, 227, NULL, NULL),
(248, 206, NULL, NULL),
(248, 208, NULL, NULL),
(248, 209, NULL, NULL),
(248, 210, NULL, NULL),
(248, 211, NULL, NULL),
(248, 212, NULL, NULL),
(248, 225, NULL, NULL),
(248, 226, NULL, NULL),
(248, 227, NULL, NULL),
(249, 206, NULL, NULL),
(249, 208, NULL, NULL),
(249, 209, NULL, NULL),
(249, 210, NULL, NULL),
(249, 211, NULL, NULL),
(249, 212, NULL, NULL),
(249, 225, NULL, NULL),
(249, 226, NULL, NULL),
(249, 227, NULL, NULL),
(250, 206, NULL, NULL),
(250, 208, NULL, NULL),
(250, 209, NULL, NULL),
(250, 210, NULL, NULL),
(250, 211, NULL, NULL),
(250, 212, NULL, NULL),
(250, 225, NULL, NULL),
(250, 226, NULL, NULL),
(250, 227, NULL, NULL),
(251, 206, NULL, NULL),
(251, 208, NULL, NULL),
(251, 209, NULL, NULL),
(251, 210, NULL, NULL),
(251, 211, NULL, NULL),
(251, 212, NULL, NULL),
(251, 225, NULL, NULL),
(251, 226, NULL, NULL),
(251, 227, NULL, NULL),
(252, 206, NULL, NULL),
(252, 208, NULL, NULL),
(252, 209, NULL, NULL),
(252, 210, NULL, NULL),
(252, 211, NULL, NULL),
(252, 212, NULL, NULL),
(252, 225, NULL, NULL),
(252, 226, NULL, NULL),
(252, 227, NULL, NULL),
(253, 206, NULL, NULL),
(253, 208, NULL, NULL),
(253, 209, NULL, NULL),
(253, 210, NULL, NULL),
(253, 211, NULL, NULL),
(253, 212, NULL, NULL),
(253, 225, NULL, NULL),
(253, 226, NULL, NULL),
(253, 227, NULL, NULL),
(254, 206, NULL, NULL),
(254, 208, NULL, NULL),
(254, 209, NULL, NULL),
(254, 210, NULL, NULL),
(254, 211, NULL, NULL),
(254, 212, NULL, NULL),
(254, 225, NULL, NULL),
(254, 226, NULL, NULL),
(254, 227, NULL, NULL),
(255, 206, NULL, NULL),
(255, 208, NULL, NULL),
(255, 209, NULL, NULL),
(255, 210, NULL, NULL),
(255, 211, NULL, NULL),
(255, 212, NULL, NULL),
(255, 225, NULL, NULL),
(255, 226, NULL, NULL),
(255, 227, NULL, NULL),
(256, 206, NULL, NULL),
(256, 208, NULL, NULL),
(256, 209, NULL, NULL),
(256, 210, NULL, NULL),
(256, 211, NULL, NULL),
(256, 212, NULL, NULL),
(256, 225, NULL, NULL),
(256, 226, NULL, NULL),
(256, 227, NULL, NULL),
(257, 206, NULL, NULL),
(257, 208, NULL, NULL),
(257, 209, NULL, NULL),
(257, 210, NULL, NULL),
(257, 211, NULL, NULL),
(257, 212, NULL, NULL),
(257, 225, NULL, NULL),
(257, 226, NULL, NULL),
(257, 227, NULL, NULL),
(258, 206, NULL, NULL),
(258, 208, NULL, NULL),
(258, 209, NULL, NULL),
(258, 210, NULL, NULL),
(258, 211, NULL, NULL),
(258, 212, NULL, NULL),
(258, 225, NULL, NULL),
(258, 226, NULL, NULL),
(258, 227, NULL, NULL),
(259, 206, NULL, NULL),
(259, 208, NULL, NULL),
(259, 209, NULL, NULL),
(259, 210, NULL, NULL),
(259, 211, NULL, NULL),
(259, 212, NULL, NULL),
(259, 225, NULL, NULL),
(259, 226, NULL, NULL),
(259, 227, NULL, NULL),
(260, 206, NULL, NULL),
(260, 208, NULL, NULL),
(260, 209, NULL, NULL),
(260, 210, NULL, NULL),
(260, 211, NULL, NULL),
(260, 212, NULL, NULL),
(260, 225, NULL, NULL),
(260, 226, NULL, NULL),
(260, 227, NULL, NULL),
(261, 206, NULL, NULL),
(261, 208, NULL, NULL),
(261, 209, NULL, NULL),
(261, 210, NULL, NULL),
(261, 211, NULL, NULL),
(261, 212, NULL, NULL),
(261, 225, NULL, NULL),
(261, 226, NULL, NULL),
(261, 227, NULL, NULL),
(262, 206, NULL, NULL),
(262, 208, NULL, NULL),
(262, 209, NULL, NULL),
(262, 210, NULL, NULL),
(262, 211, NULL, NULL),
(262, 212, NULL, NULL),
(262, 225, NULL, NULL),
(262, 226, NULL, NULL),
(262, 227, NULL, NULL),
(263, 206, NULL, NULL),
(263, 208, NULL, NULL),
(263, 209, NULL, NULL),
(263, 210, NULL, NULL),
(263, 211, NULL, NULL),
(263, 212, NULL, NULL),
(263, 225, NULL, NULL),
(263, 226, NULL, NULL),
(263, 227, NULL, NULL),
(264, 206, NULL, NULL),
(264, 208, NULL, NULL),
(264, 209, NULL, NULL),
(264, 210, NULL, NULL),
(264, 211, NULL, NULL),
(264, 212, NULL, NULL),
(264, 225, NULL, NULL),
(264, 226, NULL, NULL),
(264, 227, NULL, NULL),
(265, 206, NULL, NULL),
(265, 208, NULL, NULL),
(265, 209, NULL, NULL),
(265, 210, NULL, NULL),
(265, 211, NULL, NULL),
(265, 212, NULL, NULL),
(265, 225, NULL, NULL),
(265, 226, NULL, NULL),
(265, 227, NULL, NULL),
(266, 206, NULL, NULL),
(266, 208, NULL, NULL),
(266, 209, NULL, NULL),
(266, 210, NULL, NULL),
(266, 211, NULL, NULL),
(266, 212, NULL, NULL),
(266, 225, NULL, NULL),
(266, 226, NULL, NULL),
(266, 227, NULL, NULL),
(267, 206, 'vitaminas', NULL),
(267, 208, '', NULL),
(267, 209, '', NULL),
(267, 210, '', NULL),
(267, 211, '', NULL),
(267, 212, '', NULL),
(267, 225, '', NULL),
(267, 226, '', NULL),
(267, 227, '', NULL),
(268, 206, '', NULL),
(268, 208, '', NULL),
(268, 209, '', NULL),
(268, 210, 'NO', NULL),
(268, 211, '', NULL),
(268, 212, 'NO', NULL),
(268, 225, '', NULL),
(268, 226, '', NULL),
(268, 227, '', NULL),
(269, 206, NULL, NULL),
(269, 208, NULL, NULL),
(269, 209, NULL, NULL),
(269, 210, NULL, NULL),
(269, 211, NULL, NULL),
(269, 212, NULL, NULL),
(269, 225, NULL, NULL),
(269, 226, NULL, NULL),
(269, 227, NULL, NULL),
(270, 206, NULL, NULL),
(270, 208, NULL, NULL),
(270, 209, NULL, NULL),
(270, 210, NULL, NULL),
(270, 211, NULL, NULL),
(270, 212, NULL, NULL),
(270, 225, NULL, NULL),
(270, 226, NULL, NULL),
(270, 227, NULL, NULL),
(271, 206, NULL, NULL),
(271, 208, NULL, NULL),
(271, 209, NULL, NULL),
(271, 210, NULL, NULL),
(271, 211, NULL, NULL),
(271, 212, NULL, NULL),
(271, 225, NULL, NULL),
(271, 226, NULL, NULL),
(271, 227, NULL, NULL),
(272, 206, NULL, NULL),
(272, 208, NULL, NULL),
(272, 209, NULL, NULL),
(272, 210, NULL, NULL),
(272, 211, NULL, NULL),
(272, 212, NULL, NULL),
(272, 225, NULL, NULL),
(272, 226, NULL, NULL),
(272, 227, NULL, NULL),
(273, 206, NULL, NULL),
(273, 208, NULL, NULL),
(273, 209, NULL, NULL),
(273, 210, NULL, NULL),
(273, 211, NULL, NULL),
(273, 212, NULL, NULL),
(273, 225, NULL, NULL),
(273, 226, NULL, NULL),
(273, 227, NULL, NULL),
(273, 229, NULL, NULL),
(273, 230, NULL, NULL),
(273, 231, NULL, NULL),
(273, 232, NULL, NULL),
(274, 206, NULL, NULL),
(274, 208, NULL, NULL),
(274, 209, NULL, NULL),
(274, 210, NULL, NULL),
(274, 211, NULL, NULL),
(274, 212, NULL, NULL),
(274, 225, NULL, NULL),
(274, 226, NULL, NULL),
(274, 227, NULL, NULL),
(274, 229, NULL, NULL),
(274, 230, NULL, NULL),
(274, 231, NULL, NULL),
(274, 232, NULL, NULL),
(275, 206, NULL, NULL),
(275, 208, NULL, NULL),
(275, 209, NULL, NULL),
(275, 210, NULL, NULL),
(275, 211, NULL, NULL),
(275, 212, NULL, NULL),
(275, 225, NULL, NULL),
(275, 226, NULL, NULL),
(275, 227, NULL, NULL),
(275, 229, NULL, NULL),
(275, 230, NULL, NULL),
(275, 231, NULL, NULL),
(275, 232, NULL, NULL),
(276, 206, NULL, NULL),
(276, 208, NULL, NULL),
(276, 209, NULL, NULL),
(276, 210, NULL, NULL),
(276, 211, NULL, NULL),
(276, 212, NULL, NULL),
(276, 225, NULL, NULL),
(276, 226, NULL, NULL),
(276, 227, NULL, NULL),
(276, 229, NULL, NULL),
(276, 230, NULL, NULL),
(276, 231, NULL, NULL),
(276, 232, NULL, NULL),
(277, 206, NULL, NULL),
(277, 208, NULL, NULL),
(277, 209, NULL, NULL),
(277, 210, NULL, NULL),
(277, 211, NULL, NULL),
(277, 212, NULL, NULL),
(277, 225, NULL, NULL),
(277, 226, NULL, NULL),
(277, 227, NULL, NULL),
(277, 229, NULL, NULL),
(277, 230, NULL, NULL),
(277, 231, NULL, NULL),
(277, 232, NULL, NULL),
(278, 206, NULL, NULL),
(278, 208, NULL, NULL),
(278, 209, NULL, NULL),
(278, 210, NULL, NULL),
(278, 211, NULL, NULL),
(278, 212, NULL, NULL),
(278, 225, NULL, NULL),
(278, 226, NULL, NULL),
(278, 227, NULL, NULL),
(278, 229, NULL, NULL),
(278, 230, NULL, NULL),
(278, 231, NULL, NULL),
(278, 232, NULL, NULL),
(279, 211, NULL, NULL),
(279, 212, NULL, NULL),
(279, 225, NULL, NULL),
(279, 229, NULL, NULL),
(279, 230, NULL, NULL),
(279, 231, NULL, NULL),
(279, 232, NULL, NULL),
(280, 206, NULL, NULL),
(280, 208, NULL, NULL),
(280, 209, NULL, NULL),
(280, 210, NULL, NULL),
(280, 211, NULL, NULL),
(280, 212, NULL, NULL),
(280, 225, NULL, NULL),
(280, 226, NULL, NULL),
(280, 227, NULL, NULL),
(280, 229, NULL, NULL),
(280, 230, NULL, NULL),
(280, 231, NULL, NULL),
(280, 232, NULL, NULL),
(281, 206, NULL, NULL),
(281, 208, NULL, NULL),
(281, 209, NULL, NULL),
(281, 210, NULL, NULL),
(281, 211, NULL, NULL),
(281, 212, NULL, NULL),
(281, 225, NULL, NULL),
(281, 226, NULL, NULL),
(281, 227, NULL, NULL),
(281, 229, NULL, NULL),
(281, 230, NULL, NULL),
(281, 231, NULL, NULL),
(281, 232, NULL, NULL),
(282, 206, NULL, NULL),
(282, 208, NULL, NULL),
(282, 209, NULL, NULL),
(282, 210, NULL, NULL),
(282, 211, NULL, NULL),
(282, 212, NULL, NULL),
(282, 225, NULL, NULL),
(282, 226, NULL, NULL),
(282, 227, NULL, NULL),
(282, 229, NULL, NULL),
(282, 230, NULL, NULL),
(282, 231, NULL, NULL),
(282, 232, NULL, NULL),
(283, 206, NULL, NULL),
(283, 208, NULL, NULL),
(283, 209, NULL, NULL),
(283, 210, NULL, NULL),
(283, 211, NULL, NULL),
(283, 212, NULL, NULL),
(283, 225, NULL, NULL),
(283, 226, NULL, NULL),
(283, 227, NULL, NULL),
(283, 229, NULL, NULL),
(283, 230, NULL, NULL),
(283, 231, NULL, NULL),
(283, 232, NULL, NULL),
(284, 206, NULL, NULL),
(284, 208, NULL, NULL),
(284, 209, NULL, NULL),
(284, 210, NULL, NULL),
(284, 211, NULL, NULL),
(284, 212, NULL, NULL),
(284, 225, NULL, NULL),
(284, 226, NULL, NULL),
(284, 227, NULL, NULL),
(284, 229, NULL, NULL),
(284, 230, NULL, NULL),
(284, 231, NULL, NULL),
(284, 232, NULL, NULL),
(285, 206, NULL, NULL),
(285, 208, NULL, NULL),
(285, 209, NULL, NULL),
(285, 210, NULL, NULL),
(285, 211, NULL, NULL),
(285, 212, NULL, NULL),
(285, 225, NULL, NULL),
(285, 226, NULL, NULL),
(285, 227, NULL, NULL),
(285, 229, NULL, NULL),
(285, 230, NULL, NULL),
(285, 231, NULL, NULL),
(285, 232, NULL, NULL),
(286, 206, NULL, NULL),
(286, 208, NULL, NULL),
(286, 209, NULL, NULL),
(286, 210, NULL, NULL),
(286, 211, NULL, NULL),
(286, 212, NULL, NULL),
(286, 225, NULL, NULL),
(286, 226, NULL, NULL),
(286, 227, NULL, NULL),
(286, 229, NULL, NULL),
(286, 230, NULL, NULL),
(286, 231, NULL, NULL),
(286, 232, NULL, NULL),
(287, 206, NULL, NULL),
(287, 208, NULL, NULL),
(287, 209, NULL, NULL),
(287, 210, NULL, NULL),
(287, 211, NULL, NULL),
(287, 212, NULL, NULL),
(287, 225, NULL, NULL),
(287, 226, NULL, NULL),
(287, 227, NULL, NULL),
(287, 229, NULL, NULL),
(287, 230, NULL, NULL),
(287, 231, NULL, NULL),
(287, 232, NULL, NULL),
(288, 206, NULL, NULL),
(288, 208, NULL, NULL),
(288, 209, NULL, NULL),
(288, 210, NULL, NULL),
(288, 211, NULL, NULL),
(288, 212, NULL, NULL),
(288, 225, NULL, NULL),
(288, 226, NULL, NULL),
(288, 227, NULL, NULL),
(288, 229, NULL, NULL),
(288, 230, NULL, NULL),
(288, 231, NULL, NULL),
(288, 232, NULL, NULL),
(289, 206, NULL, NULL),
(289, 208, NULL, NULL),
(289, 209, NULL, NULL),
(289, 210, NULL, NULL),
(289, 211, NULL, NULL),
(289, 212, NULL, NULL),
(289, 225, NULL, NULL),
(289, 226, NULL, NULL),
(289, 227, NULL, NULL),
(289, 229, NULL, NULL),
(289, 230, NULL, NULL),
(289, 231, NULL, NULL),
(289, 232, NULL, NULL),
(290, 206, NULL, NULL),
(290, 208, NULL, NULL),
(290, 209, NULL, NULL),
(290, 210, NULL, NULL),
(290, 211, NULL, NULL),
(290, 212, NULL, NULL),
(290, 225, NULL, NULL),
(290, 226, NULL, NULL),
(290, 227, NULL, NULL),
(290, 229, NULL, NULL),
(290, 230, NULL, NULL),
(290, 231, NULL, NULL),
(290, 232, NULL, NULL),
(291, 206, NULL, NULL),
(291, 208, NULL, NULL),
(291, 209, NULL, NULL),
(291, 210, NULL, NULL),
(291, 211, NULL, NULL),
(291, 212, NULL, NULL),
(291, 225, NULL, NULL),
(291, 226, NULL, NULL),
(291, 227, NULL, NULL),
(291, 229, NULL, NULL),
(291, 230, NULL, NULL),
(291, 231, NULL, NULL),
(291, 232, NULL, NULL),
(292, 206, NULL, NULL),
(292, 208, NULL, NULL),
(292, 209, NULL, NULL),
(292, 210, NULL, NULL),
(292, 211, NULL, NULL),
(292, 212, NULL, NULL),
(292, 225, NULL, NULL),
(292, 226, NULL, NULL),
(292, 227, NULL, NULL),
(292, 229, NULL, NULL),
(292, 230, NULL, NULL),
(292, 231, NULL, NULL),
(292, 232, NULL, NULL),
(293, 206, NULL, NULL),
(293, 208, NULL, NULL),
(293, 209, NULL, NULL),
(293, 210, NULL, NULL),
(293, 211, NULL, NULL),
(293, 212, NULL, NULL),
(293, 225, NULL, NULL),
(293, 226, NULL, NULL),
(293, 227, NULL, NULL),
(293, 229, NULL, NULL),
(293, 230, NULL, NULL),
(293, 231, NULL, NULL),
(293, 232, NULL, NULL),
(294, 206, NULL, NULL),
(294, 209, NULL, NULL),
(294, 225, NULL, NULL),
(294, 227, NULL, NULL),
(294, 229, NULL, NULL),
(294, 230, NULL, NULL),
(294, 231, NULL, NULL),
(294, 232, NULL, NULL),
(295, 206, NULL, NULL),
(295, 209, NULL, NULL),
(295, 225, NULL, NULL),
(295, 227, NULL, NULL),
(295, 229, NULL, NULL),
(295, 230, NULL, NULL),
(295, 231, NULL, NULL),
(295, 232, NULL, NULL),
(296, 208, NULL, NULL),
(296, 210, NULL, NULL),
(296, 211, NULL, NULL),
(296, 212, NULL, NULL),
(296, 226, NULL, NULL),
(297, 208, NULL, NULL),
(297, 210, NULL, NULL),
(297, 211, NULL, NULL),
(297, 212, NULL, NULL),
(297, 226, NULL, NULL),
(298, 208, NULL, NULL),
(298, 210, NULL, NULL),
(298, 211, NULL, NULL),
(298, 212, NULL, NULL),
(298, 226, NULL, NULL),
(299, 208, NULL, NULL),
(299, 210, NULL, NULL),
(299, 211, NULL, NULL),
(299, 212, NULL, NULL),
(299, 226, NULL, NULL),
(301, 208, NULL, NULL),
(301, 210, NULL, NULL),
(301, 211, NULL, NULL),
(301, 212, NULL, NULL),
(301, 226, NULL, NULL),
(302, 208, NULL, NULL),
(302, 210, NULL, NULL),
(302, 211, NULL, NULL),
(302, 212, NULL, NULL),
(302, 226, NULL, NULL),
(303, 206, NULL, NULL),
(303, 208, NULL, NULL),
(303, 209, NULL, NULL),
(303, 210, NULL, NULL),
(303, 211, NULL, NULL),
(303, 212, NULL, NULL),
(303, 225, NULL, NULL),
(303, 226, NULL, NULL),
(303, 227, NULL, NULL),
(303, 229, NULL, NULL),
(303, 230, NULL, NULL),
(303, 231, NULL, NULL),
(303, 232, NULL, NULL),
(304, 206, NULL, NULL),
(304, 208, NULL, NULL),
(304, 209, NULL, NULL),
(304, 210, NULL, NULL),
(304, 211, NULL, NULL),
(304, 212, NULL, NULL),
(304, 225, NULL, NULL),
(304, 226, NULL, NULL),
(304, 227, NULL, NULL),
(304, 229, NULL, NULL),
(304, 230, NULL, NULL),
(304, 231, NULL, NULL),
(304, 232, NULL, NULL),
(305, 206, NULL, NULL),
(305, 208, NULL, NULL),
(305, 209, NULL, NULL),
(305, 210, NULL, NULL),
(305, 211, NULL, NULL),
(305, 212, NULL, NULL),
(305, 225, NULL, NULL),
(305, 226, NULL, NULL),
(305, 227, NULL, NULL),
(305, 229, NULL, NULL),
(305, 230, NULL, NULL),
(305, 231, NULL, NULL),
(305, 232, NULL, NULL),
(306, 206, NULL, NULL),
(306, 208, NULL, NULL),
(306, 209, NULL, NULL),
(306, 210, NULL, NULL),
(306, 211, NULL, NULL),
(306, 212, NULL, NULL),
(306, 225, NULL, NULL),
(306, 226, NULL, NULL),
(306, 227, NULL, NULL),
(306, 229, NULL, NULL),
(306, 230, NULL, NULL),
(306, 231, NULL, NULL),
(306, 232, NULL, NULL),
(307, 206, NULL, NULL),
(307, 208, NULL, NULL),
(307, 209, NULL, NULL),
(307, 210, NULL, NULL),
(307, 211, NULL, NULL),
(307, 212, NULL, NULL),
(307, 225, NULL, NULL),
(307, 226, NULL, NULL),
(307, 227, NULL, NULL),
(307, 229, NULL, NULL),
(307, 230, NULL, NULL),
(307, 231, NULL, NULL),
(307, 232, NULL, NULL),
(308, 206, NULL, NULL),
(308, 208, NULL, NULL),
(308, 209, NULL, NULL),
(308, 210, NULL, NULL),
(308, 211, NULL, NULL),
(308, 212, NULL, NULL),
(308, 225, NULL, NULL),
(308, 226, NULL, NULL),
(308, 227, NULL, NULL),
(308, 229, NULL, NULL),
(308, 230, NULL, NULL),
(308, 231, NULL, NULL),
(308, 232, NULL, NULL),
(316, 206, NULL, NULL),
(316, 208, NULL, NULL),
(316, 209, NULL, NULL),
(316, 210, NULL, NULL),
(316, 211, NULL, NULL),
(316, 212, NULL, NULL),
(316, 225, NULL, NULL),
(316, 226, NULL, NULL),
(316, 227, NULL, NULL),
(317, 206, NULL, NULL),
(317, 208, NULL, NULL),
(317, 209, NULL, NULL),
(317, 210, NULL, NULL),
(317, 211, NULL, NULL),
(317, 212, NULL, NULL),
(317, 225, NULL, NULL),
(317, 226, NULL, NULL),
(317, 227, NULL, NULL),
(318, 206, NULL, NULL),
(318, 208, NULL, NULL),
(318, 209, NULL, NULL),
(318, 210, NULL, NULL),
(318, 211, NULL, NULL),
(318, 212, NULL, NULL),
(318, 225, NULL, NULL),
(318, 226, NULL, NULL),
(318, 227, NULL, NULL),
(319, 206, NULL, NULL),
(319, 208, NULL, NULL),
(319, 209, NULL, NULL),
(319, 210, NULL, NULL),
(319, 211, NULL, NULL),
(319, 212, NULL, NULL),
(319, 225, NULL, NULL),
(319, 226, NULL, NULL),
(319, 227, NULL, NULL),
(321, 206, NULL, NULL),
(321, 208, NULL, NULL),
(321, 209, NULL, NULL),
(321, 210, NULL, NULL),
(321, 211, NULL, NULL),
(321, 212, NULL, NULL),
(321, 225, NULL, NULL),
(321, 226, NULL, NULL),
(321, 227, NULL, NULL),
(322, 206, NULL, NULL),
(322, 208, NULL, NULL),
(322, 209, NULL, NULL),
(322, 210, NULL, NULL),
(322, 211, NULL, NULL),
(322, 212, NULL, NULL),
(322, 225, NULL, NULL),
(322, 226, NULL, NULL),
(322, 227, NULL, NULL),
(323, 206, NULL, NULL),
(323, 208, NULL, NULL),
(323, 209, NULL, NULL),
(323, 210, NULL, NULL),
(323, 211, NULL, NULL),
(323, 212, NULL, NULL),
(323, 225, NULL, NULL),
(323, 226, NULL, NULL),
(323, 227, NULL, NULL),
(324, 206, NULL, NULL),
(324, 208, NULL, NULL),
(324, 209, NULL, NULL),
(324, 210, NULL, NULL),
(324, 211, NULL, NULL),
(324, 212, NULL, NULL),
(324, 225, NULL, NULL),
(324, 226, NULL, NULL),
(324, 227, NULL, NULL),
(325, 206, NULL, NULL),
(325, 208, NULL, NULL),
(325, 209, NULL, NULL),
(325, 210, NULL, NULL),
(325, 211, NULL, NULL),
(325, 212, NULL, NULL),
(325, 225, NULL, NULL),
(325, 226, NULL, NULL),
(325, 227, NULL, NULL),
(326, 206, NULL, NULL),
(326, 208, NULL, NULL),
(326, 209, NULL, NULL),
(326, 210, NULL, NULL),
(326, 211, NULL, NULL),
(326, 212, NULL, NULL),
(326, 225, NULL, NULL),
(326, 226, NULL, NULL),
(326, 227, NULL, NULL),
(327, 229, NULL, NULL),
(327, 230, NULL, NULL),
(327, 231, NULL, NULL),
(327, 232, NULL, NULL),
(328, 229, NULL, NULL),
(328, 230, NULL, NULL),
(328, 231, NULL, NULL),
(328, 232, NULL, NULL),
(329, 229, NULL, NULL),
(329, 230, NULL, NULL),
(329, 231, NULL, NULL),
(329, 232, NULL, NULL),
(330, 229, NULL, NULL),
(330, 230, NULL, NULL),
(330, 231, NULL, NULL),
(330, 232, NULL, NULL),
(331, 229, NULL, NULL),
(331, 230, NULL, NULL),
(331, 231, NULL, NULL),
(331, 232, NULL, NULL),
(332, 229, NULL, NULL),
(332, 230, NULL, NULL),
(332, 231, NULL, NULL),
(332, 232, NULL, NULL),
(333, 229, NULL, NULL),
(333, 230, NULL, NULL),
(333, 231, NULL, NULL),
(333, 232, NULL, NULL),
(334, 229, NULL, NULL),
(334, 230, NULL, NULL),
(334, 231, NULL, NULL),
(334, 232, NULL, NULL),
(335, 229, NULL, NULL),
(335, 230, NULL, NULL),
(335, 231, NULL, NULL),
(335, 232, NULL, NULL),
(336, 229, NULL, NULL),
(336, 230, NULL, NULL),
(336, 231, NULL, NULL),
(336, 232, NULL, NULL),
(337, 229, NULL, NULL),
(337, 230, NULL, NULL),
(337, 231, NULL, NULL),
(337, 232, NULL, NULL),
(338, 229, NULL, NULL),
(338, 230, NULL, NULL),
(338, 231, NULL, NULL),
(338, 232, NULL, NULL),
(339, 229, NULL, NULL),
(339, 230, NULL, NULL),
(339, 231, NULL, NULL),
(339, 232, NULL, NULL),
(341, 229, NULL, NULL),
(341, 230, NULL, NULL),
(341, 231, NULL, NULL),
(341, 232, NULL, NULL),
(342, 229, NULL, NULL),
(342, 230, NULL, NULL),
(342, 231, NULL, NULL),
(342, 232, NULL, NULL),
(343, 229, NULL, NULL),
(343, 230, NULL, NULL),
(343, 231, NULL, NULL),
(343, 232, NULL, NULL),
(344, 229, NULL, NULL),
(344, 230, NULL, NULL),
(344, 231, NULL, NULL),
(344, 232, NULL, NULL),
(345, 229, NULL, NULL),
(345, 230, NULL, NULL),
(345, 231, NULL, NULL),
(345, 232, NULL, NULL),
(346, 229, NULL, NULL),
(346, 230, NULL, NULL),
(346, 231, NULL, NULL),
(346, 232, NULL, NULL),
(347, 206, NULL, NULL),
(347, 208, NULL, NULL),
(347, 209, NULL, NULL),
(347, 210, NULL, NULL),
(347, 211, NULL, NULL),
(347, 212, NULL, NULL),
(347, 225, NULL, NULL),
(347, 226, NULL, NULL),
(347, 227, NULL, NULL),
(347, 229, NULL, NULL),
(347, 230, NULL, NULL),
(347, 231, NULL, NULL),
(347, 232, NULL, NULL),
(348, 206, NULL, NULL),
(348, 208, NULL, NULL),
(348, 209, NULL, NULL),
(348, 210, NULL, NULL),
(348, 211, NULL, NULL),
(348, 212, NULL, NULL),
(348, 225, NULL, NULL),
(348, 226, NULL, NULL),
(348, 227, NULL, NULL),
(348, 229, NULL, NULL),
(348, 230, NULL, NULL),
(348, 231, NULL, NULL),
(348, 232, NULL, NULL),
(349, 206, NULL, NULL),
(349, 208, NULL, NULL),
(349, 209, NULL, NULL),
(349, 210, NULL, NULL),
(349, 211, NULL, NULL),
(349, 212, NULL, NULL),
(349, 225, NULL, NULL),
(349, 226, NULL, NULL),
(349, 227, NULL, NULL),
(350, 206, NULL, NULL),
(350, 208, NULL, NULL),
(350, 209, NULL, NULL),
(350, 210, NULL, NULL),
(350, 211, NULL, NULL),
(350, 212, NULL, NULL),
(350, 225, NULL, NULL),
(350, 226, NULL, NULL),
(350, 227, NULL, NULL),
(351, 206, NULL, NULL),
(351, 208, NULL, NULL),
(351, 209, NULL, NULL),
(351, 210, NULL, NULL),
(351, 211, NULL, NULL),
(351, 212, NULL, NULL),
(351, 225, NULL, NULL),
(351, 226, NULL, NULL),
(351, 227, NULL, NULL),
(352, 206, NULL, NULL),
(352, 208, NULL, NULL),
(352, 209, NULL, NULL),
(352, 210, NULL, NULL),
(352, 211, NULL, NULL),
(352, 212, NULL, NULL),
(352, 225, NULL, NULL),
(352, 226, NULL, NULL),
(352, 227, NULL, NULL),
(353, 206, NULL, NULL),
(353, 208, NULL, NULL),
(353, 209, NULL, NULL),
(353, 210, NULL, NULL),
(353, 211, NULL, NULL),
(353, 212, NULL, NULL),
(353, 225, NULL, NULL),
(353, 226, NULL, NULL),
(353, 227, NULL, NULL);

-- --------------------------------------------------------

--
-- Estructura de tabla para la tabla `pregunta_paciente_titulo_respuesta`
--

CREATE TABLE IF NOT EXISTS `pregunta_paciente_titulo_respuesta` (
  `idpregunta` int(10) NOT NULL,
  `idpaciente` int(20) NOT NULL,
  `idtitulo_respuesta` int(11) NOT NULL,
  PRIMARY KEY (`idpregunta`,`idpaciente`,`idtitulo_respuesta`),
  KEY `FKpregunta_p830635` (`idpregunta`,`idpaciente`),
  KEY `FKpregunta_p414649` (`idtitulo_respuesta`)
) ENGINE=InnoDB DEFAULT CHARSET=utf8;

--
-- Volcado de datos para la tabla `pregunta_paciente_titulo_respuesta`
--

INSERT INTO `pregunta_paciente_titulo_respuesta` (`idpregunta`, `idpaciente`, `idtitulo_respuesta`) VALUES
(213, 206, 1),
(213, 210, 1),
(213, 225, 1),
(213, 229, 1),
(213, 230, 1),
(214, 210, 1),
(215, 210, 1),
(215, 230, 1),
(224, 210, 1),
(224, 211, 1),
(224, 212, 1),
(224, 226, 1),
(226, 208, 1),
(233, 208, 1),
(233, 209, 1),
(233, 210, 1),
(233, 211, 1),
(233, 212, 1),
(233, 225, 1),
(233, 227, 1),
(233, 229, 1),
(237, 209, 1),
(237, 210, 1),
(241, 208, 1),
(241, 210, 1),
(241, 225, 1),
(246, 209, 1),
(249, 209, 1),
(254, 210, 1),
(255, 208, 1),
(255, 210, 1),
(255, 225, 1),
(259, 208, 1),
(262, 208, 1),
(262, 226, 1),
(263, 209, 1),
(263, 210, 1),
(264, 209, 1),
(265, 208, 1),
(266, 210, 1),
(269, 210, 1),
(272, 208, 1),
(272, 210, 1),
(273, 229, 1),
(276, 208, 1),
(276, 211, 1),
(276, 212, 1),
(277, 211, 1),
(330, 232, 1),
(331, 232, 1),
(333, 229, 1),
(333, 230, 1),
(333, 232, 1),
(337, 229, 1),
(337, 230, 1),
(337, 232, 1),
(338, 229, 1),
(338, 230, 1),
(338, 232, 1),
(341, 230, 1),
(342, 230, 1),
(343, 229, 1),
(343, 230, 1),
(343, 232, 1),
(344, 229, 1),
(344, 230, 1),
(344, 232, 1),
(346, 229, 1),
(346, 230, 1),
(346, 231, 1),
(346, 232, 1),
(211, 229, 2),
(213, 232, 2),
(214, 206, 2),
(214, 212, 2),
(214, 225, 2),
(216, 232, 2),
(217, 210, 2),
(217, 232, 2),
(218, 210, 2),
(219, 231, 2),
(225, 210, 2),
(227, 206, 2),
(227, 226, 2),
(228, 206, 2),
(233, 206, 2),
(233, 226, 2),
(233, 230, 2),
(233, 231, 2),
(233, 232, 2),
(276, 206, 2),
(278, 206, 2),
(278, 227, 2),
(328, 229, 2),
(330, 229, 2),
(330, 231, 2),
(332, 229, 2),
(333, 231, 2),
(334, 229, 2),
(334, 230, 2),
(334, 231, 2),
(335, 229, 2),
(337, 231, 2),
(338, 231, 2),
(341, 229, 2),
(341, 231, 2),
(342, 232, 2),
(343, 231, 2),
(344, 231, 2),
(345, 229, 2),
(345, 232, 2),
(163, 206, 3),
(163, 208, 3),
(163, 209, 3),
(163, 210, 3),
(163, 211, 3),
(163, 227, 3),
(163, 229, 3),
(163, 230, 3),
(163, 231, 3),
(163, 232, 3),
(164, 209, 3),
(164, 225, 3),
(164, 230, 3),
(165, 225, 3),
(165, 227, 3),
(165, 230, 3),
(167, 208, 3),
(167, 209, 3),
(167, 210, 3),
(167, 211, 3),
(167, 212, 3),
(167, 230, 3),
(167, 231, 3),
(167, 232, 3),
(169, 206, 3),
(169, 208, 3),
(169, 209, 3),
(169, 210, 3),
(169, 211, 3),
(169, 225, 3),
(169, 226, 3),
(169, 227, 3),
(169, 229, 3),
(169, 230, 3),
(169, 231, 3),
(169, 232, 3),
(170, 209, 3),
(170, 226, 3),
(170, 227, 3),
(170, 229, 3),
(171, 206, 3),
(171, 209, 3),
(171, 227, 3),
(175, 209, 3),
(175, 227, 3),
(175, 230, 3),
(183, 225, 3),
(183, 231, 3),
(185, 225, 3),
(188, 225, 3),
(188, 226, 3),
(188, 231, 3),
(189, 225, 3),
(189, 230, 3),
(189, 231, 3),
(190, 225, 3),
(190, 230, 3),
(190, 231, 3),
(191, 230, 3),
(193, 208, 3),
(193, 209, 3),
(193, 210, 3),
(193, 211, 3),
(193, 225, 3),
(193, 226, 3),
(193, 227, 3),
(193, 229, 3),
(194, 231, 3),
(195, 225, 3),
(195, 230, 3),
(195, 231, 3),
(196, 231, 3),
(210, 206, 3),
(210, 209, 3),
(210, 211, 3),
(210, 225, 3),
(210, 226, 3),
(210, 227, 3),
(210, 229, 3),
(210, 230, 3),
(210, 231, 3),
(210, 232, 3),
(211, 206, 3),
(211, 208, 3),
(211, 209, 3),
(211, 210, 3),
(211, 226, 3),
(211, 231, 3),
(211, 232, 3),
(214, 229, 3),
(214, 231, 3),
(214, 232, 3),
(215, 225, 3),
(215, 227, 3),
(215, 229, 3),
(215, 232, 3),
(217, 231, 3),
(219, 206, 3),
(219, 209, 3),
(219, 210, 3),
(220, 206, 3),
(221, 206, 3),
(224, 208, 3),
(226, 210, 3),
(226, 226, 3),
(227, 209, 3),
(227, 212, 3),
(227, 227, 3),
(227, 229, 3),
(227, 231, 3),
(227, 232, 3),
(228, 226, 3),
(228, 229, 3),
(228, 231, 3),
(228, 232, 3),
(229, 206, 3),
(229, 211, 3),
(229, 231, 3),
(230, 225, 3),
(230, 231, 3),
(231, 225, 3),
(231, 229, 3),
(231, 231, 3),
(232, 229, 3),
(232, 231, 3),
(232, 232, 3),
(273, 209, 3),
(273, 212, 3),
(273, 231, 3),
(274, 230, 3),
(275, 209, 3),
(276, 225, 3),
(276, 227, 3),
(277, 208, 3),
(279, 230, 3),
(327, 229, 3),
(327, 232, 3),
(328, 230, 3),
(328, 231, 3),
(329, 229, 3),
(330, 230, 3),
(331, 229, 3),
(331, 230, 3),
(332, 230, 3),
(332, 231, 3),
(332, 232, 3),
(334, 232, 3),
(335, 230, 3),
(335, 232, 3),
(339, 229, 3),
(339, 230, 3),
(339, 231, 3),
(339, 232, 3),
(341, 232, 3),
(345, 230, 3),
(345, 231, 3),
(347, 210, 3),
(347, 211, 3),
(347, 227, 3),
(348, 206, 3),
(348, 208, 3),
(348, 210, 3),
(348, 211, 3),
(348, 212, 3),
(348, 225, 3),
(348, 226, 3),
(348, 227, 3),
(348, 229, 3),
(348, 230, 3),
(348, 231, 3),
(348, 232, 3),
(136, 206, 4),
(136, 208, 4),
(136, 211, 4),
(136, 212, 4),
(136, 225, 4),
(136, 226, 4),
(136, 227, 4),
(162, 208, 4),
(162, 209, 4),
(162, 210, 4),
(162, 211, 4),
(162, 212, 4),
(162, 225, 4),
(162, 226, 4),
(162, 227, 4),
(163, 212, 4),
(163, 226, 4),
(167, 227, 4),
(169, 212, 4),
(171, 208, 4),
(171, 210, 4),
(171, 211, 4),
(171, 212, 4),
(171, 226, 4),
(171, 229, 4),
(171, 230, 4),
(171, 231, 4),
(171, 232, 4),
(175, 210, 4),
(175, 211, 4),
(175, 212, 4),
(175, 226, 4),
(183, 206, 4),
(183, 208, 4),
(183, 209, 4),
(183, 210, 4),
(183, 211, 4),
(183, 212, 4),
(183, 226, 4),
(183, 227, 4),
(183, 229, 4),
(183, 230, 4),
(183, 232, 4),
(185, 208, 4),
(185, 211, 4),
(185, 212, 4),
(185, 226, 4),
(185, 230, 4),
(185, 231, 4),
(185, 232, 4),
(186, 208, 4),
(186, 211, 4),
(186, 212, 4),
(186, 225, 4),
(186, 230, 4),
(186, 231, 4),
(186, 232, 4),
(187, 208, 4),
(187, 211, 4),
(187, 212, 4),
(187, 225, 4),
(187, 230, 4),
(187, 231, 4),
(187, 232, 4),
(188, 208, 4),
(188, 209, 4),
(188, 210, 4),
(188, 211, 4),
(188, 212, 4),
(188, 229, 4),
(188, 230, 4),
(188, 232, 4),
(189, 206, 4),
(189, 208, 4),
(189, 209, 4),
(189, 210, 4),
(189, 211, 4),
(189, 212, 4),
(189, 226, 4),
(189, 227, 4),
(189, 229, 4),
(189, 232, 4),
(190, 208, 4),
(190, 211, 4),
(190, 212, 4),
(190, 227, 4),
(190, 229, 4),
(190, 232, 4),
(191, 211, 4),
(191, 212, 4),
(191, 225, 4),
(191, 229, 4),
(191, 231, 4),
(191, 232, 4),
(193, 212, 4),
(193, 232, 4),
(194, 206, 4),
(194, 208, 4),
(194, 209, 4),
(194, 210, 4),
(194, 211, 4),
(194, 212, 4),
(194, 225, 4),
(194, 226, 4),
(194, 227, 4),
(194, 229, 4),
(194, 230, 4),
(194, 232, 4),
(195, 206, 4),
(195, 208, 4),
(195, 209, 4),
(195, 210, 4),
(195, 211, 4),
(195, 212, 4),
(195, 226, 4),
(195, 227, 4),
(195, 229, 4),
(195, 232, 4),
(196, 211, 4),
(196, 212, 4),
(196, 225, 4),
(196, 229, 4),
(196, 232, 4),
(197, 226, 4),
(210, 208, 4),
(210, 210, 4),
(210, 212, 4),
(211, 211, 4),
(211, 212, 4),
(211, 225, 4),
(211, 227, 4),
(211, 230, 4),
(212, 206, 4),
(212, 208, 4),
(212, 209, 4),
(212, 210, 4),
(212, 211, 4),
(212, 212, 4),
(212, 225, 4),
(212, 226, 4),
(212, 227, 4),
(212, 229, 4),
(212, 230, 4),
(212, 231, 4),
(212, 232, 4),
(213, 208, 4),
(213, 209, 4),
(213, 211, 4),
(213, 212, 4),
(213, 226, 4),
(213, 227, 4),
(213, 231, 4),
(214, 208, 4),
(214, 209, 4),
(214, 211, 4),
(214, 226, 4),
(214, 227, 4),
(214, 230, 4),
(215, 206, 4),
(215, 208, 4),
(215, 209, 4),
(215, 211, 4),
(215, 212, 4),
(215, 226, 4),
(215, 231, 4),
(216, 206, 4),
(216, 208, 4),
(216, 209, 4),
(216, 210, 4),
(216, 211, 4),
(216, 212, 4),
(216, 225, 4),
(216, 226, 4),
(216, 227, 4),
(216, 229, 4),
(216, 230, 4),
(216, 231, 4),
(217, 206, 4),
(217, 208, 4),
(217, 209, 4),
(217, 211, 4),
(217, 212, 4),
(217, 225, 4),
(217, 226, 4),
(217, 227, 4),
(217, 229, 4),
(217, 230, 4),
(218, 206, 4),
(218, 208, 4),
(218, 209, 4),
(218, 211, 4),
(218, 212, 4),
(218, 225, 4),
(218, 226, 4),
(218, 227, 4),
(218, 229, 4),
(218, 230, 4),
(218, 231, 4),
(218, 232, 4),
(219, 208, 4),
(219, 211, 4),
(219, 212, 4),
(219, 225, 4),
(219, 226, 4),
(219, 227, 4),
(219, 229, 4),
(219, 230, 4),
(219, 232, 4),
(220, 208, 4),
(220, 209, 4),
(220, 210, 4),
(220, 211, 4),
(220, 212, 4),
(220, 225, 4),
(220, 226, 4),
(220, 227, 4),
(220, 229, 4),
(220, 230, 4),
(220, 231, 4),
(220, 232, 4),
(221, 208, 4),
(221, 209, 4),
(221, 210, 4),
(221, 211, 4),
(221, 212, 4),
(221, 225, 4),
(221, 226, 4),
(221, 227, 4),
(221, 229, 4),
(221, 230, 4),
(221, 231, 4),
(221, 232, 4),
(222, 206, 4),
(222, 208, 4),
(222, 209, 4),
(222, 210, 4),
(222, 211, 4),
(222, 212, 4),
(222, 225, 4),
(222, 226, 4),
(222, 227, 4),
(222, 229, 4),
(222, 230, 4),
(222, 231, 4),
(222, 232, 4),
(223, 206, 4),
(223, 209, 4),
(223, 225, 4),
(223, 227, 4),
(223, 229, 4),
(223, 230, 4),
(223, 231, 4),
(223, 232, 4),
(225, 208, 4),
(225, 211, 4),
(225, 212, 4),
(225, 226, 4),
(226, 211, 4),
(226, 212, 4),
(227, 208, 4),
(227, 210, 4),
(227, 211, 4),
(227, 225, 4),
(227, 230, 4),
(228, 208, 4),
(228, 209, 4),
(228, 210, 4),
(228, 211, 4),
(228, 212, 4),
(228, 225, 4),
(228, 227, 4),
(228, 230, 4),
(229, 208, 4),
(229, 209, 4),
(229, 210, 4),
(229, 212, 4),
(229, 225, 4),
(229, 226, 4),
(229, 227, 4),
(229, 229, 4),
(229, 230, 4),
(229, 232, 4),
(230, 206, 4),
(230, 208, 4),
(230, 209, 4),
(230, 210, 4),
(230, 211, 4),
(230, 212, 4),
(230, 226, 4),
(230, 227, 4),
(230, 229, 4),
(230, 230, 4),
(230, 232, 4),
(231, 206, 4),
(231, 208, 4),
(231, 209, 4),
(231, 210, 4),
(231, 211, 4),
(231, 212, 4),
(231, 226, 4),
(231, 227, 4),
(231, 230, 4),
(231, 232, 4),
(232, 206, 4),
(232, 208, 4),
(232, 209, 4),
(232, 210, 4),
(232, 211, 4),
(232, 212, 4),
(232, 225, 4),
(232, 226, 4),
(232, 227, 4),
(232, 230, 4),
(273, 206, 4),
(273, 208, 4),
(273, 210, 4),
(273, 211, 4),
(273, 225, 4),
(273, 226, 4),
(273, 227, 4),
(273, 230, 4),
(273, 232, 4),
(274, 206, 4),
(274, 208, 4),
(274, 209, 4),
(274, 210, 4),
(274, 211, 4),
(274, 212, 4),
(274, 225, 4),
(274, 226, 4),
(274, 227, 4),
(274, 229, 4),
(274, 231, 4),
(274, 232, 4),
(275, 206, 4),
(275, 208, 4),
(275, 210, 4),
(275, 211, 4),
(275, 212, 4),
(275, 225, 4),
(275, 226, 4),
(275, 227, 4),
(275, 229, 4),
(275, 230, 4),
(275, 231, 4),
(275, 232, 4),
(276, 209, 4),
(276, 210, 4),
(276, 226, 4),
(276, 229, 4),
(276, 230, 4),
(276, 231, 4),
(276, 232, 4),
(277, 206, 4),
(277, 209, 4),
(277, 210, 4),
(277, 212, 4),
(277, 225, 4),
(277, 226, 4),
(277, 227, 4),
(277, 229, 4),
(277, 230, 4),
(277, 231, 4),
(277, 232, 4),
(278, 208, 4),
(278, 209, 4),
(278, 210, 4),
(278, 211, 4),
(278, 212, 4),
(278, 225, 4),
(278, 226, 4),
(278, 229, 4),
(278, 230, 4),
(278, 231, 4),
(278, 232, 4),
(279, 211, 4),
(279, 212, 4),
(279, 225, 4),
(279, 229, 4),
(279, 231, 4),
(279, 232, 4),
(280, 206, 4),
(280, 208, 4),
(280, 209, 4),
(280, 210, 4),
(280, 211, 4),
(280, 212, 4),
(280, 225, 4),
(280, 226, 4),
(280, 227, 4),
(280, 229, 4),
(280, 230, 4),
(280, 231, 4),
(280, 232, 4),
(281, 206, 4),
(281, 208, 4),
(281, 209, 4),
(281, 210, 4),
(281, 211, 4),
(281, 212, 4),
(281, 225, 4),
(281, 226, 4),
(281, 227, 4),
(281, 229, 4),
(281, 230, 4),
(281, 231, 4),
(281, 232, 4),
(282, 206, 4),
(282, 208, 4),
(282, 209, 4),
(282, 210, 4),
(282, 211, 4),
(282, 212, 4),
(282, 226, 4),
(282, 227, 4),
(282, 229, 4),
(282, 230, 4),
(282, 231, 4),
(282, 232, 4),
(283, 206, 4),
(283, 208, 4),
(283, 209, 4),
(283, 210, 4),
(283, 211, 4),
(283, 212, 4),
(283, 225, 4),
(283, 226, 4),
(283, 227, 4),
(283, 229, 4),
(283, 230, 4),
(283, 231, 4),
(283, 232, 4),
(284, 206, 4),
(284, 208, 4),
(284, 209, 4),
(284, 210, 4),
(284, 211, 4),
(284, 212, 4),
(284, 225, 4),
(284, 226, 4),
(284, 227, 4),
(284, 229, 4),
(284, 230, 4),
(284, 231, 4),
(284, 232, 4),
(285, 206, 4),
(285, 208, 4),
(285, 209, 4),
(285, 210, 4),
(285, 211, 4),
(285, 212, 4),
(285, 225, 4),
(285, 226, 4),
(285, 227, 4),
(285, 229, 4),
(285, 230, 4),
(285, 231, 4),
(285, 232, 4),
(286, 206, 4),
(286, 208, 4),
(286, 209, 4),
(286, 210, 4),
(286, 211, 4),
(286, 212, 4),
(286, 225, 4),
(286, 226, 4),
(286, 227, 4),
(286, 229, 4),
(286, 230, 4),
(286, 231, 4),
(286, 232, 4),
(287, 206, 4),
(287, 208, 4),
(287, 209, 4),
(287, 210, 4),
(287, 211, 4),
(287, 212, 4),
(287, 225, 4),
(287, 226, 4),
(287, 229, 4),
(287, 230, 4),
(287, 231, 4),
(287, 232, 4),
(288, 206, 4),
(288, 208, 4),
(288, 209, 4),
(288, 210, 4),
(288, 211, 4),
(288, 212, 4),
(288, 225, 4),
(288, 226, 4),
(288, 227, 4),
(288, 229, 4),
(288, 230, 4),
(288, 231, 4),
(288, 232, 4),
(289, 206, 4),
(289, 208, 4),
(289, 209, 4),
(289, 210, 4),
(289, 211, 4),
(289, 212, 4),
(289, 225, 4),
(289, 226, 4),
(289, 227, 4),
(289, 229, 4),
(289, 230, 4),
(289, 231, 4),
(289, 232, 4),
(290, 206, 4),
(290, 208, 4),
(290, 209, 4),
(290, 210, 4),
(290, 211, 4),
(290, 212, 4),
(290, 225, 4),
(290, 226, 4),
(290, 227, 4),
(290, 229, 4),
(290, 230, 4),
(290, 231, 4),
(290, 232, 4),
(291, 206, 4),
(291, 208, 4),
(291, 209, 4),
(291, 210, 4),
(291, 211, 4),
(291, 212, 4),
(291, 225, 4),
(291, 226, 4),
(291, 227, 4),
(291, 229, 4),
(291, 230, 4),
(291, 231, 4),
(291, 232, 4),
(292, 206, 4),
(292, 208, 4),
(292, 209, 4),
(292, 210, 4),
(292, 211, 4),
(292, 212, 4),
(292, 225, 4),
(292, 226, 4),
(292, 227, 4),
(292, 229, 4),
(292, 230, 4),
(292, 231, 4),
(292, 232, 4),
(293, 206, 4),
(293, 208, 4),
(293, 210, 4),
(293, 211, 4),
(293, 212, 4),
(293, 225, 4),
(293, 226, 4),
(293, 227, 4),
(293, 229, 4),
(293, 230, 4),
(293, 231, 4),
(293, 232, 4),
(294, 206, 4),
(294, 209, 4),
(294, 225, 4),
(294, 227, 4),
(294, 229, 4),
(294, 230, 4),
(294, 231, 4),
(294, 232, 4),
(295, 206, 4),
(295, 209, 4),
(295, 225, 4),
(295, 227, 4),
(295, 229, 4),
(295, 230, 4),
(295, 232, 4),
(296, 208, 4),
(296, 210, 4),
(296, 211, 4),
(296, 212, 4),
(296, 226, 4),
(297, 208, 4),
(297, 210, 4),
(297, 211, 4),
(297, 212, 4),
(297, 226, 4),
(298, 208, 4),
(298, 210, 4),
(298, 211, 4),
(298, 212, 4),
(298, 226, 4),
(299, 208, 4),
(299, 210, 4),
(299, 211, 4),
(299, 212, 4),
(299, 226, 4),
(301, 208, 4),
(301, 210, 4),
(301, 211, 4),
(301, 212, 4),
(301, 226, 4),
(302, 208, 4),
(302, 210, 4),
(302, 211, 4),
(302, 212, 4),
(303, 208, 4),
(303, 209, 4),
(303, 210, 4),
(303, 211, 4),
(303, 212, 4),
(303, 225, 4),
(303, 226, 4),
(303, 227, 4),
(303, 230, 4),
(303, 231, 4),
(303, 232, 4),
(304, 206, 4),
(304, 208, 4),
(304, 209, 4),
(304, 211, 4),
(304, 212, 4),
(304, 225, 4),
(304, 226, 4),
(304, 231, 4),
(305, 206, 4),
(305, 208, 4),
(305, 209, 4),
(305, 211, 4),
(305, 212, 4),
(305, 226, 4),
(305, 229, 4),
(305, 230, 4),
(305, 231, 4),
(305, 232, 4),
(306, 206, 4),
(306, 208, 4),
(306, 209, 4),
(306, 210, 4),
(306, 211, 4),
(306, 212, 4),
(306, 225, 4),
(306, 226, 4),
(306, 227, 4),
(306, 229, 4),
(306, 230, 4),
(306, 231, 4),
(306, 232, 4),
(307, 206, 4),
(307, 208, 4),
(307, 209, 4),
(307, 210, 4),
(307, 211, 4),
(307, 212, 4),
(307, 225, 4),
(307, 226, 4),
(307, 227, 4),
(307, 229, 4),
(307, 230, 4),
(307, 231, 4),
(307, 232, 4),
(308, 206, 4),
(308, 208, 4),
(308, 209, 4),
(308, 210, 4),
(308, 211, 4),
(308, 212, 4),
(308, 225, 4),
(308, 226, 4),
(308, 227, 4),
(308, 229, 4),
(308, 230, 4),
(308, 231, 4),
(308, 232, 4),
(316, 209, 4),
(316, 210, 4),
(316, 211, 4),
(316, 212, 4),
(316, 227, 4),
(317, 210, 4),
(317, 211, 4),
(317, 212, 4),
(317, 227, 4),
(318, 209, 4),
(318, 210, 4),
(318, 211, 4),
(318, 212, 4),
(318, 225, 4),
(318, 227, 4),
(319, 208, 4),
(319, 209, 4),
(319, 210, 4),
(319, 212, 4),
(319, 225, 4),
(319, 227, 4),
(321, 208, 4),
(321, 209, 4),
(321, 210, 4),
(321, 211, 4),
(321, 212, 4),
(321, 225, 4),
(321, 227, 4),
(322, 208, 4),
(322, 209, 4),
(322, 210, 4),
(322, 211, 4),
(322, 212, 4),
(322, 225, 4),
(322, 227, 4),
(323, 208, 4),
(323, 210, 4),
(323, 211, 4),
(323, 212, 4),
(323, 225, 4),
(323, 227, 4),
(324, 208, 4),
(324, 209, 4),
(324, 210, 4),
(324, 211, 4),
(324, 212, 4),
(324, 225, 4),
(324, 227, 4),
(325, 206, 4),
(325, 208, 4),
(325, 210, 4),
(325, 225, 4),
(327, 230, 4),
(327, 231, 4),
(328, 232, 4),
(329, 230, 4),
(329, 231, 4),
(329, 232, 4),
(331, 231, 4),
(335, 231, 4),
(336, 229, 4),
(336, 230, 4),
(336, 231, 4),
(336, 232, 4),
(342, 229, 4),
(342, 231, 4),
(347, 208, 4),
(347, 209, 4),
(347, 226, 4),
(349, 206, 4),
(349, 208, 4),
(349, 209, 4),
(349, 210, 4),
(349, 211, 4),
(349, 212, 4),
(349, 225, 4),
(349, 226, 4),
(349, 227, 4),
(350, 206, 4),
(350, 208, 4),
(350, 209, 4),
(350, 210, 4),
(350, 211, 4),
(350, 212, 4),
(350, 225, 4),
(350, 226, 4),
(350, 227, 4),
(351, 206, 4),
(351, 208, 4),
(351, 209, 4),
(351, 210, 4),
(351, 211, 4),
(351, 212, 4),
(351, 225, 4),
(351, 226, 4),
(351, 227, 4),
(352, 206, 4),
(352, 208, 4),
(352, 209, 4),
(352, 210, 4),
(352, 211, 4),
(352, 212, 4),
(352, 225, 4),
(352, 226, 4),
(352, 227, 4),
(353, 206, 4),
(353, 208, 4),
(353, 209, 4),
(353, 210, 4),
(353, 211, 4),
(353, 212, 4),
(353, 225, 4),
(353, 226, 4),
(353, 227, 4),
(164, 211, 5),
(164, 212, 5),
(164, 226, 5),
(165, 210, 5),
(165, 211, 5),
(165, 212, 5),
(165, 229, 5),
(165, 232, 5),
(167, 225, 5),
(167, 226, 5),
(167, 229, 5),
(170, 208, 5),
(170, 211, 5),
(170, 212, 5),
(170, 230, 5),
(171, 225, 5),
(175, 231, 5),
(175, 232, 5),
(196, 230, 5),
(347, 225, 5),
(347, 229, 5),
(347, 231, 5),
(347, 232, 5),
(163, 225, 6),
(164, 206, 6),
(164, 208, 6),
(164, 210, 6),
(164, 227, 6),
(164, 229, 6),
(164, 231, 6),
(164, 232, 6),
(165, 206, 6),
(165, 208, 6),
(165, 209, 6),
(165, 226, 6),
(165, 231, 6),
(167, 206, 6),
(170, 206, 6),
(170, 210, 6),
(170, 225, 6),
(170, 231, 6),
(170, 232, 6),
(175, 206, 6),
(175, 208, 6),
(175, 225, 6),
(175, 229, 6),
(193, 206, 6),
(193, 230, 6),
(193, 231, 6),
(347, 206, 6),
(347, 212, 6),
(347, 230, 6),
(348, 209, 6),
(176, 210, 8),
(176, 225, 8),
(176, 226, 8),
(176, 231, 8),
(176, 206, 9),
(176, 208, 9),
(176, 209, 9),
(176, 211, 9),
(176, 212, 9),
(176, 227, 9),
(176, 229, 9),
(176, 230, 9),
(176, 232, 9),
(136, 209, 11),
(136, 210, 11),
(162, 206, 11),
(197, 206, 11),
(197, 208, 11),
(197, 209, 11),
(197, 210, 11),
(197, 211, 11),
(197, 212, 11),
(197, 225, 11),
(197, 227, 11),
(282, 225, 11),
(287, 227, 11),
(293, 209, 11),
(295, 231, 11),
(302, 226, 11),
(303, 206, 11),
(303, 229, 11),
(304, 210, 11),
(304, 227, 11),
(304, 229, 11),
(304, 230, 11),
(304, 232, 11),
(305, 210, 11),
(305, 225, 11),
(305, 227, 11),
(316, 225, 11),
(323, 209, 11),
(325, 209, 11),
(325, 211, 11),
(325, 212, 11),
(325, 226, 11),
(325, 227, 11),
(326, 209, 11),
(326, 210, 11),
(326, 211, 11),
(326, 212, 11),
(326, 225, 11),
(326, 226, 11),
(326, 227, 11),
(129, 225, 12),
(129, 226, 12),
(129, 227, 12),
(151, 206, 12),
(152, 206, 12),
(152, 208, 12),
(129, 209, 13),
(129, 212, 13),
(151, 232, 13),
(153, 232, 13),
(151, 211, 14),
(151, 212, 14),
(151, 226, 14),
(151, 232, 14),
(152, 211, 14),
(152, 212, 14),
(151, 212, 15),
(151, 232, 15),
(152, 212, 15),
(152, 225, 15),
(155, 206, 15),
(155, 209, 15),
(155, 225, 15),
(155, 226, 15),
(155, 230, 15),
(234, 206, 17),
(234, 208, 17),
(234, 209, 17),
(234, 210, 17),
(235, 208, 17),
(237, 206, 17),
(237, 208, 17),
(237, 225, 17),
(237, 227, 17),
(238, 208, 17),
(238, 209, 17),
(238, 227, 17),
(239, 206, 17),
(239, 208, 17),
(239, 209, 17),
(239, 210, 17),
(239, 225, 17),
(239, 226, 17),
(239, 227, 17),
(240, 208, 17),
(241, 206, 17),
(241, 209, 17),
(241, 211, 17),
(241, 226, 17),
(241, 227, 17),
(242, 209, 17),
(242, 225, 17),
(243, 208, 17),
(243, 210, 17),
(243, 225, 17),
(243, 227, 17),
(244, 210, 17),
(244, 225, 17),
(245, 210, 17),
(246, 206, 17),
(246, 208, 17),
(246, 225, 17),
(246, 226, 17),
(246, 227, 17),
(247, 208, 17),
(247, 209, 17),
(247, 210, 17),
(247, 225, 17),
(247, 226, 17),
(247, 227, 17),
(248, 208, 17),
(248, 209, 17),
(249, 206, 17),
(249, 208, 17),
(249, 210, 17),
(249, 211, 17),
(249, 225, 17),
(249, 226, 17),
(249, 227, 17),
(250, 206, 17),
(250, 208, 17),
(250, 210, 17),
(250, 226, 17),
(251, 206, 17),
(251, 208, 17),
(251, 211, 17),
(251, 225, 17),
(251, 226, 17),
(252, 206, 17),
(252, 208, 17),
(252, 210, 17),
(253, 208, 17),
(253, 209, 17),
(253, 210, 17),
(253, 225, 17),
(254, 206, 17),
(254, 208, 17),
(254, 209, 17),
(254, 227, 17),
(255, 206, 17),
(255, 209, 17),
(255, 226, 17),
(255, 227, 17),
(256, 208, 17),
(256, 209, 17),
(256, 210, 17),
(256, 225, 17),
(256, 226, 17),
(256, 227, 17),
(257, 208, 17),
(257, 209, 17),
(257, 225, 17),
(257, 227, 17),
(258, 225, 17),
(259, 209, 17),
(259, 225, 17),
(259, 227, 17),
(262, 206, 17),
(262, 209, 17),
(262, 210, 17),
(262, 225, 17),
(262, 227, 17),
(263, 206, 17),
(263, 208, 17),
(263, 211, 17),
(263, 225, 17),
(263, 226, 17),
(263, 227, 17),
(264, 206, 17),
(264, 208, 17),
(264, 211, 17),
(264, 226, 17),
(264, 227, 17),
(265, 206, 17),
(265, 209, 17),
(265, 210, 17),
(265, 211, 17),
(265, 225, 17),
(265, 227, 17),
(266, 206, 17),
(266, 208, 17),
(266, 209, 17),
(266, 225, 17),
(266, 226, 17),
(269, 206, 17),
(269, 209, 17),
(269, 225, 17),
(269, 226, 17),
(270, 208, 17),
(270, 209, 17),
(270, 210, 17),
(270, 211, 17),
(270, 226, 17),
(271, 209, 17),
(272, 206, 17),
(272, 209, 17),
(272, 211, 17),
(272, 225, 17),
(272, 227, 17),
(234, 211, 18),
(234, 212, 18),
(234, 225, 18),
(234, 226, 18),
(234, 227, 18),
(235, 206, 18),
(235, 209, 18),
(235, 210, 18),
(235, 211, 18),
(235, 212, 18),
(235, 225, 18),
(235, 226, 18),
(235, 227, 18),
(236, 206, 18),
(236, 208, 18),
(236, 209, 18),
(236, 210, 18),
(236, 211, 18),
(236, 212, 18),
(236, 225, 18),
(236, 226, 18),
(236, 227, 18),
(237, 211, 18),
(237, 212, 18),
(237, 226, 18),
(238, 206, 18),
(238, 210, 18),
(238, 211, 18),
(238, 212, 18),
(238, 225, 18),
(238, 226, 18),
(239, 211, 18),
(239, 212, 18),
(240, 206, 18),
(240, 209, 18),
(240, 210, 18),
(240, 211, 18),
(240, 212, 18),
(240, 225, 18),
(240, 226, 18),
(240, 227, 18),
(241, 212, 18),
(242, 206, 18),
(242, 208, 18),
(242, 210, 18),
(242, 211, 18),
(242, 212, 18),
(242, 226, 18),
(242, 227, 18),
(243, 206, 18),
(243, 209, 18),
(243, 211, 18),
(243, 212, 18),
(243, 226, 18),
(244, 206, 18),
(244, 208, 18),
(244, 209, 18),
(244, 211, 18),
(244, 212, 18),
(244, 226, 18),
(244, 227, 18),
(245, 206, 18),
(245, 208, 18),
(245, 209, 18),
(245, 211, 18),
(245, 212, 18),
(245, 225, 18),
(245, 226, 18),
(245, 227, 18),
(246, 210, 18),
(246, 211, 18),
(246, 212, 18),
(247, 206, 18),
(247, 211, 18),
(247, 212, 18),
(248, 206, 18),
(248, 210, 18),
(248, 211, 18),
(248, 212, 18),
(248, 225, 18),
(248, 226, 18),
(248, 227, 18),
(249, 212, 18),
(250, 209, 18),
(250, 211, 18),
(250, 212, 18),
(250, 225, 18),
(250, 227, 18),
(251, 209, 18),
(251, 210, 18),
(251, 212, 18),
(251, 227, 18),
(252, 209, 18),
(252, 211, 18),
(252, 212, 18),
(252, 225, 18),
(252, 226, 18),
(252, 227, 18),
(253, 206, 18),
(253, 211, 18),
(253, 212, 18),
(253, 226, 18),
(253, 227, 18),
(254, 211, 18),
(254, 212, 18),
(254, 225, 18),
(254, 226, 18),
(255, 211, 18),
(255, 212, 18),
(256, 206, 18),
(256, 211, 18),
(256, 212, 18),
(257, 206, 18),
(257, 210, 18),
(257, 211, 18),
(257, 212, 18),
(257, 226, 18),
(258, 206, 18),
(258, 208, 18),
(258, 209, 18),
(258, 210, 18),
(258, 211, 18),
(258, 212, 18),
(258, 226, 18),
(258, 227, 18),
(259, 206, 18),
(259, 210, 18),
(259, 211, 18),
(259, 212, 18),
(259, 226, 18),
(260, 206, 18),
(260, 208, 18),
(260, 209, 18),
(260, 210, 18),
(260, 211, 18),
(260, 212, 18),
(260, 225, 18),
(260, 226, 18),
(260, 227, 18),
(261, 206, 18),
(261, 208, 18),
(261, 209, 18),
(261, 210, 18),
(261, 211, 18),
(261, 212, 18),
(261, 225, 18),
(261, 226, 18),
(261, 227, 18),
(262, 211, 18),
(262, 212, 18),
(263, 212, 18),
(264, 210, 18),
(264, 212, 18),
(264, 225, 18),
(265, 212, 18),
(265, 226, 18),
(266, 211, 18),
(266, 212, 18),
(266, 227, 18),
(269, 208, 18),
(269, 211, 18),
(269, 212, 18),
(269, 227, 18),
(270, 206, 18),
(270, 212, 18),
(270, 225, 18),
(270, 227, 18),
(271, 206, 18),
(271, 208, 18),
(271, 210, 18),
(271, 211, 18),
(271, 212, 18),
(271, 225, 18),
(271, 226, 18),
(271, 227, 18),
(272, 212, 18),
(272, 226, 18),
(128, 206, 36),
(128, 208, 36),
(128, 209, 36),
(128, 210, 36),
(128, 211, 36),
(128, 212, 36),
(128, 225, 38),
(128, 226, 38),
(128, 227, 38),
(129, 206, 45),
(129, 208, 45),
(129, 210, 45),
(129, 211, 45),
(130, 209, 51),
(130, 210, 51),
(130, 211, 51),
(130, 212, 51),
(130, 225, 51),
(130, 226, 51),
(130, 208, 55),
(130, 227, 55),
(130, 206, 56),
(198, 206, 89),
(198, 208, 89),
(198, 209, 89),
(198, 211, 89),
(198, 225, 89),
(198, 226, 89),
(198, 227, 89),
(198, 210, 91),
(198, 212, 91),
(199, 206, 92),
(199, 210, 92),
(199, 211, 92),
(199, 209, 93),
(199, 209, 94),
(199, 209, 96),
(199, 210, 96),
(199, 225, 96),
(199, 209, 97),
(199, 210, 97),
(199, 225, 97),
(199, 227, 97),
(199, 210, 98),
(199, 206, 99),
(199, 209, 99),
(199, 212, 99),
(199, 209, 100),
(199, 210, 100),
(199, 225, 100),
(316, 206, 101),
(316, 208, 101),
(316, 226, 101),
(317, 206, 101),
(317, 208, 101),
(317, 209, 101),
(317, 225, 101),
(317, 226, 101),
(318, 206, 101),
(318, 208, 101),
(318, 226, 101),
(319, 206, 101),
(319, 211, 101),
(319, 226, 101),
(321, 206, 101),
(321, 226, 101),
(322, 206, 101),
(322, 226, 101),
(323, 206, 101),
(323, 226, 101),
(324, 206, 101),
(324, 226, 101),
(326, 206, 101),
(326, 208, 101);

-- --------------------------------------------------------

--
-- Estructura de tabla para la tabla `pregunta_titulo_respuesta`
--

CREATE TABLE IF NOT EXISTS `pregunta_titulo_respuesta` (
  `idtitulo_respuesta` int(11) NOT NULL,
  `idpregunta` int(10) NOT NULL,
  `ponderacion` int(10) DEFAULT NULL,
  PRIMARY KEY (`idtitulo_respuesta`,`idpregunta`),
  KEY `FKpregunta_t278188` (`idtitulo_respuesta`),
  KEY `FKpregunta_t722293` (`idpregunta`)
) ENGINE=InnoDB DEFAULT CHARSET=utf8;

--
-- Volcado de datos para la tabla `pregunta_titulo_respuesta`
--

INSERT INTO `pregunta_titulo_respuesta` (`idtitulo_respuesta`, `idpregunta`, `ponderacion`) VALUES
(1, 210, 1),
(1, 211, 1),
(1, 212, 1),
(1, 213, 1),
(1, 214, 1),
(1, 215, 1),
(1, 216, 4),
(1, 217, 4),
(1, 218, 1),
(1, 219, 1),
(1, 220, 1),
(1, 221, 1),
(1, 222, 1),
(1, 223, 1),
(1, 224, 1),
(1, 225, 1),
(1, 226, 1),
(1, 227, 1),
(1, 228, 1),
(1, 229, 1),
(1, 230, 1),
(1, 231, 1),
(1, 232, 1),
(1, 233, 1),
(1, 234, 0),
(1, 235, 0),
(1, 236, 0),
(1, 237, 0),
(1, 238, 0),
(1, 239, 0),
(1, 240, 0),
(1, 241, 0),
(1, 242, 0),
(1, 243, 0),
(1, 244, 0),
(1, 245, 0),
(1, 246, 0),
(1, 247, 0),
(1, 248, 0),
(1, 249, 0),
(1, 250, 0),
(1, 251, 0),
(1, 252, 0),
(1, 253, 0),
(1, 254, 0),
(1, 255, 0),
(1, 256, 0),
(1, 257, 0),
(1, 258, 0),
(1, 259, 0),
(1, 260, 0),
(1, 261, 0),
(1, 262, 0),
(1, 263, 0),
(1, 264, 0),
(1, 265, 0),
(1, 266, 0),
(1, 269, 0),
(1, 270, 0),
(1, 271, 0),
(1, 272, 0),
(1, 273, 1),
(1, 274, 1),
(1, 275, 1),
(1, 276, 1),
(1, 277, 1),
(1, 278, 1),
(1, 327, 4),
(1, 328, 1),
(1, 329, 4),
(1, 330, 1),
(1, 331, 1),
(1, 332, 4),
(1, 333, 1),
(1, 334, 1),
(1, 335, 4),
(1, 336, 4),
(1, 337, 1),
(1, 338, 1),
(1, 339, 4),
(1, 341, 1),
(1, 342, 1),
(1, 343, 1),
(1, 344, 1),
(1, 345, 1),
(1, 346, 1),
(2, 210, 2),
(2, 211, 2),
(2, 212, 2),
(2, 213, 2),
(2, 214, 2),
(2, 215, 2),
(2, 216, 3),
(2, 217, 3),
(2, 218, 2),
(2, 219, 2),
(2, 220, 2),
(2, 221, 2),
(2, 222, 2),
(2, 223, 2),
(2, 224, 2),
(2, 225, 2),
(2, 226, 2),
(2, 227, 2),
(2, 228, 2),
(2, 229, 2),
(2, 230, 2),
(2, 231, 2),
(2, 232, 2),
(2, 233, 2),
(2, 273, 2),
(2, 274, 2),
(2, 275, 2),
(2, 276, 2),
(2, 277, 2),
(2, 278, 2),
(2, 327, 3),
(2, 328, 2),
(2, 329, 3),
(2, 330, 2),
(2, 331, 2),
(2, 332, 3),
(2, 333, 2),
(2, 334, 2),
(2, 335, 3),
(2, 336, 3),
(2, 337, 2),
(2, 338, 2),
(2, 339, 3),
(2, 341, 2),
(2, 342, 2),
(2, 343, 2),
(2, 344, 2),
(2, 345, 2),
(2, 346, 2),
(3, 163, 3),
(3, 164, 3),
(3, 165, 3),
(3, 167, 3),
(3, 169, 3),
(3, 170, 3),
(3, 171, 3),
(3, 175, 3),
(3, 183, 3),
(3, 185, 3),
(3, 186, 3),
(3, 187, 3),
(3, 188, 3),
(3, 189, 3),
(3, 190, 3),
(3, 191, 3),
(3, 193, 3),
(3, 194, 3),
(3, 195, 3),
(3, 196, 3),
(3, 210, 3),
(3, 211, 3),
(3, 212, 3),
(3, 213, 3),
(3, 214, 3),
(3, 215, 3),
(3, 216, 2),
(3, 217, 2),
(3, 218, 3),
(3, 219, 3),
(3, 220, 3),
(3, 221, 3),
(3, 222, 3),
(3, 223, 3),
(3, 224, 3),
(3, 225, 3),
(3, 226, 3),
(3, 227, 3),
(3, 228, 3),
(3, 229, 3),
(3, 230, 3),
(3, 231, 3),
(3, 232, 3),
(3, 233, 3),
(3, 273, 3),
(3, 274, 3),
(3, 275, 3),
(3, 276, 3),
(3, 277, 3),
(3, 278, 3),
(3, 279, 3),
(3, 327, 2),
(3, 328, 3),
(3, 329, 2),
(3, 330, 3),
(3, 331, 3),
(3, 332, 2),
(3, 333, 3),
(3, 334, 3),
(3, 335, 2),
(3, 336, 2),
(3, 337, 3),
(3, 338, 3),
(3, 339, 2),
(3, 341, 3),
(3, 342, 3),
(3, 343, 3),
(3, 344, 3),
(3, 345, 3),
(3, 346, 3),
(3, 347, 3),
(3, 348, 3),
(4, 136, 0),
(4, 162, 0),
(4, 163, 4),
(4, 164, 4),
(4, 165, 4),
(4, 167, 4),
(4, 169, 4),
(4, 170, 4),
(4, 171, 4),
(4, 175, 4),
(4, 183, 4),
(4, 185, 4),
(4, 186, 4),
(4, 187, 4),
(4, 188, 4),
(4, 189, 4),
(4, 190, 4),
(4, 191, 4),
(4, 193, 4),
(4, 194, 4),
(4, 195, 4),
(4, 196, 4),
(4, 197, 0),
(4, 210, 4),
(4, 211, 4),
(4, 212, 4),
(4, 213, 4),
(4, 214, 4),
(4, 215, 4),
(4, 216, 1),
(4, 217, 1),
(4, 218, 4),
(4, 219, 4),
(4, 220, 4),
(4, 221, 4),
(4, 222, 4),
(4, 223, 4),
(4, 224, 4),
(4, 225, 4),
(4, 226, 4),
(4, 227, 4),
(4, 228, 4),
(4, 229, 4),
(4, 230, 4),
(4, 231, 4),
(4, 232, 4),
(4, 233, 4),
(4, 273, 4),
(4, 274, 4),
(4, 275, 4),
(4, 276, 4),
(4, 277, 4),
(4, 278, 4),
(4, 279, 4),
(4, 280, 2),
(4, 281, 2),
(4, 282, 2),
(4, 283, 2),
(4, 284, 2),
(4, 285, 2),
(4, 286, 2),
(4, 287, 2),
(4, 288, 2),
(4, 289, 2),
(4, 290, 2),
(4, 291, 2),
(4, 292, 2),
(4, 293, 2),
(4, 294, 2),
(4, 295, 2),
(4, 296, 2),
(4, 297, 2),
(4, 298, 2),
(4, 299, 2),
(4, 301, 2),
(4, 302, 2),
(4, 303, 2),
(4, 304, 2),
(4, 305, 2),
(4, 306, 2),
(4, 307, 2),
(4, 308, 2),
(4, 316, 0),
(4, 317, 0),
(4, 318, 0),
(4, 319, 0),
(4, 321, 0),
(4, 322, 0),
(4, 323, 0),
(4, 324, 0),
(4, 325, 0),
(4, 326, 0),
(4, 327, 1),
(4, 328, 4),
(4, 329, 1),
(4, 330, 4),
(4, 331, 4),
(4, 332, 1),
(4, 333, 4),
(4, 334, 4),
(4, 335, 1),
(4, 336, 1),
(4, 337, 4),
(4, 338, 4),
(4, 339, 1),
(4, 341, 4),
(4, 342, 4),
(4, 343, 4),
(4, 344, 4),
(4, 345, 4),
(4, 346, 4),
(4, 347, 4),
(4, 348, 4),
(4, 349, 0),
(4, 350, 0),
(4, 351, 0),
(4, 352, 0),
(4, 353, 0),
(5, 163, 1),
(5, 164, 1),
(5, 165, 1),
(5, 167, 1),
(5, 169, 1),
(5, 170, 1),
(5, 171, 1),
(5, 175, 1),
(5, 183, 1),
(5, 185, 1),
(5, 186, 1),
(5, 187, 1),
(5, 188, 1),
(5, 189, 1),
(5, 190, 1),
(5, 191, 1),
(5, 193, 1),
(5, 194, 1),
(5, 195, 1),
(5, 196, 1),
(5, 279, 1),
(5, 347, 1),
(5, 348, 1),
(6, 163, 2),
(6, 164, 2),
(6, 165, 2),
(6, 167, 2),
(6, 169, 2),
(6, 170, 2),
(6, 171, 2),
(6, 175, 2),
(6, 183, 2),
(6, 185, 2),
(6, 186, 2),
(6, 187, 2),
(6, 188, 2),
(6, 189, 2),
(6, 190, 2),
(6, 191, 2),
(6, 193, 2),
(6, 194, 2),
(6, 195, 2),
(6, 196, 2),
(6, 279, 2),
(6, 347, 2),
(6, 348, 2),
(7, 176, 1),
(8, 176, 2),
(9, 176, 3),
(10, 176, 4),
(11, 136, 0),
(11, 162, 0),
(11, 197, 0),
(11, 280, 1),
(11, 281, 1),
(11, 282, 1),
(11, 283, 1),
(11, 284, 1),
(11, 285, 1),
(11, 286, 1),
(11, 287, 1),
(11, 288, 1),
(11, 289, 1),
(11, 290, 1),
(11, 291, 1),
(11, 292, 1),
(11, 293, 1),
(11, 294, 1),
(11, 295, 1),
(11, 296, 1),
(11, 297, 1),
(11, 298, 1),
(11, 299, 1),
(11, 301, 1),
(11, 302, 1),
(11, 303, 1),
(11, 304, 1),
(11, 305, 1),
(11, 306, 1),
(11, 307, 1),
(11, 308, 1),
(11, 316, 0),
(11, 317, 0),
(11, 318, 0),
(11, 319, 0),
(11, 321, 0),
(11, 322, 0),
(11, 323, 0),
(11, 324, 0),
(11, 325, 0),
(11, 326, 0),
(11, 349, 0),
(11, 350, 0),
(11, 351, 0),
(11, 352, 0),
(11, 353, 0),
(12, 129, 0),
(12, 151, 1),
(12, 152, 1),
(12, 153, 1),
(12, 154, 1),
(12, 155, 1),
(12, 157, 1),
(13, 129, 0),
(13, 151, 2),
(13, 152, 2),
(13, 153, 2),
(13, 154, 2),
(13, 155, 2),
(13, 157, 2),
(14, 151, 3),
(14, 152, 3),
(14, 153, 3),
(14, 154, 3),
(14, 155, 3),
(14, 157, 3),
(15, 151, 4),
(15, 152, 4),
(15, 153, 4),
(15, 154, 4),
(15, 155, 4),
(15, 157, 4),
(16, 151, 5),
(16, 152, 5),
(16, 153, 5),
(16, 154, 5),
(16, 155, 5),
(16, 157, 5),
(17, 234, 0),
(17, 235, 0),
(17, 236, 0),
(17, 237, 0),
(17, 238, 0),
(17, 239, 0),
(17, 240, 0),
(17, 241, 0),
(17, 242, 0),
(17, 243, 0),
(17, 244, 0),
(17, 245, 0),
(17, 246, 0),
(17, 247, 0),
(17, 248, 0),
(17, 249, 0),
(17, 250, 0),
(17, 251, 0),
(17, 252, 0),
(17, 253, 0),
(17, 254, 0),
(17, 255, 0),
(17, 256, 0),
(17, 257, 0),
(17, 258, 0),
(17, 259, 0),
(17, 260, 0),
(17, 261, 0),
(17, 262, 0),
(17, 263, 0),
(17, 264, 0),
(17, 265, 0),
(17, 266, 0),
(17, 269, 0),
(17, 270, 0),
(17, 271, 0),
(17, 272, 0),
(18, 234, 0),
(18, 235, 0),
(18, 236, 0),
(18, 237, 0),
(18, 238, 0),
(18, 239, 0),
(18, 240, 0),
(18, 241, 0),
(18, 242, 0),
(18, 243, 0),
(18, 244, 0),
(18, 245, 0),
(18, 246, 0),
(18, 247, 0),
(18, 248, 0),
(18, 249, 0),
(18, 250, 0),
(18, 251, 0),
(18, 252, 0),
(18, 253, 0),
(18, 254, 0),
(18, 255, 0),
(18, 256, 0),
(18, 257, 0),
(18, 258, 0),
(18, 259, 0),
(18, 260, 0),
(18, 261, 0),
(18, 262, 0),
(18, 263, 0),
(18, 264, 0),
(18, 265, 0),
(18, 266, 0),
(18, 269, 0),
(18, 270, 0),
(18, 271, 0),
(18, 272, 0),
(36, 128, 0),
(37, 128, 0),
(38, 128, 0),
(39, 128, 0),
(40, 128, 0),
(41, 128, 0),
(42, 128, 0),
(43, 128, 0),
(44, 128, 0),
(45, 129, 0),
(46, 129, 0),
(47, 129, 0),
(48, 129, 0),
(49, 129, 0),
(50, 129, 0),
(51, 130, 0),
(52, 130, 0),
(53, 130, 0),
(54, 130, 0),
(55, 130, 0),
(56, 130, 0),
(76, 160, 0),
(77, 160, 0),
(78, 160, 0),
(79, 160, 0),
(80, 160, 0),
(81, 160, 0),
(82, 160, 0),
(83, 161, 0),
(84, 161, 0),
(85, 161, 0),
(86, 161, 0),
(87, 161, 0),
(88, 161, 0),
(89, 198, 0),
(90, 198, 0),
(91, 198, 0),
(92, 199, 0),
(93, 199, 0),
(94, 199, 0),
(95, 199, 0),
(96, 199, 0),
(97, 199, 0),
(98, 199, 0),
(99, 199, 0),
(100, 199, 0),
(101, 316, 0),
(101, 317, 0),
(101, 318, 0),
(101, 319, 0),
(101, 321, 0),
(101, 322, 0),
(101, 323, 0),
(101, 324, 0),
(101, 325, 0),
(101, 326, 0);

-- --------------------------------------------------------

--
-- Estructura de tabla para la tabla `responsable`
--

CREATE TABLE IF NOT EXISTS `responsable` (
  `idresponsable` int(11) NOT NULL AUTO_INCREMENT,
  `nombre` varchar(150) NOT NULL,
  `apellido` varchar(150) NOT NULL,
  `usuarioidusuario` int(10) DEFAULT NULL,
  `areaidarea` int(11) NOT NULL,
  PRIMARY KEY (`idresponsable`),
  KEY `FKresponsabl927589` (`usuarioidusuario`),
  KEY `FKresponsabl680991` (`areaidarea`)
) ENGINE=InnoDB  DEFAULT CHARSET=utf8 AUTO_INCREMENT=13 ;

--
-- Volcado de datos para la tabla `responsable`
--

INSERT INTO `responsable` (`idresponsable`, `nombre`, `apellido`, `usuarioidusuario`, `areaidarea`) VALUES
(1, 'David', 'Velásquez', NULL, 8),
(2, 'Dr. Efraín', 'Medina', NULL, 6),
(3, 'Lic. Jorge Concepción', 'Ramírez Álvarez', NULL, 4),
(4, 'Licda. Dora Rene', 'Guerra', NULL, 4),
(5, 'Lic. Víctor Rodolfo', 'Comparini Estrada', NULL, 4),
(6, 'Licda. Ana Guadalupe', 'Pérez Batres', NULL, 4),
(7, 'Licda. Ana Luisa', 'Palomo Valiente', NULL, 4),
(8, 'Corina', 'Arriaga', NULL, 8),
(9, 'Rita', 'Figueroa', NULL, 9),
(12, 'prueba', 'prueba', NULL, 1);

-- --------------------------------------------------------

--
-- Estructura de tabla para la tabla `responsable_actividad`
--

CREATE TABLE IF NOT EXISTS `responsable_actividad` (
  `responsableidresponsable` int(11) NOT NULL,
  `actividadidactividad` int(11) NOT NULL,
  PRIMARY KEY (`responsableidresponsable`,`actividadidactividad`),
  KEY `FKresponsabl971119` (`responsableidresponsable`),
  KEY `FKresponsabl144858` (`actividadidactividad`)
) ENGINE=InnoDB DEFAULT CHARSET=utf8;

--
-- Volcado de datos para la tabla `responsable_actividad`
--

INSERT INTO `responsable_actividad` (`responsableidresponsable`, `actividadidactividad`) VALUES
(1, 1),
(1, 2),
(1, 3),
(1, 4),
(2, 5),
(5, 9),
(5, 12),
(6, 10),
(6, 12),
(8, 13);

-- --------------------------------------------------------

--
-- Estructura de tabla para la tabla `resultado_condicion`
--

CREATE TABLE IF NOT EXISTS `resultado_condicion` (
  `idresultado_examen` int(10) NOT NULL,
  `idencabezado_condicion` int(10) NOT NULL,
  PRIMARY KEY (`idresultado_examen`,`idencabezado_condicion`),
  KEY `FKresultado_447375` (`idresultado_examen`),
  KEY `FKresultado_493241` (`idencabezado_condicion`)
) ENGINE=InnoDB DEFAULT CHARSET=utf8;

--
-- Volcado de datos para la tabla `resultado_condicion`
--

INSERT INTO `resultado_condicion` (`idresultado_examen`, `idencabezado_condicion`) VALUES
(5, 31),
(6, 32),
(10, 237),
(10, 250),
(10, 251),
(11, 239),
(12, 238),
(12, 248),
(12, 249),
(13, 236),
(14, 40),
(16, 42),
(16, 235),
(16, 240),
(17, 30),
(18, 43),
(19, 44),
(20, 45),
(22, 244),
(23, 241),
(24, 243),
(25, 247),
(27, 54),
(29, 56),
(31, 59),
(33, 61),
(37, 63),
(39, 65),
(44, 69),
(46, 71),
(47, 72),
(48, 74),
(48, 76),
(48, 79),
(48, 80),
(48, 81),
(49, 75),
(49, 76),
(49, 81),
(50, 77),
(50, 80),
(50, 81),
(51, 78),
(51, 79),
(53, 85),
(53, 89),
(54, 86),
(54, 87),
(54, 88),
(54, 91),
(56, 92),
(57, 93),
(58, 94),
(59, 95),
(60, 96),
(61, 97),
(63, 99),
(64, 100),
(65, 101),
(66, 103),
(67, 104),
(68, 105),
(69, 106),
(70, 107),
(71, 108),
(73, 111),
(75, 113),
(76, 114),
(76, 115),
(76, 116),
(76, 117),
(77, 118),
(78, 207),
(79, 120),
(80, 121),
(81, 122),
(82, 123),
(83, 124),
(86, 208),
(87, 210),
(87, 212),
(87, 213),
(87, 214),
(87, 217),
(90, 215),
(90, 216),
(92, 218),
(93, 219),
(94, 220),
(95, 221),
(97, 223),
(98, 224),
(99, 225),
(100, 226),
(101, 227),
(102, 228),
(103, 229),
(104, 230),
(105, 127),
(106, 128),
(109, 131),
(111, 133),
(112, 134),
(113, 135),
(114, 136),
(116, 138),
(119, 168),
(120, 169),
(121, 170),
(122, 171),
(123, 172),
(124, 174),
(125, 173),
(126, 176),
(127, 175),
(128, 177),
(129, 178),
(130, 179),
(131, 181),
(132, 180),
(133, 182),
(134, 183),
(135, 184),
(136, 186),
(137, 185),
(138, 187),
(139, 188),
(140, 189),
(141, 192),
(142, 191),
(143, 193),
(144, 194),
(145, 195),
(146, 197),
(147, 196),
(148, 198),
(149, 199),
(151, 200),
(152, 202),
(153, 201),
(154, 203),
(155, 204),
(164, 109),
(168, 252),
(169, 253),
(170, 254),
(171, 255),
(172, 257),
(173, 256),
(174, 258);

-- --------------------------------------------------------

--
-- Estructura de tabla para la tabla `resultado_examen`
--

CREATE TABLE IF NOT EXISTS `resultado_examen` (
  `idresultado_examen` int(10) NOT NULL AUTO_INCREMENT,
  `titulo` varchar(100) NOT NULL,
  `interpretacion` text NOT NULL,
  `idtipo_interpretacion` int(10) NOT NULL,
  `size` int(10) NOT NULL DEFAULT '1',
  `orden` int(11) NOT NULL,
  PRIMARY KEY (`idresultado_examen`),
  KEY `FKresultado_488218` (`idtipo_interpretacion`)
) ENGINE=InnoDB  DEFAULT CHARSET=utf8 AUTO_INCREMENT=175 ;

--
-- Volcado de datos para la tabla `resultado_examen`
--

INSERT INTO `resultado_examen` (`idresultado_examen`, `titulo`, `interpretacion`, `idtipo_interpretacion`, `size`, `orden`) VALUES
(5, 'MIGRAÑA', 'Presentas un tipo especial de dolor de cabeza, te recomendamos evitar estrés excesivo, controlar tus emociones, el ruido y luz excesivos.  Probablemente ya lo sabes, sino,  puedes consultar tus dudas en la clínica médica de nuestra unidad.', 3, 2, 2),
(6, 'OTRA CAUSA DE DOLOR', 'De acuerdo a tus respuestas el dolor de cabeza que presentas no se asocia a situaciones que alteren tus emociones ó migraña. Te recomendamos acudir a nuestra clínica de consulta externa ó a un medico de tu confianza para determinar la causa del dolor de cabeza', 3, 3, 3),
(10, 'AGUDEZA VISUAL DISMINUIDA SIN LENTES', 'Te recomendamos acudir al oftalmólogo, ya que probablemente tengas disminución de tu agudeza visual y esta condición pueda afectar tu rendimiento académico', 3, 2, 4),
(11, 'AGUDEZA VISUAL CORREGIDA CON LENTES', 'De acuerdo a tus respuestas tu graduación corrige tu disminución visual, si deseas puedes solicitar una cita para realizarte una evaluación básica de tu agudeza visual. Te recomendamos visitar al oftalmólogo al menos una vez al año.', 3, 3, 8),
(12, 'AGUDEZA VISUAL DISMINUIDA CON LENTES', 'Te recomendamos visitar al oftalmólogo al menos una vez al año para realizar un examen de agudeza visual y determinar si la graduación de tus lentes corrige tu problema visual.', 3, 2, 5),
(13, 'AGUDEZA VISUAL LIMITROFE SIN LENTES', 'Es importante visitar al oftatalmólogo una vez al año para verificar que tu vista se encuentre normal, además evaluar la presión de ambos ojos y prevenir el glaucoma, afección que aumenta si tienes padres ó abuelos con esta condición.', 3, 3, 6),
(14, 'AGUDEZA VISUAL NORMAL', 'De acuerdo a tus resultados tienes una agudeza visual normal, es recomendable hacerte un chequeo una vez al año con el oftalmólogo para evaluar tu vista cercana, lejana y la presión intraocular.', 3, 3, 9),
(16, 'AGUDEZA VISUAL LIMITROFE CON LENTES', 'Te recomendamos solicitar una cita a consulta externa ó al oftalmólogo para realizar un examen de agudeza visual y determinar si la graduación de tus lentes es la adecuada.', 3, 2, 7),
(17, 'DOLOR CABEZA TENSIONAL', 'Presentas dolor de cabeza, el cual de acuerdo a tus respuestas, es debido a situaciones de estrés, te recomendamos asistir a los talleres de relajación de psicología y te invitamos que consultes con nuestros técnicos deportivos para que puedas iniciarte ó continuar con alguna práctica deportiva de tu preferencia.', 3, 3, 1),
(18, 'MIOPIA-ASTIGMATISMO', 'Es el problema más frecuente que afecta la vista.  Te aconsejamos consultar al oftalmólogo al menos una vez al año para revisar tu graduación. Una buena vista ayuda a que tengas un mayor tiempo de lectura y de manera indirecta un mejor rendimiento en tus estudios.', 3, 3, 10),
(19, 'MIOPIA', 'Es la dificultad para leer ó visualizar objetos cercanos, es recomendable revisar la graduación cada año, si ya tienes mas de ese tiempo te invitamos a que consultes a tu oftalmologo de tu preferencia.', 3, 2, 11),
(20, 'ASTIGMATISMO', 'Esta condición te ocasiona visión borrosa, la cual debe ser corregida con lentes, si no los estás usando ó sientes que no te ayudan, te recomendamos visitar al especialista de los ojos para que corriga el problema.', 3, 2, 12),
(22, 'AUDICION NORMAL', 'Tienes una audición normal, es importante cuidar tus oídos ya que son muy susceptibles a dañarse y presentar problemas de ruidos ó sordera luego de varios años de uso de audífonos, exposicón a ruidos excesivos, musica de discotecas, etc.', 3, 3, 15),
(23, 'HIPOACUSIA', 'Probablemente tienes problemas de audición, te recomendamos acudir con un otorrinolaringólogo, especialista de los oídos para determinar si tienes ó no algun daño en tus oídos e iniciar alguna intervención y evitar complicaciones a largo plazo. Si ya has ido, es importante seguir sus recomendaciones, evitar el ruido excesivo, uso de audífonos con mucho volumen, utilizar tapones protectores si trabajas con maquinaria industrial.', 3, 4, 13),
(24, 'SORDERA', '', 3, 1, 14),
(25, 'PROBABLE TAPON DE CERUMEN', 'Sí acumulas cerumen, te han lavado los oídos anteriormente, te recomendamos visitar la consulta externa de nuestra unidad para revisarte los conductos auditivos y determinar si es necesario ó no efectuarte un lavado de oídos. El exceso de cerumen provoca dolor y simula infecciones, también disminuye tu capacidad auditiva.', 3, 2, 16),
(27, 'ALERGIA AL POLVO', 'Es importante evitar el polvo, humedad, pelos de animales, polen de plantas.  Esto minimizará la aparición de molestias tales como moquera, tapazón y picazón de nariz.  Es recomendable no utilizar medicamentos por tiempo prolongado ya que estos podrían ocasionar un aumento de los síntomas.', 29, 2, 0),
(29, 'ALERGIA A LOS MARISCOS', '', 29, 1, 0),
(31, 'ALERGIA AL CERDO', '', 29, 1, 0),
(33, 'ALERGIA AL FRIO', '', 29, 1, 0),
(37, 'ALERGIA A LA PENICILINA', '', 29, 1, 0),
(39, 'ALERGIA AL SOL', 'Te recomendamos evitar la exposición continua al sol, si no puedes evitarlo, utilizar un bloqueador solar sobre la piel expuesta.  Si hacer ejercicio, vas a nadar, deberias practicarlos antes de las 11:00 de la mañana y después de las 15:00 horas.', 29, 3, 0),
(44, 'PROBABLE INFECCION', 'Si tienes frecuentemente dolores y ardores al orinar, podría ser debido a un consumo bajo de agua ó a una probable infección urinaria.  Te recomendamos pedir una cita a consulta externa para realizarte los examenes pertinentes para confirmar ó descartar la infección.', 30, 1, 0),
(46, 'CÁLCULOS DEL RIÑON', 'Los cálculos del riñon más frecuentes son por calcio y en segudno lugar por ácido úrico. Si padeces de este problema seguramente ya estás en tratamiento. Vale la pena recordarte que la dieta es fundamental para que no se produzcan cálculos. Si deseas una mejor orientación sobre tu dieta puedes hacer una cita a nutrición, clínica 22.', 30, 1, 0),
(47, 'PROBLEMA DE TESTICULO', 'Los problemas más frecuentes del testículo son debidos a acumulación de líquido, quistes, problemas con las venas ó arterial y en niños se observa que el testículo no ha descendido hacia la bolsa escrotal. Si te han operado por alguna de estas causas, te recomendamos indicarle al medico cada vez que te haga un chequeo general ya que es un dato importante de tu historial clínico.', 30, 1, 0),
(48, 'FLUJO VAGINAL', 'El flujo vaginal, es normal que se presente previo a tu periódo menstrual, no tiene olor ni color.  Presentar un flujo blanquecino ó amarillento con mal olor y picazón es motivo para consultar a un médico. Si presentas alguna molestia de este tipo podrías solicitar una cita a la clínica de la mujer de esta unidad para examinarte.', 30, 1, 0),
(49, 'MENSTRUACION IRREGULAR', '', 30, 1, 0),
(50, 'DOLOR MENSTRUAL', 'El dolor abdominal bajo es frecuente en un alto porcentaje de jóvenes, pero sí  te impide realizar tus actividades rutinarias y se asocia a un sangrado excesivo e irregular, te aconsejamos que solicites una cita a la clinica de la mujer con nosotros ó a un ginecólogo de tu confianza para realizarte un chequeo.', 30, 1, 0),
(51, 'QUISTES DE OVARIO', 'Es común identificar quistes de ovario en jovenes, pero sí además tienes uno ó varios  de los siguientes signos ó síntomas:  \nperíodos menstruales irregulares, piel grasosa, sobrepeso, acné, aumento de vello en cara, brazos ó piernas, te aconsejamos que solicites una cita a consulta externa ó visites a un medico de confianza para realizarte un chequeo.', 30, 1, 0),
(53, 'PROBABLE ENFERMEDAD PEPTICA', 'De acuerdo a tus respuestas tienes una probablidad alta de tener un problema gástrico, es importante que visites al medico para un diagnóstico y tratamiento.  La consulta externa de Unidad de Salud está para servirte si así lo deseas.', 19, 3, 0),
(54, 'ENFERMEDAD PÉPTICA', 'Este es un nombre que se le da a un problema del estómago que se ha determinado solamente por el examen clínico, por lo regular es una gastrítis o úlcera. El diagnóstico definitivo deberá hacerce por medio de una endoscopía.\nPara mejorar los síntomas es importante evitar irritantes tales como aguas carbonatadas, comida rápida, cigarrillos, alcohol, comidas abundantes principalmente por la noche.\nSi tienes dudas consulta con nosotros.', 19, 2, 0),
(56, 'DIARREA CRÓNICA', 'Si tienes diarrea por más de 2 ó 3 semanas o intermitentemente, embotamiento, dolor de estómago, te recomendamos solicitar una cita a consulta externa de nuestra unidad para examinarte y estudiar la causa del problema.', 19, 3, 0),
(57, 'CONSTIPACIÓN', 'Sí tienes dificultad para defecar, te recomendamos consumir frutas y verduras TODOS LOS DIAS, hacer actividad fisica deportiva al menos 3 veces a la semana y consumir al menos 8 vasos de agua al día.\nEl estreñimiento crónico es causa de cáncer depués de los 40 años. Si tienes problemas en tu dia a dia puedes solicitar cita en consulta externa de nuestra dependencia para iniciar los estudios y considerar el tratamiento.', 19, 2, 0),
(58, 'ÚLCERA GÁSTRICA', 'La úlcera gástrica ocasiona dolor en la boca del estómago, sensación de vacío y deseos de consumir alimentos constantemente.  La única manera de diagnosticarla con precisión es realizando una endoscopía.  Evita irritantes tales como: cigarrillos, alcohol, comida rápida, aguas carbonatadas, estas son medidas complementarias que aumentarán la efectividad del tratamiento medico.', 19, 4, 0),
(59, 'REFLUJO GASTROESOFÁGICO', 'Dolor y ardor en la boca del estomago constante, acidez ó regurgitaciones ácidas son síntomas del reflujo.\nEs importante consumir frutas y verduras, evitar el consumo excesivo de: Irritantes tales como aguas carbonatadas, comida rápida, cigarrillos, alcohol.\nTe aconsejamos no tomar siestas luego da haber consumido alimentos ó ir a domir antes de 2 ó 3 horas luego de la cena.\nAcude al especialista si aún no tienes un diagnostico definido.', 19, 4, 0),
(60, 'DOLOR MUSCULAR MODERADO', 'El dolor de espalda ó cuello podría deberse a la postura al sentarse, situaciones estresantes como exámenes, problemas familiares, sentimentales, económicos, etc. Te recomendamos practicar algún deporte para mejorar la estructura de tus músculos, si el dolor te dificultad tu actividad diaria, acude a la consulta externa para se evaluado por el medico de la consulta externa.', 20, 4, 0),
(61, 'DOLOR MUSCULAR LEVE', 'El dolor de espalda ó cuello podría deberse a la postura al sentarse, situaciones estresantes como exámenes, problemas familiares, sentimentales, económicos, etc. Te recomendamos practicar algún deporte para mejorar la estructura de tus músculos.', 20, 3, 0),
(63, 'FUMADOR', '', 31, 1, 0),
(64, 'EX FUMADOR', '', 31, 1, 0),
(65, 'NO FUMADOR', '', 31, 1, 0),
(66, 'CONSUMO DE BEBIDA EN  ALTO RIESGO', '', 31, 1, 0),
(67, 'CONSUMO DE BEBIDA EN RIESGO', '', 31, 1, 0),
(68, 'CONSUMO BEBIDA SOCIAL', '', 31, 1, 0),
(69, 'NO BEBEDOR(A)', '', 31, 1, 0),
(70, 'EJERCICIO ADECUADO', '', 31, 1, 0),
(71, 'EJERCICIO INADECUADO', '', 31, 1, 0),
(72, 'EJERCICIO DEFICIENTE', '', 31, 1, 0),
(73, 'CONSUME ALGUN TIPO DE DROGAS', '', 31, 1, 0),
(75, 'CONDUCTA SEGURA', 'Te felicitamos por tener una vida sexual segura, tener una pareja y utilizar preservativo te ayudará a evitar infecciones de transmición sexual, muchas de ellas pasan inadvertidas, si deseas mayor información puedes acudir al Programa de información en vida saludable, clínica 5 de la Unidad de Salud.', 25, 3, 0),
(76, 'CONDUCTA DE RIESGO', 'No utilizar preservativo es un riesgo para contagiarse de enfermedades de transmición sexual,  varias de ellas no dan señales de estar infectado. Otra complicación frecuente entre estudiantes de nuestra universidad son los embarazos no planificados, afectado el futuro académico de ellos.  Además el tener más de una pareja complica la situación, te invitamos a que te orientes con nosotros sobre sexualidad, acude a la clínica 5 para que podamos informarte al repecto.', 25, 4, 0),
(77, 'CONDUCTA DE ALTO RIESGO', 'No utilizar preservativo es un riesgo para diversas enfermedades de transmición sexual,  varias de ellas no necesariamente te dan señales que estás infectado. Otra complicación frecuente entre estudiantes de nuestra universidad son los embarazos no planificados, afectado el futuro académico de ellos.  Además el tener más de una pareja complica la situación, te invitamos a que te orientes con nosotros sobre sexualidad, acude a la clínica 5 para que podamos informarte al repecto.', 25, 4, 0),
(78, 'NO VIDA SEXUAL', 'Si deseas obtener información y orientación sobre sexualidad puedes acudir al Progama de Información en Vida Saludable de la Unida de Salud, clínica 5.', 25, 2, 0),
(79, 'APENDICECTOMIA', '', 32, 1, 0),
(80, 'COLECISTECTOMIA', '', 32, 1, 0),
(81, 'CIRUGIA DE TESTICULO', '', 32, 1, 0),
(82, 'POSTATECTOMIA', '', 32, 1, 0),
(83, 'CIRUGIA DE OVARIO', '', 32, 1, 0),
(85, 'FUMADOR, MAYOR ADICCIÓN', '', 31, 1, 0),
(86, 'DIETA BALANCEADA', 'Felicitaciones.\nMenos del 10 por ciento de los estudiantes que ingresan a la U, tienen una dieta balanceada, de acuerdo a las recomendaciones de la Organización Mundial de la Salud, debemos consumir al menos 3 frutas por día y 2 porciones ó más de verduras es requisito principal para una dieta balanceada.', 26, 2, 7),
(87, 'DIETA DESBALANCEADA', 'La Organización Mundial de la Salud, recomienda consumir frutas y verduras TODOS LOS DIAS, seguramente te hace falta mejorar esta recomendación. La mayoría de personas que siguen esta recomendación no tienen sobrepeso, no tienen problemas de salud y las probabilidades de desarrollar diabetes, presión arterial elevada, cáncer y otras enfermedades son mínimas.  Te invitamos a que adquieras este buen hábito. Sí deseas mayor información acude a la clínica 22 de nutrición.', 26, 2, 5),
(90, 'DIETA MUY DESBALANCEADA', 'La Organización Mundial de la Salud, recomienda consumir frutas y verduras TODOS LOS DIAS, seguramente no sigues esta recomendación. La mayoría de personas que siguen esta recomendación no tienen sobrepeso, no tienen problemas de salud y las probabilidades de desarrollar diabetes, presión arterial elevada, cáncer y otras enfermedades son mínimas.  Te invitamos a que adquieras este buen hábito. Sí deseas mayor información y control de tu peso acude a la clínica 22 de nutrición.', 26, 2, 6),
(92, 'CONSUMO DE FRUTAS ADECUADO', 'FELICITACIONES, eres de las pocas personas que consume frutas diariamente, lo cual hace que tu organismo haga menos esfuerzo para metabolizar los alimentos.', 26, 2, 10),
(93, 'CONSUMO DE FRUTAS DEFICIENTE', 'La recomendación mundial es que debemos consumir al menos 3 frutas al día, te invitamos a que lo hagás ya que sabemos que las personas que no lo hacen aumentan el riesgo de padecer cáncer de colon.', 26, 2, 9),
(94, 'NO CONSUMO FRUTAS', 'Las frutas son fundamentales en la dieta ya que aportan micronutrientes importantes para tu organismo, además brindan un aporte importante de fibra, la cual ayuda a no sufrir de estreñimiento. Sabemos que aquellas personas con bajo consumo de frutas con estreñimiento aumentan el riesgo de cáncer de colon.  Consume al menos 3 frutas diariamente ya que actualmente no lo haces.', 26, 2, 8),
(95, 'ALTO CONSUMO DE AZUCARES SIMPLES', 'Consumir en exceso, dulces, pasteles, aguas gaseosas, helados,  te aumentan las probabilidades de subir de peso y sufrir en un futuro de diabetes ó elevación de la presión arterial. Sabemos que reduciendo el consumo de este tipo de alimentos, mejorarás tu peso y tu comportamiento. Si necesitas mayor información visita la clínica 22 de nutrición', 26, 3, 21),
(96, 'CONSUMO MODERADO DE GRASAS TRANS', 'Las grasas trans son compuestos industriales que normalmente no reconoce nuestro cuerpo, estan presentes principalmente en frituras, margarinas y casí todos los productos industriales. Se consideran responsables del sobrepeso, desarrollo de diabetes, infartos y otras enfermedades del adulto.  Si deseas mayor información visista la clínica 22 de nutrición.', 26, 2, 18),
(97, 'CONSUMO DE AGUA ADECUADO', '', 26, 1, 16),
(98, 'CONSUMO DE AGUA DEFICIENTE', 'Recuerda que nuestro cuerpo es 60 por ciento agua. Debes consumir al menos 8 vasos de agua al dia.  Si bebes poca agua podrías presentar dolores de cabeza, irritabilidad, falta de concentración, dolores musculares.', 26, 2, 15),
(99, 'CONSUMO DE AGUA MUY DEFICIENTE', 'Recuerda que nuestro cuerpo es 60 por ciento agua. Debes consumir al menos 8 vasos de agua al dia.  Si bebes poca agua podrías presentar dolores de cabeza, irritabilidad, falta de concentración, dolores musculares.', 26, 2, 14),
(100, 'HABITO ALIMENTICIO INADECUADO EN LA CENA', 'Es importante hacer el desayuno, almuerzo y cena, para un adecuado funcionamiento del organismo. Sabemos que un alto porcentaje de estudiantes universitarios tiene desayunos y almuerzos deficientes y la cena es el mejor tiempo de comida.  Hemos observado una mayor probabilidad de sobrepeso y mayor probabilidad de desarrollar diabetes, presión arterial elevada y otras enfermedades. Te invitamos a que acudas a la clínica de nutrición para que tengas una adecuada orientación al respecto.', 26, 2, 22),
(101, 'OBESIDAD', 'Las personas con obesidad tienen una alta probabilidad de padecer diabetes y/ó presión elevada depués de los 40 años, esta probabilidad aumenta si tienes un padre ó abuelo con esas condiciones.  Nuestro objetivo es informarte y orientarte al respecto. Es importante que acudas a la clínica de nutrición (No 22) y a la clínica de deporte (No 23) para orientarte e indicarte los pasos adecuados para reducir el riesgo.', 26, 2, 1),
(102, 'SOBREPESO', 'Actualmente sabemos que tener sobrepeso aumenta la probabilidad de padecer a los 40 ó más años de diabetes, presión arterial elevada u otras enfermedades del adulto.\nTe recomendamos hacer ejercicio y mejorar tus hábitos nutricionales, el programa de actividad física (clínica 23) y el programa de nutrición (clínica 23) pueden ayudarte a reducir de peso y disminuir las probabilidades de enfermar en el futuro.', 26, 2, 2),
(103, 'PESO NORMAL', 'Más de la mitad de los estudiantes que ingresan a la U, suben de peso durante su periódo de universidad, te recomendamos hacer ejercicio y tener una alimentación basada en verduras y frutas, principalmente si tienes tendencia a subir de peso, tienes padres ó abuelos con diabetes ó presión arterial elevada. Si deseas mayor información de que tipo de ejercicio realizar ó mejorar tus hábitos alimencios puedes visitar las clínicas 23 y 22.', 26, 4, 3),
(104, 'BAJO PESO', 'El bajo peso en estudiantes universitarios, de acuerdo a nuestro control epidemiológico, es debida a la herencia, seguramente tu papá ó mamá son ó fueron delgados en algún momento de su vida.  Si tienes deseos de subir de peso, puedes solicitar una cita a Nutrición, clínica No 22.', 26, 3, 4),
(105, 'ASMA BRONQUIAL', '', 32, 1, 0),
(106, 'RINITIS ALÉRGICA', '', 32, 1, 0),
(108, 'DISCAPACIDAD (SORDERA,CEGUERA,BRAZOS,PIERNAS)', '', 32, 1, 0),
(109, 'CONVULSIONES', '', 32, 1, 0),
(110, 'GONORREA', '', 32, 1, 0),
(111, 'SIFILIS', '', 32, 1, 0),
(112, 'HEPATITIS B', '', 32, 1, 0),
(113, 'VIRUS DEL PAPILOMA HUMANO', '', 32, 1, 0),
(114, 'ULCERA GÀSTRICA O DUODENAL', '', 32, 1, 0),
(115, 'REFLUJO GASTROESOFÀGICO', '', 32, 1, 0),
(116, 'SOBREPESO/OBESIDAD', '', 32, 1, 0),
(117, 'OPERARON DEL APÉNDICE', '', 32, 1, 0),
(118, 'OPERARON DE LA VESÌCULA BILIAR', '', 32, 1, 0),
(119, 'USO DE ANTICONCEPTIVOS', '', 32, 1, 0),
(120, 'QUISTES EN MIS OVARIOS', '', 32, 1, 0),
(121, 'MASAS EN MAMAS', '', 32, 1, 0),
(122, 'EMBARAZO', '', 32, 1, 0),
(123, 'HE ESTADO EMBARAZADA', '', 32, 1, 0),
(124, 'DALTONISMO', '', 32, 1, 0),
(125, 'ACNE', '', 32, 1, 0),
(126, 'MADRE CON DIABETES', '', 33, 1, 0),
(127, 'PADRE CON DIABETES', '', 33, 1, 0),
(128, 'ABUELOS CON DIABETES', '', 33, 1, 0),
(129, 'ABUELAS CON DIABETES', '', 33, 1, 0),
(130, 'YO TENGO DIABETES', '', 33, 1, 0),
(131, 'MADRE CON PRESIÓN ALTA', '', 33, 1, 0),
(132, 'PADRE CON PRESIÓN ALTA', '', 33, 1, 0),
(133, 'ABUELOS CON PRESIÓN ALTA', '', 33, 1, 0),
(134, 'ABUELAS CON PRESIÓN ALTA', '', 33, 1, 0),
(135, 'YO TENGO PRESIÓN ALTA', '', 33, 1, 0),
(136, 'MADRE CON DERRAME CEREBRAL', '', 33, 1, 0),
(137, 'PADRE CON DERRAME CEREBRAL', '', 33, 1, 0),
(138, 'ABUELOS CON DERRAME CEREBRAL', '', 33, 1, 0),
(139, 'ABUELAS CON DERRAME CEREBRAL', '', 33, 1, 0),
(140, 'YO TENGO DERRAME CEREBRAL', '', 33, 1, 0),
(141, 'MADRE CON INFARTO CARDIACO', '', 33, 1, 0),
(142, 'PADRE CON INFARTO CARDIACO', '', 33, 1, 0),
(143, 'ABUELOS CON INFARTO CARDIACO', '', 33, 1, 0),
(144, 'ABUELAS CON INFARTO CARDIACO', '', 33, 1, 0),
(145, 'YO TENGO INFARTO CARDIACO', '', 33, 1, 0),
(146, 'MADRE CON CÁNCER', '', 33, 1, 0),
(147, 'PADRE CON CÁNCER', '', 33, 1, 0),
(148, 'ABUELOS CON CÁNCER', '', 33, 1, 0),
(149, 'ABUELAS CON CÁNCER', '', 33, 1, 0),
(150, 'ABUELAS CON CÁNCER', '', 33, 1, 0),
(151, 'YO TENGO CÁNCER', '', 33, 1, 0),
(152, 'MADRE CON VIH/SIDA', '', 33, 1, 0),
(153, 'PADRE CON VIH/SIDA', '', 33, 1, 0),
(154, 'ABUELOS CON VIH/SIDA', '', 33, 1, 0),
(155, 'ABUELAS CON VIH/SIDA', '', 33, 1, 0),
(156, 'YO TENGO VIH/SIDA', '', 33, 1, 0),
(157, 'FUMADOR', 'Seguramente no te ha pasado por la cabeza dejar de fumar.  Es importante que sepás que fumar afecta todo tu organismo, además de todo lo que sabes sobre el cigarrillo, debes saber podría poducir en un futuro próximo, impotencia sexual, envejecimiento prematuro, caída de dientes, infertilidad, abortos ó retraso en el crecimiento del bebe intrautero.  A largo plazo infartos derrames cerebrales ó cancer. Sí haz pensado dejarlo acude con nosotros para orientarte y ayudarte a dejarlo.', 21, 4, 0),
(158, 'EX FUMADOR', 'Felicitaciones por tomar la decisión de dejar este mal hábito.\nEs importante que evites el humo de segunda mano ya que es igual de dañino que fumar.  El tabaco provoca en gente joven impotencia sexual, envejecimiento prematura y al largo endurecimiento y obstrucción de los vasos sanguíneos, lo cual provoca infartos, derrames cerebrales, daño en los riñones, amputaciones y otros problemas en todo el organismo.', 21, 4, 0),
(159, 'NO FUMADOR', 'Felicitaciones por no tener este mal hábito, solo te recordamos que convivir con fumadores (amigos, parientes, compañeros de trabajo) existe el riesgo a la exposición del humo de segunda mano, el cual es igualmente dañino para tu salud.  El cigarro contiene más de 4,000 venenos, los que provocan en gente joven impotencia sexual, envejecimiento prematuro, caries y pérdida temprana de dientes, a largo plazo infartos, derrames cerebrales, amputaciones y otras complicaciones en todo el organismo.', 21, 4, 0),
(160, 'NO CONSUMO ALCOHOL', 'Felicitaciones, no beber licor es una opción de vida saludable, continúa siempre con esta sana decisión. El consumo de licor es un problema en estudiantes de nuestra universidad, nuevamente felicitaciones.', 22, 2, 0),
(161, 'CONSUMO DE ALCOHOL SOCIAL', 'Beber socialmente no afecta tu vida personal, sentimental, familiar ó académica.  Sin embargo hay que tener prudencia al consumir bebidas alcohólicas, cualquier cambio en tu frecuencia de consumo es una alerta para solicitar orientación ó ayuda, la cual podemos brindarte aquí en la Unidad de Salud.', 22, 3, 0),
(162, 'CONSUMO DE ALCOHOL DE RIESGO MODERADO', 'De acuerdo a tus respuestas el consumo de licor podría en algún momento afectar diversos aspectos de tu vida, en un futuro cercano, tu rendimiento académico, si sientes que el consumo de licor lo está afectando, es importante que acudas con nosotros para brindarte orientación al respecto.', 22, 3, 0),
(163, 'CONSUMO DE ALCOHOL DE ALTO RIESGO', 'El consumo de licor esta afectado uno ó varios ámbitos de tu vida.  Es importante que solicites ayuda u orientación al respecto con nosotros ó personas de tu confianza.', 22, 2, 0),
(164, 'SEDENTARIO', 'El tiempo que dedicas en tu vida para hacer algún tipo de ejercicio es muy bajo.  Está demostrado que hacer ejercicio previene la diabetes, elevación de la presión arterial, retarda el envejecimiento y otras condiciones ocasionadas por el deterioro de nuestro cuerpo. Te invitamos a que preguntes por los programas de actividad física que la Unidad de Salud te brinda de manera gratuíta. Acude a la clínica 23 para mayor información.', 23, 2, 0),
(165, 'EJERCICIO DEFICIENTE', 'Haces ejercicio, sin embargo es importante que sepás que las recomendaciones mundiales nos dicen que deberiamos hacer al menos 150 minutos de ejercicio a la semana para tener un organismo saludable. Te invitamos a que conozcas los programas que la Unidad de Salud tiene para tí, solicita información en la clínica 23.', 23, 2, 0),
(166, 'EJERCICIO ADECUADO', 'Sí haces más de 3 días de ejercicio a la semana, seguramente estás cumpliendo con las recomendaciones de la Organización Mundial de la Salud.  Recuerda que hacer ejercicio mejora tu calidad de vida, previene la diabetes, la elevación de la presión arterial, impotencia sexual y el envejecimiento prematuro.  Sí deseas información de los programas de ejercicio que tiene la Unidad de Salud, acude a la clínica 23 para mayor información.', 23, 2, 0),
(167, 'CONSUMO DROGRAS', 'El consumo de drogas podría afectar tu salud y tu rendimiento académico, te invitamos a buscar información y orientación en la clínica 5 (PPIVS).', 24, 2, 0),
(168, 'CONSUMO DE VERDURAS MODERADO', 'Debes consumor verduras TODOS LOS DIAS, de acuerdo a la recomendacion de la OMS. Sin embargo si consumes 4 ó 5 veces a la semana al menos 2 ó 3 porciones de verduras, es un hábito que beneficia a tu organismo.', 26, 2, 11),
(169, 'CONSUMO DE VERDURAS DEFICIENTE', '', 26, 2, 12),
(170, 'CONSUMO DE VERDURAS ADECUADO', '', 26, 2, 13),
(171, 'CONSUMO EXCESIVO DE GRASAS TRANS', '', 26, 2, 17),
(172, 'BAJO CONSUMO DE GRASAS TRANS', '', 26, 1, 20),
(173, 'CONSUMO MODERADO DE GRASAS TRANS', '', 26, 1, 21),
(174, 'BAJO CONSUMO DE GRASAS TRANS', '', 26, 2, 22);

-- --------------------------------------------------------

--
-- Estructura de tabla para la tabla `tipo_interpretacion`
--

CREATE TABLE IF NOT EXISTS `tipo_interpretacion` (
  `idtipo_interpretacion` int(10) NOT NULL AUTO_INCREMENT,
  `descripcion` varchar(100) NOT NULL,
  `orden` int(11) NOT NULL,
  PRIMARY KEY (`idtipo_interpretacion`)
) ENGINE=InnoDB  DEFAULT CHARSET=utf8 AUTO_INCREMENT=34 ;

--
-- Volcado de datos para la tabla `tipo_interpretacion`
--

INSERT INTO `tipo_interpretacion` (`idtipo_interpretacion`, `descripcion`, `orden`) VALUES
(3, 'CABEZA', 0),
(4, 'TIPO DE DOLOR DE CABEZA', 0),
(5, 'AGUDEZA VISUAL', 0),
(6, 'YA SABEN CUAL ES SU DEFICIENCIA / AGUDEZA VISUAL', 0),
(7, 'AUDICION', 0),
(8, 'TAPON DE CERUMEN', 0),
(9, 'ALERGIA AL POLVO', 0),
(10, 'ALERGIA A MARISCOS', 0),
(11, 'ALERGIA AL CERDO', 0),
(12, 'ALERGIA AL FRIO', 0),
(13, 'ALERGIA A LA PENICILINA', 0),
(14, 'ALERGIA AL SOL', 0),
(16, 'PROBLEMAS URINARIOS', 0),
(17, 'PROBLEMAS TESTICULARES', 0),
(18, 'PROBLEMAS GINECOLOGICOS', 0),
(19, 'GASTROINTESTINAL', 0),
(20, 'MUSCULOESQUELETICO', 0),
(21, 'TABAQUISMO', 0),
(22, 'CONSUMO DE ALCOHOL', 0),
(23, 'ACTIVIDAD FISICA', 0),
(24, 'CONSUMO DE DROGAS', 0),
(25, 'CONDUCTA SEXUAL', 0),
(26, 'NUTRICION', 0),
(27, 'RIESGO DE PADECER DIABETES', 0),
(28, 'CIRUGIAS PREVIAS', 0),
(29, 'ALERGIAS', 0),
(30, 'GENITOURINARIO', 0),
(31, 'HABITOS DE VIDA', 0),
(32, 'ANTECEDENTES PERSONALES', 0),
(33, 'ANTECEDENTES FAMILIARES', 0);

-- --------------------------------------------------------

--
-- Estructura de tabla para la tabla `tipo_pregunta`
--

CREATE TABLE IF NOT EXISTS `tipo_pregunta` (
  `idtipo_pregunta` int(10) NOT NULL AUTO_INCREMENT,
  `descripcion` varchar(100) NOT NULL,
  `idgrupo` int(11) DEFAULT NULL,
  PRIMARY KEY (`idtipo_pregunta`),
  UNIQUE KEY `idgrupo` (`idgrupo`),
  KEY `FKtipo_pregu253906` (`idgrupo`)
) ENGINE=InnoDB  DEFAULT CHARSET=utf8 AUTO_INCREMENT=10 ;

--
-- Volcado de datos para la tabla `tipo_pregunta`
--

INSERT INTO `tipo_pregunta` (`idtipo_pregunta`, `descripcion`, `idgrupo`) VALUES
(1, 'Campo Numerico', NULL),
(2, 'Campo Cadena', NULL),
(3, 'Opcion Diferentes', NULL),
(4, 'Siempre, Frecuentemente, Ocasionalmente, No', 1),
(5, 'A diario, 1 a 3 Veces/Semana, Ocasionalmente, No', 2),
(6, 'Muy pasado(a) de peso, Pasado(a) de peso, Bien de peso, Bajo(a) de peso', 3),
(7, 'SI, NO', 4),
(8, 'Grupo Familiar', 5),
(9, 'Siempre, A veces, Nunca', 6);

-- --------------------------------------------------------

--
-- Estructura de tabla para la tabla `tipo_sangre`
--

CREATE TABLE IF NOT EXISTS `tipo_sangre` (
  `idtipo_sangre` int(11) NOT NULL AUTO_INCREMENT,
  `nombre` varchar(100) NOT NULL,
  PRIMARY KEY (`idtipo_sangre`)
) ENGINE=InnoDB  DEFAULT CHARSET=utf8 AUTO_INCREMENT=10 ;

--
-- Volcado de datos para la tabla `tipo_sangre`
--

INSERT INTO `tipo_sangre` (`idtipo_sangre`, `nombre`) VALUES
(1, 'O POSITIVO'),
(2, 'O NEGATIVO'),
(3, 'B POSITIVO'),
(4, 'B NEGATIVO'),
(5, 'A NEGATIVO'),
(6, 'A POSITIVO'),
(8, 'AB NEGATIVO'),
(9, 'NO SE');

-- --------------------------------------------------------

--
-- Estructura de tabla para la tabla `titulo_respuesta`
--

CREATE TABLE IF NOT EXISTS `titulo_respuesta` (
  `idtitulo_respuesta` int(11) NOT NULL AUTO_INCREMENT,
  `descripcion` varchar(100) NOT NULL,
  PRIMARY KEY (`idtitulo_respuesta`)
) ENGINE=InnoDB  DEFAULT CHARSET=utf8 AUTO_INCREMENT=102 ;

--
-- Volcado de datos para la tabla `titulo_respuesta`
--

INSERT INTO `titulo_respuesta` (`idtitulo_respuesta`, `descripcion`) VALUES
(1, 'Siempre'),
(2, 'Frecuentemente'),
(3, 'Ocasionalmente'),
(4, 'No'),
(5, 'A diario'),
(6, '1 a 5 Veces/Semana'),
(7, 'Muy pasado(a) de peso'),
(8, 'Pasado(a) de peso'),
(9, 'Bien de peso'),
(10, 'Bajo(a) de peso'),
(11, 'Si'),
(12, 'Madre'),
(13, 'Padre'),
(14, 'Abuelos'),
(15, 'Abuelas'),
(16, 'Yo'),
(17, 'A Veces'),
(18, 'Nunca'),
(36, 'Hogar Completo'),
(37, 'Falta del padre por fallecimiento'),
(38, 'Falta del padre por divorcio o separación'),
(39, 'Falta de la madre por fallecimiento'),
(40, 'Falta de la madre por divorcio o separacion'),
(41, 'Falta de ambos padres'),
(42, 'Falta del conyuge por fallecimiento'),
(43, 'Falta de conyuge por divorcio o separacion'),
(44, 'Hogar reintegrado'),
(45, 'Ambos padres'),
(46, 'Cónyuge'),
(47, 'Estudiante'),
(48, 'Hnos.'),
(49, 'Suegros'),
(50, 'Otro'),
(51, 'Casa de sus padres'),
(52, 'Casa de otro familiar'),
(53, 'Casa propia'),
(54, 'Casa alquilada'),
(55, 'Casa de familia'),
(56, 'Casa de huéspedes o pension'),
(57, 'Asma Bronquial'),
(58, 'Rinitis Alérgica'),
(59, 'Migraña'),
(60, 'Convulsiones'),
(61, 'Gonorrea'),
(62, 'Sifilis'),
(63, 'Hepatitis b'),
(64, 'Virus del papiloma humano'),
(65, 'Craneo'),
(66, 'Nariz'),
(67, 'Clavícula'),
(68, 'Hombro'),
(69, 'Brazo'),
(70, 'Antebrazo'),
(71, 'Puño'),
(72, 'Mano'),
(73, 'Dedos'),
(74, 'Pierna'),
(75, 'Pie'),
(76, 'Antidepresivos'),
(77, 'Depresores del apetito'),
(78, 'Antiepilépticos'),
(79, 'Cortisona'),
(80, 'Tabletas para diabetes'),
(81, 'Tabletas para dolor de cabeza'),
(82, 'Píldoras para dormir'),
(83, 'Diazepan'),
(84, 'Librium'),
(85, 'Valium'),
(86, 'Mogadon'),
(87, 'Frisium'),
(88, 'etc'),
(89, 'De 1 a 4 horas'),
(90, 'De 5 a 8 horas'),
(91, 'Más de 8 horas'),
(92, 'Práctica deportiva'),
(93, 'Observador deportes'),
(94, 'Practicando arte'),
(95, 'Observando arte'),
(96, 'Televisión o cine'),
(97, 'Música'),
(98, 'Baile'),
(99, 'Meditación'),
(100, 'Lectura'),
(101, 'No aplica');

-- --------------------------------------------------------

--
-- Estructura de tabla para la tabla `titulo_secundaria`
--

CREATE TABLE IF NOT EXISTS `titulo_secundaria` (
  `idtitulo_secundaria` int(11) NOT NULL AUTO_INCREMENT,
  `nombre` varchar(150) NOT NULL,
  PRIMARY KEY (`idtitulo_secundaria`)
) ENGINE=InnoDB  DEFAULT CHARSET=utf8 AUTO_INCREMENT=183 ;

--
-- Volcado de datos para la tabla `titulo_secundaria`
--

INSERT INTO `titulo_secundaria` (`idtitulo_secundaria`, `nombre`) VALUES
(1, 'AUXILIAR DE ENFERMERA CON GRADO DE BACHILLER'),
(2, 'BACH CON ORIENT.TECNICA OCUP. EN ELECTRICIDAD Y SOLDADURA'),
(3, 'BACH CON ORIENT.TECNICA Y OCUP.CORTE Y CONFECCION Y ALIMENTO'),
(4, 'BACH INDUST Y PERITO EN DIBUJO DE ARQUITECTURA E INGENIERIA'),
(5, 'BACH. EN CC Y LL CON ORIENT. OCUP. EN MECANICA AUTOMOTRIZ'),
(6, 'BACH. EN CC.LL. CON ESPECIALIDAD EN SEGURIDAD CIUDADANA'),
(7, 'BACH. EN CIENCIAS CON ORIENTACION EN EDUC. PARA EL HOGAR'),
(8, 'BACH. EN CIENCIAS Y LETRAS CON ESPEC. EN MUSICA'),
(9, 'BACH. INDUSTRIAL Y PER. EN ELECTRONICA'),
(11, 'BACHILLER INDUST.Y PERITO EN CONSTRUCC Y DIBUJO COMPUTARIZA'),
(12, 'BACHILLER INDUSTRIAL Y PERITO EN CONSTRUCCION'),
(13, 'BACHILLERATO AGRICOLA Y COMPUTACION'),
(14, 'BACHILLERATO AGRO-INDUSTRIAL Y PERITO EN TECNICAS AZUCARERAS'),
(15, 'BACHILLERATO BILINGUE EN CIENCIAS Y HUMANIDADES'),
(16, 'BACHILLERATO EN ADMINISTRACION DE EMPRESAS'),
(17, 'BACHILLERATO EN ADMINISTRACION PUBLICA'),
(18, 'BACHILLERATO EN ADMON INDUST. Y PERITO EN ALGUNA ESPEC.'),
(19, 'BACHILLERATO EN ADMON. INDUS Y P. EN ELECTRICIDAD'),
(20, 'BACHILLERATO EN ADMON. INDUSTRIAL Y P. DIBUJO CONSTRUCCION'),
(21, 'BACHILLERATO EN AGRICULTURA'),
(22, 'BACHILLERATO EN CC Y LL Y PERITO EN MECANICA DE AVIACION'),
(23, 'BACHILLERATO EN CIENCIAS DE LA COMUNICACION'),
(24, 'BACHILLERATO EN CIENCIAS DE LA SALUD'),
(25, 'BACHILLERATO EN CIENCIAS Y HUMANIDADES'),
(26, 'BACHILLERATO EN CIENCIAS Y LETRA CON ORIENTA.EN COMPUTACION'),
(27, 'BACHILLERATO EN CIENCIAS Y LETRAS'),
(28, 'BACHILLERATO EN CIENCIAS Y LETRAS CON ORIENT EN AGRONOMIA'),
(29, 'BACHILLERATO EN CIENCIAS Y LETRAS CON ORIENTAC. EN MEDICINA'),
(30, 'BACHILLERATO EN CIENCIAS Y LETRAS POR MADUREZ'),
(31, 'BACHILLERATO EN CIENCIAS Y LETRAS Y AUXILIAR DE ENFERMERIA'),
(32, 'BACHILLERATO EN CIENCIAS Y LETRAS Y SECRETARIADO BILINGUE'),
(33, 'BACHILLERATO EN CIENCIAS Y LETRAS Y TECNICO EN LAB. CLINICO'),
(34, 'BACHILLERATO EN COMPUTACION'),
(35, 'BACHILLERATO EN COMPUTACION CON ORIENTACION CIENTIFICA'),
(36, 'BACHILLERATO EN COMPUTACION CON ORIENTACION COMERCIAL'),
(37, 'BACHILLERATO EN COMPUTACION CON ORIENTACION QUIMICA BIOLOGIA'),
(38, 'BACHILLERATO EN CONSTRUCCION'),
(39, 'BACHILLERATO EN CONSTRUCCION Y DIBUJO COMPUTARIZADO'),
(40, 'BACHILLERATO EN COSMETOLOGIA'),
(41, 'BACHILLERATO EN DIBUJO TECNICO Y CONSTRUCION CON COMPUTACION'),
(42, 'BACHILLERATO EN DIBUJO TECNICO Y DE CONSTRUCCION'),
(46, 'BACHILLERATO EN ELECTRICIDAD'),
(47, 'BACHILLERATO EN ELECTRONICA'),
(48, 'BACHILLERATO EN FILOSOFIA Y TEOLOGIA'),
(49, 'BACHILLERATO EN HOTELERIA Y HOGAR'),
(50, 'BACHILLERATO EN MECANICA AGRICOLA'),
(51, 'BACHILLERATO EN MECANICA GENERAL'),
(52, 'BACHILLERATO EN MERCADOTECNIA'),
(53, 'BACHILLERATO EN ODONTOLOGIA'),
(54, 'BACHILLERATO EN PUBLICIDAD'),
(55, 'BACHILLERATO EN RECURSOS NATURALES RENOVABLES'),
(56, 'BACHILLERATO EN TECNICAS PARA EL DESARROLLO COMUNITARIO'),
(57, 'BACHILLERATO EN TELECOMUNICACIONES'),
(58, 'BACHILLERATO EN TURISMO'),
(59, 'BACHILLERATO EN TURISMO CON ORIENTACION EN COMPUTACION'),
(60, 'BACHILLERATO EN TURISMO Y ADMINISTRACION EN HOTELES'),
(61, 'BACHILLERATO EN TURISMO Y LINEAS AEREAS'),
(62, 'BACHILLERATO INDUS Y PERITO EN COSTURA INDUSTRIAL'),
(63, 'BACHILLERATO INDUS Y PERITO EN RADIO Y TELEVISION'),
(64, 'BACHILLERATO INDUST Y PERITO EN ELECTRONICA DIGITAL Y MICROP'),
(65, 'BACHILLERATO INDUSTRIAL'),
(66, 'BACHILLERATO INDUSTRIAL FEMENINO DE ALTA COSTURA'),
(67, 'BACHILLERATO INDUSTRIAL Y PERITO CON ESP. EN DISE'),
(68, 'BACHILLERATO INDUSTRIAL Y PERITO CON ESPECIALIDAD EN COMPU.'),
(69, 'BACHILLERATO INDUSTRIAL Y PERITO EN DIBUJO COMPUTARIZADO'),
(70, 'BACHILLERATO INDUSTRIAL Y PERITO EN DIBUJO DE CONSTRUCCION'),
(71, 'BACHILLERATO INDUSTRIAL Y PERITO EN DISE'),
(72, 'BACHILLERATO INDUSTRIAL Y PERITO EN ELECTRICIDAD'),
(73, 'BACHILLERATO INDUSTRIAL Y PERITO EN ELECTRONICA'),
(74, 'BACHILLERATO INDUSTRIAL Y PERITO EN ELECTRONICA INDUSTRIAL'),
(75, 'BACHILLERATO INDUSTRIAL Y PERITO EN MECANICA AUTOMOTRIZ'),
(76, 'BACHILLERATO INDUSTRIAL Y PERITO EN UNA ESPECIALIDAD'),
(77, 'BACHILLERATO TECNICO BILINGUE'),
(78, 'BACHTO. EN CIENCIAS Y LETRAS Y SECRET. BILG.'),
(79, 'DIBUJO DE CONSTRUCCION CON ORIENTACION EN COMPUTACION'),
(80, 'MAESTRA DE EDUCACION PREPRIMARIA RURAL BILINGUE (CONADEP)'),
(81, 'MAESTRA DE EDUCACION PRIMARIA RURAL BILINGUE (CONADEP)'),
(82, 'MAESTRO DE EDUCACION PRIMARIA URBANA BILINGUE (ESPA'),
(83, 'MAGISTERIO BILINGUE CON ORIENTACIN EN DESARROLLO COMUNITARIO'),
(84, 'MAGISTERIO DE EDUC. PREPRIMARIA CON ORIENT. A LA DEMOCRACIA'),
(85, 'MAGISTERIO DE EDUC. PRIMARIA CON INSTRUCCION TECNICA'),
(86, 'MAGISTERIO DE EDUCACION INFANTIL BILINGUE INTERCULTURAL'),
(87, 'MAGISTERIO DE EDUCACION INFANTIL INTERCULTURAL'),
(88, 'MAGISTERIO DE EDUCACION PREPRIMARIA BILINGUE ESPA'),
(89, 'MAGISTERIO DE EDUCACION PRIMARIA BILINGUE (MAM-ESPA'),
(90, 'MAGISTERIO DE EDUCACION PRIMARIA BILINGUE '),
(91, 'MAGISTERIO DE EDUCACION PRIMARIA BILINGUE INTERCULTURAL'),
(92, 'MAGISTERIO DE EDUCACION PRIMARIA INTERCULTURAL'),
(93, 'NORMAL ARTES PLASTICAS'),
(94, 'NORMAL DE EDUCACION FISICA'),
(95, 'NORMAL DE EDUCACION MUSICAL'),
(96, 'NORMAL DE EDUCACION PRIMARIA BILINGUE'),
(97, 'NORMAL EDUCACION PARA EL HOGAR'),
(98, 'NORMAL PREPRIMARIA'),
(99, 'NORMAL PREPRIMARIA BILINGUE'),
(100, 'NORMAL PREPRIMARIA CON ORIENTACION AMBIENTAL'),
(101, 'NORMAL PRIMARIA'),
(102, 'NORMAL PRIMARIA BILINGUE CON ORIENTACION AMBIENTAL'),
(103, 'NORMAL PRIMARIA CON ORIENTACION AMBIENTAL'),
(104, 'NORMAL PRIMARIA RURAL'),
(105, 'NORMAL PRIMARIA URBANA'),
(106, 'PERITO AGRONOMO'),
(107, 'PERITO CONT. CON ESP. EN ADMON. DE PEQUE'),
(108, 'PERITO CONTADOR'),
(109, 'PERITO CONTADOR BILINGUE (ESPA'),
(110, 'PERITO CONTADOR CON ORIENTACION ARTESANAL Y COMPUTACION'),
(111, 'PERITO CONTADOR CON ORIENTACION COMERCIAL Y TURISMO'),
(112, 'PERITO CONTADOR CON ORIENTACION EN ADMINISTRACION PORTUARIA'),
(113, 'PERITO CONTADOR CON ORIENTACION EN COMPUTACION'),
(114, 'PERITO CONTADOR CON ORIENTACION EN COMPUTACION COMERCIAL'),
(115, 'PERITO EN ADMINISTRACION BANCARIA DIPLOMADO EN COMPUTACION'),
(116, 'PERITO EN ADMINISTRACION COMERCIAL'),
(117, 'PERITO EN ADMINISTRACION DE AGROINDUSTRIA'),
(118, 'PERITO EN ADMINISTRACION DE EMPRESAS'),
(119, 'PERITO EN ADMINISTRACION DE EMPRESAS AGROPECUARIAS'),
(120, 'PERITO EN ADMINISTRACION DE EMPRESAS CON ORIENTACION EN COMP'),
(121, 'PERITO EN ADMINISTRACION PUBLICA'),
(122, 'PERITO EN ADMINISTRACION TELEGRAFICA Y POSTAL'),
(123, 'PERITO EN ADMINISTRACION TURISTICA Y HOTELERA'),
(124, 'PERITO EN ADMON. PUBLICA CON ORIENTACION EN COMPUTACION'),
(125, 'PERITO EN AGRICULTURA'),
(126, 'PERITO EN ARQUEOLOGIA'),
(127, 'PERITO EN BIENESTAR RURAL Y DESARROLLO COMUNITARIO'),
(128, 'PERITO EN CIEN DE LA COMUNI CON ESPECI EN TELE RADIO COMUNIC'),
(129, 'PERITO EN CIENCIAS AMBIENTALES'),
(130, 'PERITO EN CIENCIAS DE LA COMUNICACION'),
(131, 'PERITO EN CIENCIAS TURISTICAS'),
(132, 'PERITO EN COMPUTACION'),
(133, 'PERITO EN CONSTRUCCION Y DIBUJO DE INGENIERIA'),
(134, 'PERITO EN DEPORTES'),
(135, 'PERITO EN DIBUJO'),
(136, 'PERITO EN DIBUJO DE CONSTRUCCION'),
(137, 'PERITO EN DIBUJO TECNICO DE INGENIERIA Y ARQUITECTURA'),
(138, 'PERITO EN ECOTURISMO'),
(139, 'PERITO EN ELECTRICIDAD'),
(140, 'PERITO EN ELECTRICIDAD INDUSTRIAL'),
(141, 'PERITO EN ELECTRONICA CON ORIENTACION EN COMPUTACION'),
(142, 'PERITO EN ELECTRONICA DE COMPUTACION'),
(143, 'PERITO EN ELECTRONICA INDUSTRIAL'),
(144, 'PERITO EN ELECTRONICA Y MICROPROCESADORES'),
(145, 'PERITO EN GERENCIA ADMINISTRATIVA'),
(146, 'PERITO EN GESTION DE RECURSOS HIDRICOS'),
(147, 'PERITO EN HIGIENE DENTAL'),
(148, 'PERITO EN INDUSTRIA ALIMENTARIA'),
(149, 'PERITO EN INDUSTRIA DE LA MADERA'),
(150, 'PERITO EN LA ENSE'),
(151, 'PERITO EN MECANICA AUTOMOTRIZ'),
(152, 'PERITO EN MECANICA GENERAL (TORNOS)'),
(153, 'PERITO EN MERCADOTECNIA Y PUB. DIPLOMADO EN COMPU. COMERCIAL'),
(154, 'PERITO EN MERCADOTECNIA Y PUBLICIDAD'),
(155, 'PERITO EN OPTOMETRIA'),
(156, 'PERITO EN ORGANIZACION Y DESARROLLO SOSTENIBLE'),
(157, 'PERITO EN RECURSOS NATURALES RENOVABLES'),
(158, 'PERITO EN RELACIONES PUBLICAS EMPRESARIALES'),
(159, 'PERITO EN SISTEMAS DE PRODUCCION AGROPECUARIA'),
(160, 'PERITO EN TECNICAS DE DESARROLLO COMUNITARIO'),
(161, 'SECRET BILINGUE CON ORIENT EN IDIOMAS DIPLOMACIA Y REL INTER'),
(162, 'SECRETARIADO BILINGUE'),
(163, 'SECRETARIADO BILINGUE CON ORIENTA.TURISMO Y HOTELERIA'),
(164, 'SECRETARIADO BILINGUE CON ORIENTACION CIENTIFICA'),
(165, 'SECRETARIADO BILINGUE CON ORIENTACION EN COMPUTACION'),
(166, 'SECRETARIADO BILINGUE ORIENTACION TURISMO-AGENCIA DE VIAJES'),
(167, 'SECRETARIADO BILINGUE Y OFICINISTA'),
(168, 'SECRETARIADO COMERCIAL'),
(169, 'SECRETARIADO COMERCIAL CON ORIENTACION EN COMPUTACION'),
(170, 'SECRETARIADO COMERCIAL Y OFICINISTA'),
(171, 'SECRETARIADO COMERCIAL Y OFICINISTA TECNICO'),
(172, 'SECRETARIADO CON ORIENTACION JURIDICA'),
(173, 'SECRETARIADO EJECUTIVO'),
(174, 'SECRETARIADO EJECUTIVO BILINGUE'),
(175, 'SECRETARIADO EJECUTIVO BILINGUE CON ORIENT. EN MERC. Y PUB.'),
(176, 'SECRETARIADO EJECUTIVO BILINGUE CON ORIENTA. COMP.COMERCIAL'),
(177, 'SECRETARIADO EJECUTIVO EN ESPA'),
(178, 'SECRETARIADO OFICINISTA CON ORIENTACION EN COMPUTACION'),
(179, 'SECRETARIADO TRILINGUE CON ORIENT EN COMERCIO INTERNACIONAL'),
(180, 'SECRETARIADO Y OFICINISTA'),
(181, 'TECNICO EN DESARROLLO COMUNITARIO'),
(182, 'TECNICO EN EDUCACION ALTERNATIVA');

-- --------------------------------------------------------

--
-- Estructura de tabla para la tabla `unidad_academica`
--

CREATE TABLE IF NOT EXISTS `unidad_academica` (
  `idunidad_academica` int(11) NOT NULL AUTO_INCREMENT,
  `nombre` varchar(100) DEFAULT NULL,
  `codigo` int(10) NOT NULL,
  PRIMARY KEY (`idunidad_academica`),
  UNIQUE KEY `codigo` (`codigo`)
) ENGINE=InnoDB  DEFAULT CHARSET=utf8 AUTO_INCREMENT=49 ;

--
-- Volcado de datos para la tabla `unidad_academica`
--

INSERT INTO `unidad_academica` (`idunidad_academica`, `nombre`, `codigo`) VALUES
(1, 'INGENIERÍA', 8),
(11, 'AGRONOMÍA', 1),
(12, 'ARQUITECTURA', 2),
(13, 'CIENCIAS ECONOMICAS', 3),
(14, 'CIENCIAS JURÍDICAS', 4),
(15, 'CIENCIAS MEDICAS', 5),
(16, 'FARMACIA', 6),
(17, 'HUMANIDADES', 7),
(18, 'ODONTOLOGÍA', 9),
(19, 'VETERINARIA', 10),
(20, 'PSICOLOGÍA', 13),
(21, 'HISTORIA', 14),
(22, 'TRABAJO SOCIAL', 15),
(23, 'CC. COMUNICACIÓN', 16),
(24, 'CIENCIA POLITICA', 28),
(25, 'E.F.P.E.M', 29),
(26, 'LINGUISTICA', 30),
(27, 'ESA', 33),
(28, 'ITMES', 31),
(29, 'ITUGS', 36),
(30, 'CUNOC', 12),
(31, 'CUNOR', 17),
(32, 'CUNORI', 19),
(33, 'CUNOROC', 20),
(34, 'CUNSUR', 21),
(35, 'CUNSUROC', 22),
(36, 'CUNSURORI', 23),
(37, 'CEMA', 24),
(38, 'CUSAM', 25),
(39, 'CUDEP', 26),
(40, 'CUNIZAB', 27),
(41, 'CUNSARO', 32),
(42, 'JUSAC', 34),
(43, 'CUNDECH', 35),
(44, 'CUNBAV', 37),
(45, 'CUN PROGRESO', 38),
(46, 'CUNTOTO', 39),
(47, 'CUSACQ', 40),
(48, 'CUNZAC', 41);

-- --------------------------------------------------------

--
-- Estructura de tabla para la tabla `usuario`
--

CREATE TABLE IF NOT EXISTS `usuario` (
  `idusuario` int(10) NOT NULL AUTO_INCREMENT,
  `nombre` varchar(150) NOT NULL,
  `apellido` varchar(150) NOT NULL,
  `nick` varchar(50) NOT NULL,
  `password` varchar(100) NOT NULL,
  `telefono` varchar(50) DEFAULT NULL,
  `email` varchar(100) DEFAULT NULL,
  `estado` int(11) NOT NULL COMMENT '1-> activo, 2-> desactivado',
  `updateusuario` int(10) DEFAULT NULL,
  `createtime` timestamp NOT NULL DEFAULT CURRENT_TIMESTAMP,
  `no_personal` varchar(20) DEFAULT NULL,
  PRIMARY KEY (`idusuario`),
  UNIQUE KEY `nick` (`nick`),
  KEY `FKusuario800841` (`updateusuario`)
) ENGINE=InnoDB  DEFAULT CHARSET=utf8 AUTO_INCREMENT=16 ;

--
-- Volcado de datos para la tabla `usuario`
--

INSERT INTO `usuario` (`idusuario`, `nombre`, `apellido`, `nick`, `password`, `telefono`, `email`, `estado`, `updateusuario`, `createtime`, `no_personal`) VALUES
(1, 'admin', 'admin', 'root', 'web@root', '24328221', 'lucita287@gmail.com', 1, 1, '2012-04-22 17:12:26', ''),
(2, 'Aura Luz', 'Cifuentes', 'lucita287', 'a24328221', '24328221', 'lucita287@gmail.com', 1, 2, '2012-04-25 18:37:38', ''),
(3, 'Karla', 'Jimenez', 'karladejimenez', '220508140311', '', '', 1, 1, '2012-04-27 14:37:57', '20100087'),
(4, 'Víctor Rodolfo', 'Comparini Estrada', 'vrcomparini', 'vr17183', '', '', 1, 4, '2012-04-27 16:22:25', '17183'),
(5, 'David Emanuel Isarel', 'Velazquez Gomez', 'deportes', 'oficina23', '45760848', 'deiv_37@hotmail.com', 1, 5, '2012-05-03 16:17:03', ''),
(6, 'saul', 'rojas', 'srojas', 'limonada9', '', '', 1, 1, '2012-05-07 17:40:40', ''),
(7, 'Irma Yolanda', 'Chanax Sarmiento', 'chanaxsar1', 'juraji', '', '', 1, 1, '2012-05-07 20:03:56', ''),
(8, 'roderico', 'guerra', 'rguerra', 'rio26771z16', '', '', 1, 1, '2012-05-09 16:27:54', ''),
(9, 'Rita Maria', 'Figueroa Figueroa', 'rmff95', 'solyluna22', '', '', 1, 1, '2012-05-17 20:08:18', ''),
(10, 'Danilo', 'Morales', 'dmorales', 'consonante9', '42117722', '', 1, 1, '2012-05-24 16:54:36', ''),
(11, 'Rossy', 'Trijilio de Figueroa', 'alejandra6807', 'mafalda', '', '', 1, 1, '2012-06-14 15:17:21', '980128'),
(12, 'Prueba', 'Prueba', 'prueba', 'a123456', '', '', 1, 1, '2012-06-18 05:54:13', ''),
(13, 'helen', 'lopez', 'helen', 'helita', '', 'hel990@hotmail.com', 1, 1, '2012-06-18 15:53:54', ''),
(14, 'Betty', 'Girón', 'elizabeth', 'b28031959', '', '', 1, 1, '2012-06-20 16:06:36', ''),
(15, 'prueba', 'prueba', 'prueba2', 'a24328221', '', '', 1, 1, '2012-06-22 15:33:28', '');

-- --------------------------------------------------------

--
-- Estructura de tabla para la tabla `usuario_permisos`
--

CREATE TABLE IF NOT EXISTS `usuario_permisos` (
  `usuarioidusuario` int(10) NOT NULL,
  `permisosidpermiso` int(10) NOT NULL,
  PRIMARY KEY (`usuarioidusuario`,`permisosidpermiso`),
  KEY `FKusuario_pe657117` (`usuarioidusuario`),
  KEY `FKusuario_pe639680` (`permisosidpermiso`)
) ENGINE=InnoDB DEFAULT CHARSET=utf8;

--
-- Volcado de datos para la tabla `usuario_permisos`
--

INSERT INTO `usuario_permisos` (`usuarioidusuario`, `permisosidpermiso`) VALUES
(2, 221),
(2, 222),
(2, 223),
(2, 224),
(2, 225),
(2, 226),
(2, 227),
(2, 228),
(2, 229),
(2, 230),
(2, 231),
(2, 232),
(3, 221),
(3, 222),
(3, 223),
(3, 224),
(3, 225),
(3, 226),
(3, 227),
(3, 228),
(3, 229),
(3, 230),
(3, 231),
(3, 232),
(3, 260),
(4, 221),
(4, 222),
(4, 223),
(4, 224),
(4, 225),
(4, 226),
(4, 227),
(4, 228),
(4, 229),
(4, 230),
(4, 231),
(4, 232),
(5, 221),
(5, 222),
(5, 223),
(5, 224),
(5, 225),
(5, 226),
(5, 227),
(5, 228),
(5, 229),
(5, 230),
(5, 231),
(5, 232),
(6, 221),
(6, 222),
(6, 223),
(6, 224),
(6, 225),
(6, 226),
(6, 227),
(6, 228),
(6, 229),
(6, 230),
(6, 231),
(6, 232),
(6, 260),
(7, 221),
(7, 222),
(7, 223),
(7, 224),
(7, 225),
(7, 226),
(7, 227),
(7, 228),
(7, 229),
(7, 230),
(7, 231),
(7, 232),
(7, 253),
(8, 221),
(8, 222),
(8, 223),
(8, 224),
(8, 225),
(8, 226),
(8, 227),
(8, 228),
(8, 229),
(8, 230),
(8, 231),
(8, 232),
(9, 221),
(9, 222),
(9, 223),
(9, 224),
(9, 225),
(9, 226),
(9, 227),
(9, 228),
(9, 229),
(9, 230),
(9, 231),
(9, 232),
(10, 221),
(10, 222),
(10, 223),
(10, 224),
(10, 225),
(10, 226),
(10, 227),
(10, 228),
(10, 229),
(10, 230),
(10, 231),
(10, 232),
(11, 253),
(12, 221),
(12, 222),
(12, 223),
(12, 224),
(12, 225),
(12, 226),
(12, 227),
(12, 228),
(12, 229),
(12, 230),
(12, 231),
(12, 232),
(12, 260),
(13, 221),
(13, 222),
(13, 223),
(13, 224),
(13, 225),
(13, 226),
(13, 227),
(13, 228),
(13, 229),
(13, 230),
(13, 231),
(13, 232),
(13, 253),
(13, 260),
(14, 253),
(15, 221),
(15, 222),
(15, 223),
(15, 224),
(15, 225),
(15, 226),
(15, 227),
(15, 228),
(15, 229),
(15, 230),
(15, 231),
(15, 232);

-- --------------------------------------------------------

--
-- Estructura de tabla para la tabla `usuario_webservice`
--

CREATE TABLE IF NOT EXISTS `usuario_webservice` (
  `idusuario_webservice` int(10) NOT NULL AUTO_INCREMENT,
  `password` varchar(100) NOT NULL,
  `usuario` varchar(50) NOT NULL,
  PRIMARY KEY (`idusuario_webservice`),
  UNIQUE KEY `usuario_UNIQUE` (`usuario`)
) ENGINE=InnoDB  DEFAULT CHARSET=utf8 AUTO_INCREMENT=3 ;

--
-- Volcado de datos para la tabla `usuario_webservice`
--

INSERT INTO `usuario_webservice` (`idusuario_webservice`, `password`, `usuario`) VALUES
(2, '105e692f091a930a02bd94d2371e2ed0', 'apps@lud');

--
-- Restricciones para tablas volcadas
--

--
-- Filtros para la tabla `actividad`
--
ALTER TABLE `actividad`
  ADD CONSTRAINT `FKactividad401066` FOREIGN KEY (`edificioidedificio`) REFERENCES `edificio` (`idedificio`),
  ADD CONSTRAINT `FKactividad858803` FOREIGN KEY (`areaidarea`) REFERENCES `area` (`idarea`);

--
-- Filtros para la tabla `ambiente_familiar`
--
ALTER TABLE `ambiente_familiar`
  ADD CONSTRAINT `FKambiente_f549692` FOREIGN KEY (`idpaciente`) REFERENCES `paciente` (`idpaciente`);

--
-- Filtros para la tabla `area`
--
ALTER TABLE `area`
  ADD CONSTRAINT `FKarea245370` FOREIGN KEY (`areaidarea`) REFERENCES `area` (`idarea`),
  ADD CONSTRAINT `FKarea432514` FOREIGN KEY (`multimediaidmultimedia`) REFERENCES `multimedia` (`idmultimedia`);

--
-- Filtros para la tabla `area_usuario`
--
ALTER TABLE `area_usuario`
  ADD CONSTRAINT `FKarea_usuar302492` FOREIGN KEY (`areaidarea`) REFERENCES `area` (`idarea`),
  ADD CONSTRAINT `FKarea_usuar665501` FOREIGN KEY (`usuarioidusuario`) REFERENCES `usuario` (`idusuario`);

--
-- Filtros para la tabla `categoria`
--
ALTER TABLE `categoria`
  ADD CONSTRAINT `FKcategoria500537` FOREIGN KEY (`idmenu_categoria`) REFERENCES `menu_categoria` (`idmenu_categoria`);

--
-- Filtros para la tabla `categoria_interpretacion`
--
ALTER TABLE `categoria_interpretacion`
  ADD CONSTRAINT `FKcategoria_569059` FOREIGN KEY (`idcategoria`) REFERENCES `categoria` (`idcategoria`);

--
-- Filtros para la tabla `cita_paciente`
--
ALTER TABLE `cita_paciente`
  ADD CONSTRAINT `FKcita_pacie474199` FOREIGN KEY (`idcita`) REFERENCES `cita` (`idcita`),
  ADD CONSTRAINT `FKcita_pacie93322` FOREIGN KEY (`idpaciente`) REFERENCES `paciente` (`idpaciente`);

--
-- Filtros para la tabla `condicion`
--
ALTER TABLE `condicion`
  ADD CONSTRAINT `FKcondicion335334` FOREIGN KEY (`idencabezado_condicion`) REFERENCES `encabezado_condicion` (`idencabezado_condicion`) ON DELETE CASCADE,
  ADD CONSTRAINT `FKcondicion827801` FOREIGN KEY (`idpregunta1`) REFERENCES `pregunta` (`idpregunta`) ON DELETE CASCADE,
  ADD CONSTRAINT `FKcondicion860850` FOREIGN KEY (`condicion2`) REFERENCES `condicion` (`idcondicion`) ON DELETE CASCADE,
  ADD CONSTRAINT `FKcondicion860851` FOREIGN KEY (`condicion1`) REFERENCES `condicion` (`idcondicion`) ON DELETE CASCADE;

--
-- Filtros para la tabla `contenido`
--
ALTER TABLE `contenido`
  ADD CONSTRAINT `FKcontenido303639` FOREIGN KEY (`menuidmenu`) REFERENCES `menu` (`idmenu`),
  ADD CONSTRAINT `FKcontenido417686` FOREIGN KEY (`multimediaidmultimedia`) REFERENCES `multimedia` (`idmultimedia`);

--
-- Filtros para la tabla `detalleactividad`
--
ALTER TABLE `detalleactividad`
  ADD CONSTRAINT `FKdetalleact662754` FOREIGN KEY (`actividadidactividad`) REFERENCES `actividad` (`idactividad`);

--
-- Filtros para la tabla `encabezado`
--
ALTER TABLE `encabezado`
  ADD CONSTRAINT `FKencabezado219439` FOREIGN KEY (`multimediaidmultimedia`) REFERENCES `multimedia` (`idmultimedia`),
  ADD CONSTRAINT `FKencabezado458445` FOREIGN KEY (`areaidarea`) REFERENCES `area` (`idarea`);

--
-- Filtros para la tabla `grupo_familiar`
--
ALTER TABLE `grupo_familiar`
  ADD CONSTRAINT `FKgrupo_fami391739` FOREIGN KEY (`idparentesco`) REFERENCES `parentesco` (`idparentesco`),
  ADD CONSTRAINT `FKgrupo_fami983612` FOREIGN KEY (`idpaciente`) REFERENCES `paciente` (`idpaciente`);

--
-- Filtros para la tabla `grupo_titulo_respuesta`
--
ALTER TABLE `grupo_titulo_respuesta`
  ADD CONSTRAINT `FKgrupo_titu883601` FOREIGN KEY (`idtitulo_respuesta`) REFERENCES `titulo_respuesta` (`idtitulo_respuesta`);

--
-- Filtros para la tabla `menu`
--
ALTER TABLE `menu`
  ADD CONSTRAINT `FKmenu590668` FOREIGN KEY (`areaidarea`) REFERENCES `area` (`idarea`),
  ADD CONSTRAINT `FKmenu855382` FOREIGN KEY (`idmenu_rec`) REFERENCES `menu` (`idmenu`);

--
-- Filtros para la tabla `menu_categoria`
--
ALTER TABLE `menu_categoria`
  ADD CONSTRAINT `FKmenu_categ91506` FOREIGN KEY (`idarea_examen`) REFERENCES `area_examen` (`idarea_examen`);

--
-- Filtros para la tabla `multimedia`
--
ALTER TABLE `multimedia`
  ADD CONSTRAINT `FKmultimedia696932` FOREIGN KEY (`usuarioidusuario`) REFERENCES `usuario` (`idusuario`);

--
-- Filtros para la tabla `noticia`
--
ALTER TABLE `noticia`
  ADD CONSTRAINT `FKnoticia378758` FOREIGN KEY (`areaidarea`) REFERENCES `area` (`idarea`),
  ADD CONSTRAINT `FKnoticia744912` FOREIGN KEY (`multimediaidmultimedia_pdf`) REFERENCES `multimedia` (`idmultimedia`),
  ADD CONSTRAINT `FKnoticia914947` FOREIGN KEY (`multimediaidmultimedia`) REFERENCES `multimedia` (`idmultimedia`);

--
-- Filtros para la tabla `paciente`
--
ALTER TABLE `paciente`
  ADD CONSTRAINT `FKpaciente283056` FOREIGN KEY (`idunidad_academica`) REFERENCES `unidad_academica` (`idunidad_academica`),
  ADD CONSTRAINT `FKpaciente497631` FOREIGN KEY (`tipo_sangreidtipo_sangre`) REFERENCES `tipo_sangre` (`idtipo_sangre`),
  ADD CONSTRAINT `FKpaciente544904` FOREIGN KEY (`estado_civilidestado_civil`) REFERENCES `estado_civil` (`idestado_civil`),
  ADD CONSTRAINT `FKpaciente761424` FOREIGN KEY (`idemer_parentesco`) REFERENCES `parentesco` (`idparentesco`);

--
-- Filtros para la tabla `permiso`
--
ALTER TABLE `permiso`
  ADD CONSTRAINT `FKpermiso30573` FOREIGN KEY (`idcategoria_permiso`) REFERENCES `categoria_permiso` (`idcategoria_permiso`);

--
-- Filtros para la tabla `pregunta`
--
ALTER TABLE `pregunta`
  ADD CONSTRAINT `FKpregunta179647` FOREIGN KEY (`idtipo_pregunta`) REFERENCES `tipo_pregunta` (`idtipo_pregunta`),
  ADD CONSTRAINT `FKpregunta916024` FOREIGN KEY (`categoriaidcategoria`) REFERENCES `categoria` (`idcategoria`);

--
-- Filtros para la tabla `pregunta_paciente`
--
ALTER TABLE `pregunta_paciente`
  ADD CONSTRAINT `FKpregunta_p675932` FOREIGN KEY (`idpaciente`) REFERENCES `paciente` (`idpaciente`),
  ADD CONSTRAINT `pregunta_paciente_ibfk_1` FOREIGN KEY (`idpregunta`) REFERENCES `pregunta` (`idpregunta`) ON DELETE CASCADE;

--
-- Filtros para la tabla `pregunta_paciente_titulo_respuesta`
--
ALTER TABLE `pregunta_paciente_titulo_respuesta`
  ADD CONSTRAINT `FKpregunta_p414649` FOREIGN KEY (`idtitulo_respuesta`) REFERENCES `titulo_respuesta` (`idtitulo_respuesta`),
  ADD CONSTRAINT `pregunta_paciente_titulo_respuesta_ibfk_1` FOREIGN KEY (`idpregunta`, `idpaciente`) REFERENCES `pregunta_paciente` (`idpregunta`, `idpaciente`) ON DELETE CASCADE;

--
-- Filtros para la tabla `pregunta_titulo_respuesta`
--
ALTER TABLE `pregunta_titulo_respuesta`
  ADD CONSTRAINT `FKpregunta_t278188` FOREIGN KEY (`idtitulo_respuesta`) REFERENCES `titulo_respuesta` (`idtitulo_respuesta`),
  ADD CONSTRAINT `pregunta_titulo_respuesta_ibfk_1` FOREIGN KEY (`idpregunta`) REFERENCES `pregunta` (`idpregunta`) ON DELETE CASCADE;

--
-- Filtros para la tabla `responsable`
--
ALTER TABLE `responsable`
  ADD CONSTRAINT `FKresponsabl680991` FOREIGN KEY (`areaidarea`) REFERENCES `area` (`idarea`),
  ADD CONSTRAINT `FKresponsabl927589` FOREIGN KEY (`usuarioidusuario`) REFERENCES `usuario` (`idusuario`);

--
-- Filtros para la tabla `responsable_actividad`
--
ALTER TABLE `responsable_actividad`
  ADD CONSTRAINT `FKresponsabl144858` FOREIGN KEY (`actividadidactividad`) REFERENCES `actividad` (`idactividad`),
  ADD CONSTRAINT `FKresponsabl971119` FOREIGN KEY (`responsableidresponsable`) REFERENCES `responsable` (`idresponsable`);

--
-- Filtros para la tabla `resultado_condicion`
--
ALTER TABLE `resultado_condicion`
  ADD CONSTRAINT `FKresultado_447375` FOREIGN KEY (`idresultado_examen`) REFERENCES `resultado_examen` (`idresultado_examen`),
  ADD CONSTRAINT `FKresultado_493241` FOREIGN KEY (`idencabezado_condicion`) REFERENCES `encabezado_condicion` (`idencabezado_condicion`) ON DELETE CASCADE;

--
-- Filtros para la tabla `resultado_examen`
--
ALTER TABLE `resultado_examen`
  ADD CONSTRAINT `FKresultado_488218` FOREIGN KEY (`idtipo_interpretacion`) REFERENCES `tipo_interpretacion` (`idtipo_interpretacion`);

--
-- Filtros para la tabla `tipo_pregunta`
--
ALTER TABLE `tipo_pregunta`
  ADD CONSTRAINT `FKtipo_pregu253906` FOREIGN KEY (`idgrupo`) REFERENCES `grupo` (`idgrupo`);

--
-- Filtros para la tabla `usuario`
--
ALTER TABLE `usuario`
  ADD CONSTRAINT `FKusuario800841` FOREIGN KEY (`updateusuario`) REFERENCES `usuario` (`idusuario`);

--
-- Filtros para la tabla `usuario_permisos`
--
ALTER TABLE `usuario_permisos`
  ADD CONSTRAINT `FKusuario_pe639680` FOREIGN KEY (`permisosidpermiso`) REFERENCES `permiso` (`idpermiso`),
  ADD CONSTRAINT `FKusuario_pe657117` FOREIGN KEY (`usuarioidusuario`) REFERENCES `usuario` (`idusuario`);

/*!40101 SET CHARACTER_SET_CLIENT=@OLD_CHARACTER_SET_CLIENT */;
/*!40101 SET CHARACTER_SET_RESULTS=@OLD_CHARACTER_SET_RESULTS */;
/*!40101 SET COLLATION_CONNECTION=@OLD_COLLATION_CONNECTION */;
